ID,英文名,中文名,类型,尺寸,初始等级,可用等级,英雄,标签,效果类型(HiddenTags),冷却(s),冷却(各级),伤害,伤害(各级),治疗,治疗(各级),护盾,护盾(各级),弹药,弹药(各级),暴击,暴击(各级),多重,多重(各级),灼烧,灼烧(各级),剧毒,剧毒(各级),再生,再生(各级),吸血,吸血(各级),购买价格,购买价格(各级),出售价格,出售价格(各级),技能(主动+被动),任务(目标|奖励),Golden(黄金),Heavy(沉重),Icy(寒冰),Turbo(疾速),Shielded(护盾),Restorative(回复),Toxic(毒素),Fiery(炽焰),Shiny(闪亮),Deadly(致命),Radiant(辉耀),Obsidian(黑曜石)
0022c409-c839-41e8-8022-65a407457dfe,Eagle Talisman,鹰之护符,Item / 物品,Small / 小型,Silver / 白银,Silver/Gold/Diamond,Common / 通用,Loot / 战利品,Crit / 暴击,0.0,,0,,0,,0,,0,,0,,0,,0,,0,,0,,0,,0,0,0,0,[被动] 出售此物品时，己方最左侧的物品永久获得5/10/20%暴击率,null,此物品的价值翻倍,出售此物品时，己方最左侧的减速物品获得200减速持续时间,出售此物品时，己方最左侧的冻结物品获得100冻结持续时间,出售此物品时，己方最左侧的加速物品获得200加速持续时间,出售此物品时，最左侧的护盾物品+10,出售此物品时，最左侧的治疗物品+10,出售此物品时，己方最左侧的剧毒物品获得1,出售此物品时，己方最左侧的灼烧物品获得1,,此物品的暴击率加成翻倍,,出售此物品时，己方最左侧的武器获得10
004cb876-1ed2-4a4b-88d4-475cea76a03d,Airplane Glue,航空胶水,Item / 物品,Small / 小型,Bronze / 青铜,Bronze/Silver/Gold/Diamond,Stelle / 斯黛尔,Tool / 工具,Flying / 飞行 | DamageRef / 伤害引用 | ShieldRef / 护盾引用,5.0,5,0,,0,,0,,0,,0,,1,1,0,,0,,0,,0,,0,0,0,0,"[主动] 相邻物品停止飞行
[被动] 当己方一件物品停止飞行时，该物品获得10/20/30/40和10/20/30/40",null,此物品的价值翻倍,减速一件物品2秒,冻结一件物品0.5秒,加速一件物品2秒,获得40护盾,治疗40生命值,造成4剧毒,造成4灼烧,此物品的伤害和护盾加成翻倍,你的物品停止飞行时，己方物品+10暴击率,此物品免疫冻结、减速和摧毁,造成40伤害
00e3a7ff-af5e-47ce-a2c0-2d4ec31ac7d7,Narwhal,独角鲸,Item / 物品,Small / 小型,Bronze / 青铜,Bronze/Silver/Gold/Diamond,Vanessa / 瓦内莎,Aquatic / 水系 | Weapon / 武器 | Friend / 伙伴,Damage / 伤害,3.0,3,5,5/10/20/40,0,,0,,0,,0,,1,1,0,,0,,0,,0,,0,0,0,0,[主动] 造成5/10/20/40伤害,null,此物品的价值翻倍,减速一件物品1秒,冻结一件物品0.5秒,加速一件物品1秒,获得护盾，等量于此物品伤害量,获得治疗，等量于此物品伤害,造成剧毒，等量于此物品伤害的10%,造成灼烧，等量于此物品伤害的10%,此物品+1多重释放,此物品+50%暴击率,此物品免疫冻结、减速和摧毁,此物品的伤害翻倍
012658f4-b289-4f10-917c-a9a1f3f9ca03,Ice Cream Truck,冰淇淋车,Item / 物品,Large / 大型,Silver / 白银,Silver/Gold/Diamond,Pygmalien / 皮格马利翁,Vehicle / 载具 | Food / 食物 | Property / 地产,Freeze / 冻结,9.0,9/8/7,0,,0,,0,,0,,0,,1,1,0,,0,,0,,0,,0,0,0,0,"[主动] 冻结2件物品1秒
[被动] 当你使用另一件物品时，充能此物品1秒",null,此物品的价值翻倍,减速2件物品1秒,此物品的冻结持续时间翻倍,加速2件物品1秒,获得40护盾,治疗40生命值,造成4剧毒,造成9灼烧,此物品+1多重释放,己方非武器物品+50%暴击率,此物品免疫冻结、减速和摧毁,造成40伤害
014d9c98-e823-443c-98a3-6367ab81c956,Trained Spider,驯化蜘蛛,Item / 物品,Small / 小型,Bronze / 青铜,Bronze/Silver/Gold/Diamond,Common / 通用,Friend / 伙伴,Poison / 剧毒 | PoisonRef / 剧毒引用,6.0,6,0,,0,,0,,0,,0,,1,1,0,,1,1/2/3/4,0,,0,,0,0,0,0,"[主动] 造成1/2/3/4剧毒
[被动] 出售此物品时，己方最左侧的剧毒物品永久获得1/2/3/4",null,此物品的价值翻倍,减速一件物品3秒,冻结一件物品0.5秒,加速一件物品3秒,获得护盾，等量于此物品剧毒的5倍,获得治疗，等量于此物品剧毒的5倍,此物品的剧毒翻倍,造成灼烧，等量于此物品的剧毒,此物品+1多重释放,此物品+50%暴击率,此物品免疫冻结、减速和摧毁,造成伤害，等量于此物品剧毒的5倍
01f6e150-ba23-429c-a43b-2508f63fc798,Myrrh,没药,Item / 物品,Small / 小型,Bronze / 青铜,Bronze/Silver/Gold/Diamond,Mak / 马克,Reagent / 试剂,Regen / 再生,6.0,6,0,,0,,0,,0,,0,,1,1,0,,0,,1,1/3/5/7,0,,0,0,0,0,"[主动] 生命再生量提高1/3/5/7
[被动] 此物品转化时，为其赋予回复附魔（如适用）",null,此物品的价值翻倍,减速一件物品3秒,冻结一件物品0.5秒,加速一件物品3秒,获得护盾，等量于此物品生命再生量的5倍,获得治疗，等量于此物品生命再生量的5倍,造成剧毒，等量于此物品生命再生量,造成灼烧，等量于此物品的生命再生量,此物品+1多重释放,此物品+50%暴击率,此物品免疫冻结、减速和摧毁,造成伤害，等量于此物品生命再生的5倍
020a0ec0-21e6-41af-899f-063573ba9ca5,Virus,病毒,Item / 物品,Small / 小型,Silver / 白银,Silver/Gold/Diamond,Common / 通用,Tech / 科技,Poison / 剧毒,8.0,8/6/5,0,,0,,0,,0,,0,,0,,0,,0,0,0,,0,,0,0,0,0,"[主动] 布阵区上每有一个病毒，就对自己造成2/4/6剧毒
[主动] 将每位玩家布阵区上另一件非传奇小型物品转化为病毒",null,此物品的价值翻倍,减速1件己方物品4秒,冻结一件己方物品1秒,加速一位敌人的物品4秒,对一位敌人施加护盾，等量于此物品剧毒的5倍,对一位敌人施加治疗，等量于此物品剧毒的5倍,此物品的剧毒翻倍,对自己造成灼烧，等量于此物品的剧毒,此物品+1多重释放,此物品+50%暴击率,此物品免疫冻结、减速和摧毁,对自己造成伤害，等量于此物品剧毒的5倍
0229faa7-2eec-4746-9134-ade4f3aebe45,Gamma Ray,伽马射线,Item / 物品,Small / 小型,Silver / 白银,Silver/Gold/Diamond,Dooley / 杜利,Ray / 射线 | Tech / 科技,Poison / 剧毒 | PoisonRef / 剧毒引用,6.0,6,0,,0,,0,,0,,0,,1,1,0,,4,4/6/8,0,,0,,0,0,0,0,"[主动] 造成4/6/8剧毒
[被动] 当你使用核心或射线时，此物品和相邻物品获得2/3/4",null,此物品的价值翻倍,减速一件物品3秒,冻结一件物品0.5秒,加速一件物品3秒,获得护盾，等量于此物品剧毒的5倍,获得治疗，等量于此物品剧毒的5倍,此物品的剧毒获取翻倍,造成灼烧，等量于此物品的剧毒,此物品+1多重释放,己方射线+25%暴击率,此物品免疫冻结、减速和摧毁,造成伤害，等量于此物品剧毒的5倍
027ef534-d047-4e18-8496-d9fd4773e15d,Dishwasher,洗碗机,Item / 物品,Large / 大型,Gold / 黄金,Gold/Diamond,Jules / 朱尔斯,Tool / 工具,Haste / 加速 | HeatedReference,7.0,7,0,,0,,0,,0,,0,,1,1,0,,0,,0,,0,,0,0,0,0,"[主动] 使己方其他工具和武器进入高温状态3秒
[主动] 加速己方其他工具和武器3秒
[被动] 己方高温物品+50/100%伤害",null,此物品的价值翻倍,当你使用高温物品时，减速一件物品1秒,当你使用高温物品时，冻结一件物品0.5秒,此物品的加速持续时间翻倍,当你使用高温物品时，获得30护盾,当你使用高温物品时，获得30治疗,当你使用高温物品时，造成3剧毒,当你使用高温物品时，造成3灼烧,己方武器和工具+1多重释放,己方高温物品+50%暴击率,己方高温物品被冻结和减速的时间减半,当你使用高温物品时，造成30伤害
02859d88-e334-45a9-8483-597d744cb7c7,Warding Glyphs,守护符文,Item / 物品,Small / 小型,Bronze / 青铜,Bronze/Silver/Gold/Diamond,Karnok,Relic / 遗物 | Apparel / 服饰,ShieldRef / 护盾引用 | HealRef / 治疗引用 | RageReference | Crit / 暴击,0.0,,0,,0,,0,,0,,0,,0,,0,,0,,0,,0,,0,0,0,0,[被动] 当你进入暴怒状态时，己方治疗和护盾物品+20/30/40/50%暴击率,null,此物品的价值翻倍,当你进入暴怒状态时，减速一件物品4秒,当你进入暴怒状态时，冻结一件物品2秒,当你进入暴怒状态时，加速一件物品4秒,当你进入暴怒状态时，获得100护盾,当你进入暴怒状态时，治疗100,当你进入暴怒状态时，造成10剧毒,当你进入暴怒状态时，造成10灼烧,此物品的暴击率加成翻倍,此物品的暴击率加成翻倍,相邻物品受冻结和减速影响的时间减半,当你进入暴怒状态时，造成100伤害
028d89ac-b4c4-4d3c-ba31-71b57aa33bed,Potion Distillery,药水蒸馏厂,Item / 物品,Large / 大型,Silver / 白银,Silver/Gold/Diamond,Mak / 马克,Tool / 工具 | Property / 地产,AmmoRef / 弹药引用 | PotionRef / 药水引用 | Cooldown / 冷却,0.0,,0,,0,,0,,0,,0,,0,,0,,0,,0,,0,,0,0,0,0,"[被动] 己方药水+1/2/3弹药
[被动] 己方药水的冷却时间缩短10/15/20%
[被动] 当你拜访商人时，将左侧相邻的小型物品转化为一件药水",null,……并为该物品赋予黄金附魔（如适用）,……并为该物品赋予沉重附魔（如适用）,……并为该物品赋予寒冰附魔（如适用）,……并为该物品赋予疾速附魔（如适用）,……并为该物品赋予护盾附魔（如适用）,……并为该物品赋予回复附魔（如适用）,……并为该物品赋予剧毒附魔（如适用）,……并为该物品赋予炽焰附魔（如适用）,……并为该物品赋予闪亮附魔（如适用）,……并为该物品赋予致命附魔（如适用）,……并为该物品赋予辉耀附魔（如适用）,……并为该物品赋予黑曜石附魔（如适用）
02d7a406-a6eb-4b46-8975-1f69b0fde428,Security Blanket,安心毯,Item / 物品,Small / 小型,Bronze / 青铜,Bronze/Silver/Gold/Diamond,Karnok,Apparel / 服饰,Heal / 治疗 | Shield / 护盾 | Rage | SlowRef / 减速引用 | FreezeRef / 冻结引用,7.0,7/6/5/4,0,,25,25,25,25,0,,0,,1,1,0,,0,,0,,0,,0,0,0,0,"[主动] 治疗25生命值
[主动] 获得25护盾
[被动] 此物品被减速、冻结或摧毁时，获得怒火",null,此物品的价值翻倍,减速一件物品2秒,冻结一件物品0.5秒,加速一件物品2秒,此物品的护盾翻倍,此物品的治疗翻倍,造成剧毒，等量于此物品治疗量的10%,造成灼烧，等量于此物品治疗量的10%,此物品+1多重释放,此物品+50%暴击率,相邻物品受冻结和减速影响的时间减半,造成伤害，等量于此物品治疗量
02f42044-50df-4c3a-abbd-942903953b79,VIP Pass,VIP 通行证,Item / 物品,Small / 小型,Silver / 白银,Silver/Gold/Diamond,Pygmalien / 皮格马利翁,,Haste / 加速 | Value / 价值 | EconomyRef / 经济引用,5.0,5,0,,0,,0,,0,,0,,1,1,0,,0,,0,,0,,0,0,0,0,"[主动] 加速相邻地产2秒
[被动] 使用相邻地产时，该地产价值提升4/6/8",null,此物品的价值获取值翻倍,减速一件物品2秒,冻结一件物品0.5秒,此物品的加速持续时间翻倍,获得80护盾,治疗80生命值,造成8剧毒,造成8灼烧,此物品+1多重释放,相邻地产+15%暴击率,此物品免疫冻结、减速和摧毁,造成80伤害
02fa39ce-6cc0-4ad2-bd35-5c70a47354d6,Suppressor,消音器,Item / 物品,Small / 小型,Silver / 白银,Silver/Gold/Diamond,Vanessa / 瓦内莎,Tech / 科技,DamageRef / 伤害引用 | Cooldown / 冷却,0.0,,0,,0,,0,,0,,0,,0,,0,,0,,0,,0,,0,0,0,0,"[被动] 左侧相邻的物品+25/50/75
[被动] 如果己方场上只有一件武器，其冷却时间缩短5/10/15%",null,此物品的价值翻倍,当你使用左侧相邻的武器时，减速一件物品1秒,当你使用左侧相邻的武器时，冻结一件物品0.5秒,当你使用左侧相邻的武器时，加速该武器1秒,当你使用左侧相邻的武器时，获得10护盾,当你使用左侧相邻的武器时，获得10治疗,当你使用左侧相邻的武器时，造成1剧毒,当你使用左侧相邻的武器时，造成1灼烧,此物品的额外伤害翻倍，冷却缩短效果翻倍,左侧相邻的武器+30%暴击率,左侧相邻的武器所受冻结和减速持续时间减半,此物品的伤害加成翻倍
035fb538-1939-49de-8219-b6557962f054,Hunter's Sled,猎人雪橇,Item / 物品,Medium / 中型,Silver / 白银,Silver/Gold/Diamond,Karnok,Vehicle / 载具,Haste / 加速,9.0,9/8/7,0,,0,,0,,0,,0,,1,1,0,,0,,0,,0,,0,0,0,0,"[主动] 加速一件物品1秒
[被动] 此物品每拥有一种类型，就+1多重释放
[被动] 此物品拥有己方物品的类型",null,此物品的价值翻倍,减速一件物品1秒,冻结一件物品0.5秒,此物品的加速持续时间翻倍,获得20护盾,治疗20生命值,造成2剧毒,造成2灼烧,此物品+1多重释放,己方物品+25%暴击率,此物品免疫冻结、减速和摧毁,造成20伤害
03836263-2d57-4618-9e0e-550d9cffdf7d,Unused Card,,Item / 物品,Medium / 中型,Bronze / 青铜,Bronze/Silver/Gold/Diamond,Pygmalien / 皮格马利翁,Friend / 伙伴,Damage / 伤害,7.0,7,10,10,0,,0,,0,,0,,2,2,0,,0,,0,,0,,0,0,0,0,"[主动] 造成10伤害
[主动] 己方物品+5/10/15/20",null,此物品的价值翻倍,减速2件物品1秒,冻结一件物品1秒,加速2件物品1秒,获得护盾，等量于此物品伤害量,获得治疗，等量于此物品伤害,造成剧毒，等量于此物品伤害的10%,造成灼烧，等量于此物品伤害的10%,此物品+1多重释放,此物品+50%暴击率,此物品免疫冻结、减速和摧毁,此物品的伤害翻倍
03842226-6605-466f-9ea3-a8a2dbea67e1,Atlas,,Item / 物品,Medium / 中型,Silver / 白银,Silver/Gold/Diamond,Stelle / 斯黛尔,,Haste / 加速,9.0,9,0,,0,,0,,0,,0,,1,1,0,,0,,0,,0,,0,0,0,0,"[主动] 加速左侧相邻物品2/3/4秒
[被动] If this item to the left is Diamond, this has +1 Multicast",null,,,,,,,,,,,,
03b1fd16-6b0d-4847-a76f-6c586f7c5958,Kukri,廓尔喀刀,Item / 物品,Small / 小型,Bronze / 青铜,Bronze/Silver/Gold/Diamond,Pygmalien / 皮格马利翁,Weapon / 武器,Damage / 伤害 | Heal / 治疗,4.0,4,10,10/20/40/80,10,10/20/40/80,0,,0,,0,,1,1,0,,0,,0,,0,,0,0,0,0,"[主动] 造成10/20/40/80伤害
[主动] 治疗10/20/40/80生命值",null,此物品的价值翻倍,减速一件物品2秒,冻结一件物品0.5秒,加速一件物品2秒,获得护盾，等量于此物品伤害量,此物品的治疗翻倍,造成剧毒，等量于此物品伤害的10%,造成灼烧，等量于此物品伤害的10%,此物品+1多重释放,此物品+50%暴击率,此物品免疫冻结、减速和摧毁,此物品的伤害翻倍
03e4c71d-5317-4c35-a0fb-5348356edc03,Powder Horn,火药角,Item / 物品,Small / 小型,Bronze / 青铜,Bronze/Silver/Gold/Diamond,Vanessa / 瓦内莎,Tool / 工具,AmmoRef / 弹药引用,4.0,4,0,,0,,0,,0,,0,,1,1,0,,0,,0,,0,,0,0,0,0,[主动] 装填此物品右侧相邻的物品1/2/3/4弹药。,null,此物品的价值翻倍,使用右侧的弹药物品时，减速一件物品2秒,使用右侧的弹药物品时，冻结一件物品0.5秒,使用右侧的弹药物品时，加速一件物品2秒,使用此物品右侧相邻的弹药物品时，获得10护盾。,使用此物品右侧相邻的弹药物品时，获得10治疗。,使用此物品右侧相邻的弹药物品时，造成1剧毒。,使用此物品右侧相邻的弹药物品时，造成1灼烧。,右侧的弹药物品+1多重释放,此物品右侧相邻的弹药物品+25%暴击率。,此物品免疫冻结、减速和摧毁,使用此物品右侧相邻的弹药物品时，造成10伤害。
03f90f0b-088f-453d-bbf7-ebb5e777afe2,Abducted Cow,被绑架的牛,Item / 物品,Medium / 中型,Silver / 白银,Silver/Gold/Diamond,Common / 通用,Friend / 伙伴,Flying / 飞行 | FlyingRef / 飞行引用 | Charge / 充能,3.0,3,0,,0,,0,,0,,0,,1,1,0,,0,,0,,0,,0,0,0,0,"[主动] 此物品开始飞行
[主动] 如果此物品正在飞行，另一件物品开始飞行
[被动] 当此物品被摧毁时，充能己方物品3/4/5秒并将此物品转化为2件肉干",null,此物品的价值翻倍,此物品被摧毁时，减速所有物品2秒,此物品被摧毁时，冻结所有物品1秒,此物品被摧毁时，加速所有物品2秒,此物品被摧毁时，获得200护盾,此物品被摧毁时，治疗200,此物品被摧毁时，造成20剧毒,此物品被摧毁时，造成20灼烧,此物品的充能量翻倍,此物品被摧毁时，己方物品+50%暴击率,此物品免疫冻结和减速,造成200伤害
0485c154-ad8a-4a64-bc70-5a6a833d4af9,Poison Blades,,Item / 物品,Small / 小型,Bronze / 青铜,Bronze/Silver/Gold/Diamond,Common / 通用,,Poison / 剧毒 | Damage / 伤害,5.0,5,4,4,0,,0,,0,,0,,1,1,0,,2,2,0,,0,,0,0,0,0,"[主动] None
[主动] None",null,,,,,,,,,,,,
04a994d3-9aeb-4dde-8243-e954b55ada63,Trapping Pit,陷坑,Item / 物品,Medium / 中型,Gold / 黄金,Gold/Diamond,Karnok,Property / 地产 | Weapon / 武器 | Trap,Damage / 伤害 | Ammo / 弹药,0.0,,400,400/800,0,,0,,0,,0,,0,,0,,0,,0,,0,,0,0,0,0,[被动] 每场战斗中敌人首次使用与此物品同级或更低级的物品时，摧毁该物品并造成400/800伤害,null,此物品的价值翻倍,每场战斗中敌人首次使用与此物品同级或更低级的物品时，减速其物品2秒,每场战斗中敌人首次使用与此物品同级或更低级的物品时，冻结其物品1秒,每场战斗中敌人首次使用与此物品同级或更低级的物品时，加速己方物品2秒,每场战斗中敌人首次使用与此物品同级或更低级的物品时，获得护盾，等量于此物品伤害,每场战斗中敌人首次使用与此物品同级或更低级的物品时，获得治疗，等量于此物品伤害,每场战斗中敌人首次使用与此物品同级或更低级的物品时，造成剧毒，等量于此物品伤害的10%,每场战斗中敌人首次使用与此物品同级或更低级的物品时，造成灼烧，等量于此物品伤害的10%,敌人使用物品的前两次会触发此物品,己方物品+25%暴击率,相邻物品受冻结和减速影响的时间减半,此物品的伤害翻倍
04b1d6bc-f179-4367-b8be-60765216c968,Chopsticks,筷子,Item / 物品,Small / 小型,Bronze / 青铜,Bronze/Silver/Gold/Diamond,Jules / 朱尔斯,Weapon / 武器 | Tool / 工具,Damage / 伤害,7.0,7/6/5/4,5,5,0,,0,,0,,0,,2,2,0,,0,,0,,0,,0,0,0,0,[主动] 造成5伤害,null,此物品的价值翻倍,减速一件物品1秒,冻结一件物品0.5秒,加速一件物品1秒,获得护盾，等量于此物品伤害量,获得治疗，等量于此物品伤害,造成剧毒，等量于此物品伤害的10%,造成灼烧，等量于此物品伤害的10%,此物品+1多重释放,此物品+50%暴击率,此物品免疫冻结、减速和摧毁,此物品的伤害翻倍
04fc1f55-0618-4766-b40e-fa85f8036b5b,Repair Drone,维修无人机,Item / 物品,Small / 小型,Gold / 黄金,Gold/Diamond,Stelle / 斯黛尔,Drone | Tech / 科技,,4.0,4,0,,0,,0,,0,,0,,0,,0,,0,,0,,0,,0,0,0,0,[主动] 修复1/2件物品,null,此物品的价值翻倍,减速一件物品1秒,冻结一件物品0.5秒,加速一件物品1秒,获得20护盾,治疗20生命值,造成2剧毒,造成2灼烧,此物品+1多重释放,己方物品+20%暴击率,此物品免疫冻结、减速和摧毁,造成20伤害
0585aba6-aee3-47f6-bd83-a29c56dc1fb1,Old Barrel,,Item / 物品,Medium / 中型,Bronze / 青铜,Bronze/Silver/Gold/Diamond,Common / 通用,,Income / 收入 | Shield / 护盾,9.0,9,0,,0,,12,12,0,,0,,1,1,0,,0,,0,,0,,0,0,0,0,"[主动] None
[主动] 获得12护盾",null,,,,,,,,,,,,
0591d8b4-2632-4c41-9f73-48896237256d,Air-Pressure Rifle,气压步枪,Item / 物品,Medium / 中型,Bronze / 青铜,Bronze/Silver/Gold/Diamond,Stelle / 斯黛尔,Weapon / 武器,Damage / 伤害 | FlyingRef / 飞行引用 | Ammo / 弹药,7.0,7,50,50,0,,0,,1,1,0,,1,1,0,,0,,0,,0,,0,0,0,0,"[主动] 造成50伤害
[主动] 弹药: 1
[被动] 当己方物品开始飞行时，此物品获得25/50/100/200伤害
[被动] 当己方物品停止飞行时，装填此物品",null,此物品的价值翻倍,减速2件物品4秒,冻结2件物品1秒,加速2件物品4秒,获得护盾，等量于此物品伤害量,获得治疗，等量于此物品伤害,造成剧毒，等量于此物品伤害的10%,造成灼烧，等量于此物品伤害的10%,此物品+1多重释放,此物品+50%暴击率,此物品免疫冻结、减速和摧毁,此物品的伤害翻倍
05a32402-598c-4bb5-a280-1a84f0ab84fa,Vengeful Sigil,复仇符印,Item / 物品,Medium / 中型,Silver / 白银,Silver/Gold/Diamond,Karnok,,Rage | RageReference,0.0,,0,,0,,0,,0,,0,,0,,0,,0,,0,,0,,0,0,0,0,"[被动] 敌人使用物品时，获得怒火
[被动] 暴怒期间，己方武器拥有吸血",null,此物品的价值翻倍,当你进入暴怒状态时，减速2件物品4秒,当你进入暴怒状态时，冻结2件物品2秒,当你进入暴怒状态时，加速2件物品4秒,当你进入暴怒状态时，获得护盾，等量于你最大生命值的10%,当你进入暴怒状态时，获得治疗，等量于你最大生命值的10%,当你进入暴怒状态时，造成剧毒，等量于你最大生命值的2%,当你进入暴怒状态时，造成灼烧，等量于你最大生命值的2%,此物品的怒火获取值翻倍,己方物品+25%暴击率,相邻物品受冻结和减速影响的时间减半,当你进入暴怒状态时，造成伤害，等量于你最大生命值的10%
05a83727-cfd8-4f9b-a109-e720714de70b,Machete,砍刀,Item / 物品,Small / 小型,Silver / 白银,Silver/Gold/Diamond,Karnok,Weapon / 武器 | Tool / 工具,Damage / 伤害 | Rage,4.0,4/3/2,10,10/20/30,0,,0,,0,,0,,1,1,0,,0,,0,,0,,0,0,0,0,"[主动] 造成10/20/30伤害
[主动] 如果此物品是你唯一拥有冷却时间的物品，获得50怒火",null,此物品的价值翻倍,减速一件物品1秒,冻结一件物品0.5秒,加速一件物品1秒,获得护盾，等量于此物品伤害量,获得治疗，等量于此物品伤害,造成剧毒，等量于此物品伤害的10%,造成灼烧，等量于此物品伤害的10%,此物品+1多重释放,此物品+50%暴击率,此物品免疫冻结、减速和摧毁,此物品的伤害翻倍
0660ace1-2d6a-4f7b-bfc2-05e8582d27b9,Outlands Terror,荒原恐兽,Item / 物品,Large / 大型,Gold / 黄金,Gold/Diamond,Karnok,Weapon / 武器 | Friend / 伙伴,Damage / 伤害 | Rage | RageReference,8.0,8,300,300/600,0,,0,,0,,0,,1,1,0,,0,,0,,0,,0,0,0,0,"[主动] 造成300/600伤害
[被动] 暴怒期间，此物品拥有吸血且冷却时间缩短3000/5000秒
[被动] 你获得的怒火翻倍",null,此物品的价值翻倍,减速3件物品1秒,冻结2件物品1秒,加速3件物品1秒,获得护盾，等量于此物品伤害量,获得治疗，等量于此物品伤害,造成剧毒，等量于此物品伤害的10%,造成灼烧，等量于此物品伤害的10%,此物品+1多重释放,此物品+50%暴击率,此物品免疫冻结、减速和摧毁,此物品的伤害翻倍
069755d6-fa1b-4c09-a7c9-31c3338184f3,Pickled Peppers,腌辣椒,Item / 物品,Medium / 中型,Silver / 白银,Silver/Gold/Diamond,Jules / 朱尔斯,Food / 食物,Burn / 灼烧,7.0,7,0,,0,,0,,0,,0,,1,1,3,3/6/9,0,,0,,0,,0,0,0,0,"[主动] 造成3/6/9灼烧
[被动] 触发灼烧时，此物品获得3/6/9",null,此物品的价值翻倍,减速2件物品3秒,冻结2件物品1秒,加速2件物品3秒,获得护盾，等量于此物品灼烧的5倍,获得治疗，等量于此物品灼烧的5倍,造成剧毒，等量于此物品灼烧,此物品的灼烧翻倍,此物品+1多重释放,此物品+50%暴击率,此物品免疫冻结、减速和摧毁,造成伤害，等量于此物品灼烧的5倍
06f33f60-da69-487d-9576-92d3b8da6fc9,Egg Timer,煮蛋器,Item / 物品,Small / 小型,Gold / 黄金,Gold/Diamond,Jules / 朱尔斯,Tool / 工具,Charge / 充能,12.0,12,0,,0,,0,,0,,0,,4,4/6,0,,0,,0,,0,,0,0,0,0,[主动] 充能己方所有食物1秒,null,此物品的价值翻倍,减速一件物品1秒,冻结一件物品0.5秒,加速一件物品1秒,获得50护盾,治疗50生命值,造成5剧毒,造成5灼烧,此物品+2多重释放,己方物品+10%暴击率,此物品免疫冻结、减速和摧毁,造成50伤害
071cf90c-57a4-40f2-8d79-4c87f0d100d4,Test Subject Alpha,实验体阿尔法,Item / 物品,Large / 大型,Gold / 黄金,Gold/Diamond,Mak / 马克,Weapon / 武器 | Friend / 伙伴,Damage / 伤害 | Poison / 剧毒,6.0,6/5,50,50,0,,0,,0,,0,,1,1,0,,30,30/50,0,,0,,0,0,0,0,"[主动] 造成50伤害
[被动] 使用相邻物品时，对双方玩家造成30/50剧毒
[被动] 触发剧毒时，此物品+伤害，增幅等于造成的剧毒量",null,此物品的价值翻倍,减速3件物品1秒,冻结2件物品1秒,加速3件物品1秒,获得护盾，等量于此物品伤害量,获得治疗，等量于此物品伤害,此物品的剧毒翻倍,造成灼烧，等量于此物品伤害的10%,此物品+1多重释放,此物品+50%暴击率,此物品免疫冻结、减速和摧毁,此物品的伤害翻倍
07df297d-e116-42a4-9596-4af674764d1b,Globe,地球仪,Item / 物品,Medium / 中型,Silver / 白银,Silver/Gold/Diamond,Pygmalien / 皮格马利翁,Tool / 工具,Health / 生命值,0.0,,0,,0,,0,,0,,0,,0,,0,,0,,0,,0,,0,0,0,0,"[被动] 每天开始时，永久获得100/200/300最大生命值
[被动] 出售此物品时，访问一个同等级别的遭遇事件",null,每天开始时，一件物品永久获得1价值,每天开始时，一件物品永久获得200减速持续时间,每天开始时，一件物品永久获得100冻结持续时间,每天开始时，一件物品永久获得200加速持续时间,每天开始时，一件物品永久获得20,每天开始时，一件物品永久获得20,每天开始时，一件物品永久获得2,每天开始时，一件物品永久获得2,此物品的最大生命值获取值翻倍,每天开始时，一件物品永久获得20%暴击率,相邻物品受冻结和减速影响的时间减半,每天开始时，一件物品永久获得20
080c161b-92b3-4df8-9b97-daf5d10bf85b,Santoku,三德刀,Item / 物品,Small / 小型,Bronze / 青铜,Bronze/Silver/Gold/Diamond,Jules / 朱尔斯,Weapon / 武器 | Tool / 工具,Damage / 伤害 | Crit / 暴击,5.0,5,5,5/10/15/20,0,,0,,0,,0,,1,1,0,,0,,0,,0,,0,0,0,0,"[主动] 造成5/10/15/20伤害
[主动] 此物品+5/10/15/20%暴击率
[被动] 此物品左侧相邻的物品+暴击率，增幅等于此物品的暴击率",null,此物品的价值翻倍,减速一件物品2秒,冻结一件物品0.5秒,加速一件物品2秒,获得护盾，等量于此物品伤害量,获得治疗，等量于此物品伤害,造成剧毒，等量于此物品伤害的10%,造成灼烧，等量于此物品伤害的10%,此物品+1多重释放,此物品+50%暴击率,此物品免疫冻结、减速和摧毁,此物品的伤害翻倍
08630fca-24b9-4d9b-9dbf-7da743a09dfa,Welding Helmet,焊接头盔,Item / 物品,Medium / 中型,Bronze / 青铜,Bronze/Silver/Gold/Diamond,Dooley / 杜利,Apparel / 服饰 | Tool / 工具,Shield / 护盾 | Burn / 灼烧,3.0,3,0,,0,,10,10/20/40/80,0,,0,,1,1,3,3/5/7/9,0,,0,,0,,0,0,0,0,"[主动] 获得10/20/40/80护盾
[主动] 造成3/5/7/9灼烧",null,此物品的价值翻倍,减速2件物品1秒,冻结一件物品0.5秒,加速2件物品1秒,此物品的护盾翻倍,获得治疗，等量于此物品护盾值,造成剧毒，等量于此物品灼烧,此物品的灼烧翻倍,此物品+1多重释放,此物品+50%暴击率,此物品免疫冻结、减速和摧毁,造成伤害，等量于此物品护盾
08bb5055-bd8d-4f86-bff6-24f8cb47f509,Vial of Blood,血瓶,Item / 物品,Small / 小型,Silver / 白银,Silver/Gold/Diamond,Common / 通用,Loot / 战利品,Experience,0.0,,0,,0,,0,,0,,0,,0,,0,,0,,0,,0,,0,0,0,0,[被动] 出售此物品时，获得1/2/4经验值,null,此物品的价值翻倍,,,,,,,,此物品的经验值加成翻倍,,,
08cf3497-3b38-48d6-bcbd-95c532397894,Poke,轻食波奇碗,Item / 物品,Small / 小型,Silver / 白银,Silver/Gold/Diamond,Jules / 朱尔斯,Food / 食物,Regen / 再生 | CritReference,6.0,6/5/4,0,,0,,0,,0,,0,,1,1,0,,0,,3,3,0,,0,0,0,0,"[主动] 生命再生量提高3
[被动] 当此物品获得生命再生或暴击率时，充能此物品1秒",null,此物品的价值翻倍,减速一件物品1秒,冻结一件物品0.5秒,加速一件物品1秒,获得护盾，等量于此物品生命再生量的5倍,获得治疗，等量于此物品生命再生量的5倍,造成剧毒，等量于此物品生命再生量,造成灼烧，等量于此物品的生命再生量,此物品+1多重释放,此物品+50%暴击率,此物品免疫冻结、减速和摧毁,造成伤害，等量于此物品生命再生的5倍
08d9f6b5-c5ab-4e5b-8c1e-9a5edebb8618,Pinata,皮纳塔,Item / 物品,Medium / 中型,Bronze / 青铜,Bronze/Silver/Gold/Diamond,Pygmalien / 皮格马利翁,Toy / 玩具,EconomyRef / 经济引用,0.0,,0,,0,,0,,0,,0,,0,,0,,0,,0,,0,,0,0,0,0,[被动] 出售此物品时，获得一根来自任意英雄的巧克力棒、一颗口香糖球和一件小型玩具,"目标: 造访塔季扬娜 | 奖励: ……再获得另一件来自任意英雄的小型玩具
目标: 造访一处糖果堆开吃 | 奖励: ……再获得3根巧克力棒
目标: 造访一台口香糖球贩卖机 | 奖励: ……再获得3颗口香糖球",……并为该物品赋予黄金附魔（如适用）,……并为该物品赋予沉重附魔（如适用）,……并为该物品赋予寒冰附魔（如适用）,……并为该物品赋予疾速附魔（如适用）,……并为该物品赋予护盾附魔（如适用）,……并为该物品赋予回复附魔（如适用）,……并为该物品赋予剧毒附魔（如适用）,……并为该物品赋予炽焰附魔（如适用）,,……并为该物品赋予致命附魔（如适用）,,……并为该物品赋予黑曜石附魔（如适用）
08ebe48b-29d0-4129-952d-7d140e54e7c5,Covetous Raven,贪婪渡鸦,Item / 物品,Medium / 中型,Bronze / 青铜,Bronze/Silver/Gold/Diamond,Mak / 马克,Friend / 伙伴 | Weapon / 武器,Flying / 飞行 | Damage / 伤害 | FlyingRef / 飞行引用,8.0,8,50,50/100/200/400,0,,0,,0,,0,,1,1,0,,0,,0,,0,,0,0,0,0,"[主动] 造成50/100/200/400伤害
[被动] 当你使用另一件遗物或附魔物品时，充能此物品2秒，且此物品开始飞行",null,此物品的价值翻倍,减速一件物品1秒,冻结一件物品0.5秒,加速一件物品1秒,获得护盾，等量于此物品伤害量,获得治疗，等量于此物品伤害,造成剧毒，等量于此物品伤害的10%,造成灼烧，等量于此物品伤害的10%,此物品+1多重释放,此物品+50%暴击率,此物品免疫冻结、减速和摧毁,此物品的伤害翻倍
09132149-783d-4d5a-900c-31135bffab44,Bandages,绷带,Item / 物品,Small / 小型,Bronze / 青铜,Bronze/Silver/Gold/Diamond,Pygmalien / 皮格马利翁,,Heal / 治疗 | Shield / 护盾,5.0,5/4/3/2,0,,10,10,10,10,0,,0,,1,1,0,,0,,0,,0,,0,0,0,0,"[主动] 治疗10生命值
[主动] 获得10护盾",null,此物品的价值翻倍,减速一件物品1秒,冻结一件物品0.5秒,加速一件物品1秒,此物品的护盾翻倍,此物品的治疗翻倍,造成剧毒，等量于此物品治疗量的10%,造成灼烧，等量于此物品治疗量的10%,此物品+1多重释放,此物品+50%暴击率,此物品免疫冻结、减速和摧毁,造成伤害，等量于此物品治疗量
0930fbea-e3ae-45d4-a1c7-a26c5abb63aa,Lightning Rod,避雷针,Item / 物品,Large / 大型,Gold / 黄金,Gold/Diamond,Stelle / 斯黛尔,Weapon / 武器,Damage / 伤害 | FreezeRef / 冻结引用 | SlowRef / 减速引用 | AbsorbSlow | AbsorbFreeze,0.0,,25,25/50,0,,0,,0,,0,,0,,0,,0,,0,,0,,0,0,0,0,"[被动] 触发冻结或减速时，造成25/50伤害
[被动] 当敌人冻结或减速己方物品时，改为以此物品为目标",null,此物品的价值翻倍,使用物品时，减速一件物品1秒,触发减速时，冻结一件物品0.5秒,触发冻结或减速时，加速一件物品1秒,触发冻结或减速时，获得护盾，等量于此物品伤害,触发冻结或减速时，获得治疗，等量于此物品伤害,触发冻结或减速时，造成剧毒，等量于此物品伤害的10%,触发冻结或减速时，造成灼烧，等量于此物品伤害的10%,此物品的伤害翻倍,己方物品+30%暴击率,己方物品受冻结和减速影响的时间减半,此物品的伤害翻倍
0941d7dd-1264-42c5-b334-6cc5d694571b,Hunting Hawk,猎鹰,Item / 物品,Medium / 中型,Bronze / 青铜,Bronze/Silver/Gold/Diamond,Karnok,Weapon / 武器 | Friend / 伙伴,Damage / 伤害 | Haste / 加速 | Flying / 飞行 | FlyingRef / 飞行引用 | Crit / 暴击,4.0,4,20,20/40/60/80,0,,0,,0,,0,,1,1,0,,0,,0,,0,,0,0,0,0,"[主动] 造成20/40/60/80伤害
[主动] 加速一件非飞行物品2秒
[被动] 加速物品时，那件物品开始飞行
[被动] 己方飞行物品+10/20/30/40%暴击率",null,此物品的价值翻倍,减速2件物品1秒,冻结一件物品1秒,此物品的加速持续时间翻倍,获得护盾，等量于此物品伤害量,获得治疗，等量于此物品伤害,造成剧毒，等量于此物品伤害的10%,造成灼烧，等量于此物品伤害的10%,此物品+1多重释放,此物品的暴击率加成翻倍,此物品免疫冻结、减速和摧毁,此物品的伤害翻倍
0966f887-5aaf-44a5-90fa-ecb194270513,Duct Tape,布胶带,Item / 物品,Small / 小型,Bronze / 青铜,Bronze/Silver/Gold/Diamond,Dooley / 杜利,Tool / 工具,Shield / 护盾 | Slow / 减速,6.0,6,0,,0,,5,5/10/15/20,0,,0,,1,1,0,,0,,0,,0,,0,0,0,0,"[主动] 减速一件物品1/2/3/4秒
[被动] 使用相邻物品时，获得5/10/15/20护盾",null,此物品的价值翻倍,此物品的减速持续时间翻倍,冻结一件物品0.5秒,加速一件物品3秒,此物品的护盾翻倍,使用相邻物品时，获得治疗，等量于此物品护盾,使用相邻物品时，造成剧毒，等量于此物品护盾的10%,使用相邻物品时，造成灼烧，等量于此物品护盾的10%,当你使用相邻物品时，获得{ability.e1}护盾,相邻物品+30%暴击率,此物品免疫冻结、减速和摧毁,使用相邻物品时，造成伤害，等量于此物品护盾
096e4b73-803c-4405-9710-db71b20fb183,Ballista,弩炮,Item / 物品,Large / 大型,Gold / 黄金,Gold/Diamond,Vanessa / 瓦内莎,Weapon / 武器,Damage / 伤害 | Ammo / 弹药,9.0,9,200,200/400,0,,0,,2,2,0,,1,1,0,,0,,0,,0,,0,0,0,0,"[主动] 造成200/400伤害
[主动] 弹药: 2
[被动] 使用另一件弹药物品时，此物品+1多重释放",null,此物品的价值翻倍,减速一件物品1秒,冻结一件物品0.5秒,加速一件物品1秒,获得护盾，等量于此物品伤害量,获得治疗，等量于此物品伤害,造成剧毒，等量于此物品伤害的10%,造成灼烧，等量于此物品伤害的10%,此物品的伤害翻倍,此物品+50%暴击率,此物品免疫冻结、减速和摧毁,此物品的伤害翻倍
0a9d659c-f71c-4c82-aa71-1897ee78f551,Battle Drone,作战无人机,Item / 物品,Medium / 中型,Silver / 白银,Silver/Gold/Diamond,Stelle / 斯黛尔,Weapon / 武器 | Drone | Tech / 科技,Damage / 伤害,7.0,7,35,35/70/140,0,,0,,0,,0,,1,1,0,,0,,0,,0,,0,0,0,0,"[主动] 造成35/70/140伤害
[被动] 此物品以外，每拥有一种工具、科技、无人机或载具，此物品就+1多重释放",null,此物品的价值翻倍,减速一件物品1秒,冻结一件物品0.5秒,加速一件物品1秒,获得护盾，等量于此物品伤害量,获得治疗，等量于此物品伤害,造成剧毒，等量于此物品伤害的10%,造成灼烧，等量于此物品伤害的10%,此物品+1多重释放,此物品+50%暴击率,此物品免疫冻结、减速和摧毁,此物品的伤害翻倍
0abf14a3-8a87-4c87-a7a9-793a3fa3d4db,Pet Rock,宠物石,Item / 物品,Small / 小型,Bronze / 青铜,Bronze/Silver/Gold/Diamond,Vanessa / 瓦内莎,Weapon / 武器 | Friend / 伙伴 | Toy / 玩具,Damage / 伤害 | Crit / 暴击,6.0,6,10,10/20/40/80,0,,0,,0,,0,,1,1,0,,0,,0,,0,,0,0,0,0,"[主动] 造成10/20/40/80伤害
[被动] 如果此物品是你唯一的伙伴，己方物品+10/15/20/25%暴击率",null,此物品的价值翻倍,减速一件物品3秒,冻结一件物品0.5秒,加速一件物品3秒,获得护盾，等量于此物品伤害量,获得治疗，等量于此物品伤害,造成剧毒，等量于此物品伤害的10%,造成灼烧，等量于此物品伤害的10%,此物品+1多重释放,此物品的暴击率加成翻倍,此物品免疫冻结、减速和摧毁,此物品的伤害翻倍
0ac69b6e-67fc-4e98-ba92-cf91a5d08d97,Acid Sprayer,,Item / 物品,Small / 小型,Bronze / 青铜,Bronze/Silver/Gold/Diamond,Common / 通用,,Poison / 剧毒,5.0,5,0,,0,,0,,0,,0,,1,1,0,,3,3,0,,0,,0,0,0,0,[主动] None,null,,,,,,,,,,,,
0b0f984c-281a-4629-bb72-c745888c1ea6,Foul Mushroom,恶臭蘑菇,Item / 物品,Medium / 中型,Gold / 黄金,Gold/Diamond,Mak / 马克,,Cooldown / 冷却,0.0,,0,,0,,0,,0,,0,,0,,0,,0,,0,,0,,0,0,0,0,[被动] 任何物品被使用时，其冷却时间延长500/1000秒,null,此物品的价值翻倍,敌人使用物品时，减速一件物品1秒,敌人使用物品时，冻结一件物品0.5秒,敌人使用物品时，加速一件物品1秒,敌人使用物品时，获得10护盾,敌人使用物品时，获得10治疗,敌人使用物品时，造成1剧毒,敌人使用物品时，造成1灼烧,此物品的冷却时间增幅翻倍,敌方物品-40%暴击率,相邻物品受冻结和减速影响的时间减半,敌人使用物品时，造成10伤害
0b13735f-7382-460d-a054-710e1a2a3799,Blender,搅拌机,Item / 物品,Medium / 中型,Silver / 白银,Silver/Gold/Diamond,Jules / 朱尔斯,Tool / 工具,FreezeRef / 冻结引用 | Haste / 加速 | ChilledReference,4.0,4,0,,0,,0,,0,,0,,1,1,0,,0,,0,,0,,0,0,0,0,"[主动] 将一件相邻的非传说级小型物品转化为冰沙
[被动] 触发冻结时，加速一件物品1/2/3秒
[被动] 霜冻时：所有冰沙获得霜冻效果",null,此物品的价值翻倍,减速2件物品1秒,冻结一件物品1秒,此物品的加速持续时间翻倍,获得75护盾,治疗75生命值,造成7剧毒,造成7灼烧,此物品+1多重释放,己方冰沙+50%暴击率,此物品免疫冻结、减速和摧毁,造成75伤害
0b4d7632-b3b4-42ce-a5fc-3fafb8f1c409,Hemlock,毒芹,Item / 物品,Small / 小型,Bronze / 青铜,Bronze/Silver/Gold/Diamond,Mak / 马克,Reagent / 试剂,Poison / 剧毒,6.0,6,0,,0,,0,,0,,0,,1,1,0,,2,2/3/4/5,0,,0,,0,0,0,0,"[主动] 造成2/3/4/5剧毒
[被动] 此物品转化时，为其赋予剧毒附魔（如适用）",null,此物品的价值翻倍,减速一件物品3秒,冻结一件物品0.5秒,加速一件物品3秒,获得护盾，等量于此物品剧毒的5倍,获得治疗，等量于此物品剧毒的5倍,此物品的剧毒翻倍,造成灼烧，等量于此物品的剧毒,此物品+1多重释放,此物品+50%暴击率,此物品免疫冻结、减速和摧毁,造成伤害，等量于此物品剧毒的5倍
0bf49a3b-e610-4f2b-8420-1a8a7d48e70a,Nightshade,颠茄,Item / 物品,Medium / 中型,Bronze / 青铜,Bronze/Silver/Gold/Diamond,Mak / 马克,Reagent / 试剂,Poison / 剧毒 | HealRef / 治疗引用 | RegenRef / 再生引用,6.0,6,0,,0,,0,,0,,0,,1,1,0,,6,6,0,,0,,0,0,0,0,"[主动] 造成6剧毒
[被动] 触发生命再生时，此物品获得2/4/6/8
[被动] 此物品转化时，为其赋予剧毒附魔（如适用）",null,此物品的价值翻倍,减速2件物品2秒,冻结一件物品1秒,加速2件物品2秒,获得护盾，等量于此物品剧毒的5倍,获得治疗，等量于此物品剧毒的5倍,此物品的剧毒获取翻倍,造成灼烧，等量于此物品的剧毒,此物品+1多重释放,此物品+50%暴击率,此物品免疫冻结、减速和摧毁,造成伤害，等量于此物品剧毒的5倍
0c1d2e3f-4a5b-6c7d-8e9f-0a1b2c3d4e5f,Sands of Time,时间之砂,Item / 物品,Medium / 中型,Bronze / 青铜,Bronze/Silver/Gold/Diamond,Mak / 马克,Relic / 遗物,Slow / 减速 | Quest,6.0,6,0,,0,,0,,0,,0,,1,1,0,,0,,0,,0,,0,0,0,0,[主动] 减速1/2/3/4件物品1秒,"目标: 购买5件减速物品 | 奖励: 此物品+1多重释放
目标: 购买5件遗物 | 奖励: 此物品的冷却时间缩短1000秒
目标: 造访珍珠的考古发掘场 | 奖励: 此物品额外减速一件物品",此物品的价值翻倍,此物品的减速持续时间翻倍,冻结一件物品1秒,加速1件物品1秒,获得50护盾,治疗50生命值,造成5剧毒,造成5灼烧,此物品+1多重释放,己方物品+25%暴击率,此物品免疫冻结、减速和摧毁,造成50伤害
0c33ab49-364e-4830-8e3f-773f315b3928,Premium Piggles,高级小圆猪,Item / 物品,Small / 小型,Bronze / 青铜,Bronze/Silver/Gold/Diamond,Pygmalien / 皮格马利翁,Toy / 玩具,Value / 价值 | EconomyRef / 经济引用,4.0,4,0,,0,,0,,0,,0,,0,,0,,0,,0,,0,,0,0,0,0,"[主动] 相邻物品+3/6/9/12价值
[被动] 购买此物品时和每天开始时，获得一件高级小圆猪",null,,……并为该物品赋予沉重附魔（如适用）,……并为该物品赋予寒冰附魔（如适用）,……并为该物品赋予疾速附魔（如适用）,……并为该物品赋予护盾附魔（如适用）,……并为该物品赋予回复附魔（如适用）,……并为该物品赋予剧毒附魔（如适用）,……并为该物品赋予炽焰附魔（如适用）,……并为该物品赋予闪亮附魔（如适用）,……并为该物品赋予致命附魔（如适用）,……并为该物品赋予辉耀附魔（如适用）,……并为该物品赋予黑曜石附魔（如适用）
0c4265a2-a374-4f10-a16d-cf718a3ede42,Luau,热带野宴,Item / 物品,Large / 大型,Silver / 白银,Silver/Gold/Diamond,Jules / 朱尔斯,Property / 地产,Slow / 减速 | Regen / 再生,4.0,4,0,,0,,0,,0,,0,,1,1,0,,0,,3,3/6/9,0,,0,0,0,0,"[主动] 减速2/3/4件物品1秒
[被动] 触发减速时，生命再生量提高3/6/9",null,此物品的价值翻倍,此物品的减速持续时间翻倍,触发减速时，冻结一件物品0.5秒,触发减速时，加速一件物品1秒,触发减速时，获得护盾，等量于此物品生命再生量的5倍,触发减速时，获得治疗，等量于此物品生命再生量的5倍,触发减速时，造成剧毒，等量于此物品的生命再生,触发减速时，造成灼烧，等量于此物品的生命再生,此物品+1多重释放,触发减速时，己方物品+5%暴击率,己方物品受冻结和减速影响的时间减半,触发减速时，造成伤害，等量于此物品生命再生量的5倍
0c501dff-aa3a-4091-9c1e-2df43faef2e1,Tea Set,茶具,Item / 物品,Medium / 中型,Silver / 白银,Silver/Gold/Diamond,Pygmalien / 皮格马利翁,Relic / 遗物 | Tool / 工具,Health / 生命值 | BurnRef / 灼烧引用,6.0,6/5/4,0,,0,,0,,0,,0,,0,,0,,0,,0,,0,,0,0,0,0,"[主动] 获得25/50/100最大生命值
[被动] 获得最大生命值时，己方物品+2/4/6",null,此物品的价值翻倍,减速2件物品1秒,冻结一件物品1秒,加速2件物品1秒,获得100护盾,治疗100生命值,造成10剧毒,造成10灼烧,此物品+1多重释放,己方物品+25%暴击率,此物品免疫冻结、减速和摧毁,造成100伤害
0c710f33-d0fd-40c8-aa2d-34fc20f23140,Scythe,镰刀,Item / 物品,Medium / 中型,Legendary / 传奇,Diamond/Legendary,Common / 通用,Weapon / 武器 | Relic / 遗物,Damage / 伤害,0.0,7,0,0,0,,0,,0,,0,,1,1,0,,0,,0,,0,,0,0,0,0,[主动] 造成伤害，等量于一位敌人最大生命值的三分之一,null,此物品的价值翻倍,减速2件物品2秒,冻结一件物品1秒,加速2件物品2秒,获得护盾，等量于此物品伤害量,获得治疗，等量于此物品伤害,造成剧毒，等量于此物品伤害的10%,造成灼烧，等量于此物品伤害的10%,此物品+1多重释放,此物品+50%暴击率,此物品免疫冻结、减速和摧毁,此物品的伤害翻倍
0c8298ad-3001-4631-9bed-df11a7425ced,Chunk of Gold,金块,Item / 物品,Small / 小型,Bronze / 青铜,Bronze/Silver/Gold/Diamond,Common / 通用,,EconomyRef / 经济引用,0.0,,0,,0,,0,,0,,0,,0,,0,,0,,0,,0,,3,3/5/7/9,3,3/5/7/9,[被动] 可出售换得金币,null,,出售此物品时，己方最左侧的减速物品获得200减速持续时间,出售此物品时，己方最左侧的冻结物品获得100冻结持续时间,出售此物品时，己方最左侧的加速物品获得200加速持续时间,出售此物品时，最左侧的护盾物品+10,出售此物品时，最左侧的治疗物品+10,出售此物品时，己方最左侧的剧毒物品获得1,出售此物品时，己方最左侧的灼烧物品获得1,,出售此物品时，己方最左侧的物品获得2%暴击率,,出售此物品时，己方最左侧的武器获得10
0c99ece6-4aa5-40ac-a663-dc81df03a694,Briefcase,公文包,Item / 物品,Medium / 中型,Bronze / 青铜,Bronze/Silver/Gold/Diamond,Pygmalien / 皮格马利翁,Weapon / 武器,Damage / 伤害 | EconomyRef / 经济引用,4.0,4,30,30/60/120/240,0,,0,,0,,0,,1,1,0,,0,,0,,0,,0,0,0,0,"[主动] 造成30/60/120/240伤害
[被动] 携带此物品赢得战斗时，获得2枚零钱",null,改为在出售此物品时，用零钱将己方布阵区和储存箱填满,减速2件物品1秒,冻结一件物品1秒,加速2件物品1秒,获得护盾，等量于此物品伤害量,获得治疗，等量于此物品伤害,造成剧毒，等量于此物品伤害的10%,造成灼烧，等量于此物品伤害的10%,此物品+1多重释放,此物品+50%暴击率,此物品免疫冻结、减速和摧毁,此物品的伤害翻倍
0d227497-f57f-44ef-98a8-15791e710fb6,Skillet,煎锅,Item / 物品,Medium / 中型,Bronze / 青铜,Bronze/Silver/Gold/Diamond,Jules / 朱尔斯,Tool / 工具 | Food / 食物,Burn / 灼烧,6.0,6,0,,0,,0,,0,,0,,1,1,3,3/6/9/12,0,,0,,0,,0,0,0,0,"[主动] 造成3/6/9/12灼烧
[被动] 每有一件相邻食物，此物品+1多重释放",null,此物品的价值翻倍,减速一件物品1秒,冻结一件物品0.5秒,加速一件物品1秒,获得护盾，等量于此物品灼烧的5倍,获得治疗，等量于此物品灼烧的5倍,造成剧毒，等量于此物品灼烧,此物品的灼烧翻倍,此物品+1多重释放,此物品+50%暴击率,此物品免疫冻结、减速和摧毁,造成伤害，等量于此物品灼烧的5倍
0d5208ed-c7c3-4660-aabd-3efea1d0de2e,Skyterror,空惧巨龙,Item / 物品,Large / 大型,Gold / 黄金,Gold/Diamond,Mak / 马克,Friend / 伙伴 | Weapon / 武器 | Dragon / 龙,Flying / 飞行 | FlyingRef / 飞行引用 | Burn / 灼烧 | Damage / 伤害,4.0,4,175,175/350,0,,0,,0,,0,,1,1,15,15/30,0,,0,,0,,0,0,0,0,"[主动] 此物品开始或停止飞行
[被动] 此物品开始飞行时，造成15/30灼烧，且此物品获得175/350
[被动] 此物品停止飞行时，造成175/350伤害，且此物品获得15/30",null,此物品的价值翻倍,减速3件物品1秒,冻结2件物品1秒,加速3件物品1秒,获得护盾，等量于此物品伤害量,获得治疗，等量于此物品伤害,造成剧毒，等量于此物品灼烧,此物品的灼烧翻倍,此物品+1多重释放,己方飞行物品+50%暴击率,此物品免疫冻结、减速和摧毁,此物品的伤害翻倍
0da76b08-b287-4b9b-b57b-305af8848a81,Makeshift Barricade,简易路障,Item / 物品,Medium / 中型,Bronze / 青铜,Bronze/Silver/Gold/Diamond,Common / 通用,,Slow / 减速,7.0,7,0,,0,,0,,0,,0,,1,1,0,,0,,0,,0,,0,0,0,0,"[主动] 减速一件物品1/2/3/4秒
[被动] 出售此物品时，己方最左侧的减速物品永久获得+1000秒减速持续时间",null,此物品的价值翻倍,此物品的减速持续时间翻倍,冻结一件物品1秒,加速2件物品2秒,获得200护盾,治疗200生命值,造成20剧毒,造成20灼烧,此物品+1多重释放,己方物品+25%暴击率,此物品免疫冻结、减速和摧毁,造成200伤害
0db6f6e9-d0ba-471d-905a-3ce86912feef,Flying Pig,飞猪,Item / 物品,Medium / 中型,Silver / 白银,Silver/Gold/Diamond,Pygmalien / 皮格马利翁,Friend / 伙伴,Flying / 飞行 | FlyingRef / 飞行引用 | Heal / 治疗 | Haste / 加速,4.0,4,0,,25,25/50/75,0,,0,,0,,1,1,0,,0,,0,,0,,0,0,0,0,"[主动] 此物品和一件相邻物品开始或停止飞行
[被动] 当己方物品开始飞行时，加速一件物品1/2/3秒
[被动] 有物品停止飞行时，治疗25/50/75生命",null,此物品的价值翻倍,当己方物品开始飞行时，减速一件物品1秒,当己方物品开始飞行时，冻结一件物品0.5秒,此物品的加速持续时间翻倍,己方物品停止飞行时，获得护盾，等量于此物品治疗量,此物品的治疗翻倍,己方物品停止飞行时，造成剧毒，等量于此物品治疗量的10%,己方物品停止飞行时，造成灼烧，等量于此物品治疗量的10%,此物品+1多重释放,你的物品停止飞行时，己方物品+20暴击率,此物品免疫冻结、减速和摧毁,己方物品停止飞行时，造成伤害，等量于此物品治疗量
0df9aa59-6b34-4968-94f0-98af5e22aa7a,Frog Hollow,蛙鸣洞穴,Item / 物品,Medium / 中型,Silver / 白银,Silver/Gold/Diamond,Karnok,Property / 地产,Poison / 剧毒 | Heal / 治疗 | RageReference | Haste / 加速,0.0,,0,,20,20/40/60,0,,0,,0,,0,,0,,2,2/4/6,0,,0,,0,0,0,0,"[被动] 使用伙伴时，获得20/40/60治疗且造成2/4/6剧毒
[被动] 当你退出暴怒状态时，加速己方物品3/4/5秒",null,此物品的价值翻倍,当你使用一件伙伴时，减速一件物品1秒,当你使用一件伙伴时，冻结一件物品0.5秒,此物品的加速持续时间翻倍,当你使用一件伙伴时，获得护盾，等量于此物品的治疗,此物品的治疗翻倍,此物品的剧毒翻倍,当你使用一件伙伴时，造成灼烧，等量于此物品的剧毒,此物品的剧毒、治疗和加速持续时间翻倍,己方伙伴+40%暴击率,相邻物品受冻结和减速影响的时间减半,当你使用一件伙伴时，造成伤害，等量于此物品的治疗
0e02eed0-3d9b-4651-8ce8-a48ee1c59fdf,Chemsnail,化学蜗牛,Item / 物品,Medium / 中型,Silver / 白银,Silver/Gold/Diamond,Dooley / 杜利,Friend / 伙伴,Poison / 剧毒 | Slow / 减速,6.0,6,0,,0,,0,,0,,0,,1,1,0,,2,2/4/6,0,,0,,0,0,0,0,"[主动] 减速1/2/3件物品2秒
[被动] 当你造成减速时，剧毒2/4/6",null,此物品的价值翻倍,此物品的减速持续时间翻倍,触发减速时，冻结一件物品0.5秒,触发减速时，加速一件物品1秒,触发减速时，获得护盾，等量于此物品剧毒的5倍,触发减速时，获得治疗，等量于此物品剧毒的5倍,此物品的剧毒翻倍,触发减速时，造成灼烧，等量于此物品的剧毒,此物品+1多重释放,触发减速时，己方物品+5%暴击率,此物品免疫冻结、减速和摧毁,触发减速时，造成伤害，等量于此物品剧毒的5倍
0e3d2e2c-0f2d-4150-b6d6-d1c688d7427c,Propeller Hat,螺旋帽,Item / 物品,Medium / 中型,Silver / 白银,Silver/Gold/Diamond,Dooley / 杜利,Apparel / 服饰 | Tech / 科技 | Weapon / 武器,Damage / 伤害 | Flying / 飞行 | FlyingRef / 飞行引用 | Haste / 加速,4.0,4,10,10/20/40,0,,0,,0,,0,,1,1,0,,0,,0,,0,,0,0,0,0,"[主动] 造成10/20/40伤害
[被动] 当你使用核心物品时，一件物品开始飞行
[被动] 当你使用飞行物品时，加速一件物品1/2/3秒",null,此物品的价值翻倍,当你使用飞行物品时，减速一件物品1秒,当你使用飞行物品时，冻结一件物品0.5秒,此物品的加速持续时间翻倍,当你使用飞行物品时，获得护盾，等量于此物品伤害,当你使用飞行物品时，获得治疗，等量于此物品伤害,使用飞行物品时，造成剧毒，等量于此物品伤害的10%,使用飞行物品时，造成灼烧，等量于此物品伤害的10%,当你使用核心物品时，额外一件物品开始飞行,己方物品+25%暴击率,此物品免疫冻结、减速和摧毁,此物品的伤害翻倍
0e66c016-9a8b-4aa0-8f01-b5a5fb739da4,Pylon,塔架,Item / 物品,Large / 大型,Silver / 白银,Silver/Gold/Diamond,Dooley / 杜利,Property / 地产,Slow / 减速 | Haste / 加速,4.0,4,0,,0,,0,,0,,0,,1,1,0,,0,,0,,0,,0,0,0,0,"[主动] 减速2/3/4件物品1秒
[被动] 触发减速时，加速一件物品1秒",null,此物品的价值翻倍,此物品的减速持续时间翻倍,触发减速时，冻结一件物品0.5秒,此物品的加速持续时间翻倍,触发减速时，获得30护盾,触发减速时，获得30治疗,触发减速时，造成3剧毒,触发减速时，造成3灼烧,此物品+1多重释放,触发减速时，己方物品+10%暴击率,此物品免疫冻结、减速和摧毁,触发减速时，造成30伤害
0eda3b66-76dc-4a45-b3b7-5bb12d26c655,Parachute,降落伞,Item / 物品,Medium / 中型,Silver / 白银,Silver/Gold/Diamond,Stelle / 斯黛尔,Vehicle / 载具,Regen / 再生 | FlyingRef / 飞行引用,12.0,12/10/8,0,,0,,0,,0,,0,,1,1,0,,0,,10,10,0,,0,0,0,0,"[主动] 生命再生量提高10
[被动] 己方物品开始或停止飞行时，此物品获得8/12/16
[被动] 每场战斗中首次生命值降至一半以下时，使用此物品",null,此物品的价值翻倍,减速2件物品4秒,冻结2件物品1秒,加速2件物品4秒,获得护盾，等量于此物品生命再生量的5倍,获得治疗，等量于此物品生命再生量的5倍,造成剧毒，等量于此物品生命再生量,造成灼烧，等量于此物品的生命再生量,此物品+1多重释放,此物品+50%暴击率,此物品免疫冻结、减速和摧毁,造成伤害，等量于此物品生命再生的5倍
0efe7d3f-4f18-4667-89a3-ac915a93a9f5,28 Hour Fitness,28小时健身,Item / 物品,Large / 大型,Gold / 黄金,Gold/Diamond,Pygmalien / 皮格马利翁,Property / 地产,ShieldRef / 护盾引用 | DamageRef / 伤害引用,0.0,,0,,0,,0,,0,,0,,0,,0,,0,,0,,0,,0,0,0,0,"[被动] 当你使用武器时，己方物品获得15/25
[被动] 当你使用护盾物品时，己方物品获得15/25",null,此物品的价值翻倍,当你使用武器或护盾物品时，减速一件物品1秒,当你使用武器或护盾物品时，冻结一件物品0.5秒,当你使用武器或护盾物品时，加速一件物品1秒,此物品的护盾获取值翻倍,当你使用武器时，己方物品获得0,当你使用护盾物品时，己方物品获得0,当你使用护盾物品时，己方物品获得0,此物品的伤害和护盾加成翻倍,己方武器和护盾物品+50%暴击率,己方武器和护盾物品受冻结和减速影响的时间减半,此物品的伤害提升翻倍
0f878177-bec7-4698-b834-0f37ef332488,Trapvine,陷阱藤,Item / 物品,Large / 大型,Gold / 黄金,Gold/Diamond,Karnok,Friend / 伙伴 | Trap,Slow / 减速 | Poison / 剧毒,0.0,,0,,0,,0,,0,,0,,0,,0,,8,8/16,0,,0,,0,0,0,0,"[被动] 敌人使用物品时，减速该物品1秒
[被动] 当你造成减速时，剧毒8/16",null,此物品的价值翻倍,此物品的减速持续时间翻倍,触发减速时，冻结一件物品0.5秒,触发减速时，加速一件物品1秒,触发减速时，获得护盾，等量于此物品剧毒的5倍,触发减速时，获得治疗，等量于此物品剧毒的5倍,此物品的剧毒翻倍,触发减速时，造成灼烧，等量于此物品的剧毒,此物品的减速持续时间翻倍,触发减速时，己方物品+5%暴击率,相邻物品受冻结和减速影响的时间减半,触发减速时，造成伤害，等量于此物品剧毒的5倍
0f96e2e4-2bd8-4fcf-aaaf-e4e0ee5cb627,Boosted Saucer,强化飞碟,Item / 物品,Large / 大型,Silver / 白银,Silver/Gold/Diamond,Stelle / 斯黛尔,Weapon / 武器 | Vehicle / 载具 | Tech / 科技,Damage / 伤害,14.0,14/13/12,150,150,0,,0,,0,,0,,1,1,0,,0,,0,,0,,0,0,0,0,"[主动] 造成150伤害
[主动] 修复一件物品
[被动] 战斗中触发修复或转化时，此物品+150/300/450
[被动] 当你摧毁一件物品时，为此物品充能4秒",null,此物品的价值翻倍,减速3件物品2秒,冻结2件物品1秒,加速3件物品2秒,获得护盾，等量于此物品伤害量,获得治疗，等量于此物品伤害,造成剧毒，等量于此物品伤害的10%,造成灼烧，等量于此物品伤害的10%,此物品+1多重释放,此物品+50%暴击率,此物品免疫冻结、减速和摧毁,此物品的伤害翻倍
0fc3f9d6-01ce-4793-8ece-b0e05ef6441e,Slingshot,弹弓,Item / 物品,Small / 小型,Bronze / 青铜,Bronze/Silver/Gold/Diamond,Pygmalien / 皮格马利翁,Weapon / 武器 | Toy / 玩具,Damage / 伤害 | Ammo / 弹药 | Flying / 飞行,4.0,4,20,20/40/80/160,0,,0,,1,1,0,,1,1,0,,0,,0,,0,,0,0,0,0,"[主动] 另一件小型物品开始飞行
[主动] 造成20/40/80/160伤害
[主动] 弹药: 1
[被动] 己方拥有的每件玩具使此物品+2最大弹药量 [2]",null,此物品+最大弹药量，等量于你的收入,减速一件物品2秒,冻结一件物品0.5秒,加速一件物品2秒,获得护盾，等量于此物品伤害量,获得治疗，等量于此物品伤害,造成剧毒，等量于此物品伤害的10%,造成灼烧，等量于此物品伤害的10%,此物品+1多重释放,此物品+50%暴击率,此物品免疫冻结、减速和摧毁,此物品的伤害翻倍
0ff18fe4-b105-4118-8d6c-8852140b5146,Miss Isles,岛弹小姐,Item / 物品,Medium / 中型,Silver / 白银,Silver/Gold/Diamond,Dooley / 杜利,Weapon / 武器 | Friend / 伙伴,Damage / 伤害 | Ammo / 弹药,4.0,4,20,20/40/80,0,,0,,1,1,0,,2,2,0,,0,,0,,0,,0,0,0,0,"[主动] 造成20/40/80伤害
[主动] 弹药: 1
[被动] 使用核心时，此物品获得5/10/15并装填",null,此物品的价值翻倍,减速一件物品1秒,冻结一件物品0.5秒,加速一件物品1秒,获得护盾，等量于此物品伤害量,获得治疗，等量于此物品伤害,造成剧毒，等量于此物品伤害的10%,造成灼烧，等量于此物品伤害的10%,此物品+1多重释放,此物品+50%暴击率,此物品免疫冻结、减速和摧毁,此物品的伤害翻倍
103cd65b-0b3d-418d-92d8-0dfa5f19d7c4,Shipment,货运,Item / 物品,Large / 大型,Silver / 白银,Silver/Gold/Diamond,Pygmalien / 皮格马利翁,,EconomyRef / 经济引用,0.0,,0,,0,,0,,0,,0,,0,,0,,0,,0,,0,,0,0,0,0,[被动] 出售此物品时，获得3件来自其他英雄的小型物品,null,……并为该物品赋予黄金附魔（如适用）,……并为该物品赋予沉重附魔（如适用）,……并为该物品赋予寒冰附魔（如适用）,……并为该物品赋予疾速附魔（如适用）,……并为该物品赋予护盾附魔（如适用）,……并为该物品赋予回复附魔（如适用）,……并为该物品赋予剧毒附魔（如适用）,……并为该物品赋予炽焰附魔（如适用）,……并为该物品赋予闪亮附魔（如适用）,……并为该物品赋予致命附魔（如适用）,……并为该物品赋予辉耀附魔（如适用）,……并为该物品赋予黑曜石附魔（如适用）
1059a4b7-9739-478c-ac00-66a270b43250,Grater,刨丝器,Item / 物品,Small / 小型,Silver / 白银,Silver/Gold/Diamond,Jules / 朱尔斯,Weapon / 武器 | Tool / 工具,Damage / 伤害 | Slow / 减速,6.0,6/5/4,1,1,0,,0,,0,,0,,1,1,0,,0,,0,,0,,0,0,0,0,"[主动] 造成1伤害
[主动] 减速一件物品1秒
[被动] 每有一件相邻食物，此物品+1多重释放",null,此物品的价值翻倍,此物品的减速持续时间翻倍,冻结一件物品0.5秒,加速一件物品1秒,获得护盾，等量于此物品伤害量,获得治疗，等量于此物品伤害,造成剧毒，等量于此物品伤害的10%,造成灼烧，等量于此物品伤害的10%,此物品+1多重释放,此物品+50%暴击率,此物品免疫冻结、减速和摧毁,此物品的伤害翻倍
10bd6498-7d7f-4567-b80c-d30a133ae109,Oxygen Tank,氧气罐,Item / 物品,Medium / 中型,Silver / 白银,Silver/Gold/Diamond,Stelle / 斯黛尔,Tool / 工具,Regen / 再生 | Heal / 治疗,4.0,4,0,,0,0,0,,0,,0,,1,1,0,,0,,100,100/250/500,0,,0,0,0,0,"[主动] 每拥有一辆载具，就治疗75/100/125生命值
[被动] 此物品被摧毁时，生命再生量提高100/250/500",null,此物品的价值翻倍,减速2件物品1秒,冻结一件物品1秒,加速2件物品1秒,获得护盾，等量于此物品治疗量,此物品的治疗翻倍,造成剧毒，等量于此物品治疗量的10%,造成灼烧，等量于此物品治疗量的10%,此物品+1多重释放,此物品+50%暴击率,此物品免疫冻结和减速,造成伤害，等量于此物品治疗量
10ff0767-2cf5-49f5-ae5d-bea93d1d3672,Eject Button,紧急弹射按钮,Item / 物品,Small / 小型,Silver / 白银,Silver/Gold/Diamond,Stelle / 斯黛尔,Tech / 科技,Flying / 飞行 | FlyingRef / 飞行引用 | Shield / 护盾,6.0,6,0,,0,,10,10/20/30,0,,0,,1,1,0,,0,,0,,0,,0,0,0,0,"[主动] 载具和无人机停止飞行
[被动] 你的物品停止飞行时，获得10/20/30护盾
[被动] 每场战斗中首次生命值降至一半以下时，使用此物品",null,此物品的价值翻倍,减速一件物品3秒,冻结一件物品0.5秒,加速一件物品3秒,此物品的护盾翻倍,你的物品停止飞行时，获得治疗，等量于此物品护盾,你的物品停止飞行时，造成剧毒，等量于此物品护盾值的10%,你的物品停止飞行时，造成灼烧，等量于此物品护盾值的10%,己方物品停止飞行时，获得{ability.e1}护盾,你的物品停止飞行时，己方物品+10暴击率,此物品免疫冻结、减速和摧毁,你的物品停止飞行时，造成伤害，等量于此物品护盾
11071142-5633-4b4c-8d11-7d62038bdb61,Scales,天平,Item / 物品,Medium / 中型,Gold / 黄金,Gold/Diamond,Mak / 马克,Tool / 工具,Charge / 充能,4.0,4,0,,0,,0,,0,,0,,1,1,0,,0,,0,,0,,0,0,0,0,"[主动] 为相邻物品充能1/2秒
[被动] 如果此物品两侧物品数量相同，则改为充能所有其他物品",null,此物品的价值翻倍,减速2件物品1秒,冻结一件物品1秒,加速2件物品1秒,获得100护盾,治疗100生命值,造成10剧毒,造成10灼烧,此物品+1多重释放,相邻物品+40%暴击率,此物品免疫冻结、减速和摧毁,造成100伤害
111a690e-0afc-41f1-adb5-c8c055b64627,Laser Security System,激光安防系统,Item / 物品,Small / 小型,Silver / 白银,Silver/Gold/Diamond,Pygmalien / 皮格马利翁,Weapon / 武器 | Tech / 科技,Damage / 伤害 | EconomyRef / 经济引用 | Value / 价值,9.0,9/8/7,20,20,0,,0,,0,,0,,1,1,0,,0,,0,,0,,0,0,0,0,"[主动] 造成20伤害
[被动] 当你使用地产时，此物品伤害提高，增幅等于该物品的价值",null,此物品的价值翻倍,减速一件物品3秒,冻结一件物品0.5秒,加速一件物品3秒,获得护盾，等量于此物品伤害量,获得治疗，等量于此物品伤害,造成剧毒，等量于此物品伤害的10%,造成灼烧，等量于此物品伤害的10%,此物品+1多重释放,此物品+50%暴击率,此物品免疫冻结、减速和摧毁,此物品的伤害翻倍
114ead49-ef5b-484f-a6d3-9f218d218234,Plasma Whip,,Item / 物品,Small / 小型,Bronze / 青铜,Bronze/Silver/Gold/Diamond,Common / 通用,,Burn / 灼烧 | Damage / 伤害,4.0,4,2,2,0,,0,,0,,0,,1,1,2,2,0,,0,,0,,0,0,0,0,"[主动] None
[主动] None",null,,,,,,,,,,,,
1179ed38-2357-4718-a0c7-c30d56493d08,Cryosleeve,寒冰特服,Item / 物品,Medium / 中型,Silver / 白银,Silver/Gold/Diamond,Common / 通用,Apparel / 服饰,Freeze / 冻结 | Shield / 护盾,4.0,4,0,,0,,50,50/75/100,0,,0,,0,,0,,0,,0,,0,,0,0,0,0,"[主动] 冻结此物品以及相邻物品1秒
[被动] 当任意一方有物品被冻结时，获得50/75/100护盾
[被动] 己方物品被冻结的时间减半",null,此物品的价值翻倍,减速2件物品1秒,冻结一件物品1秒,加速2件物品1秒,此物品的护盾翻倍,当任意一方有物品被冻结时，获得治疗，等量于此物品护盾,当任意一方有物品被冻结时，造成剧毒，等量于此物品护盾值的10%,当任意一方有物品被冻结时，造成灼烧，等量于此物品护盾值的10%,此物品+1多重释放,己方物品+25%暴击率,此物品免疫冻结、减速和摧毁,当任意一方有物品被冻结时，造成伤害，等量于此物品护盾
1192dfd6-3f2d-4077-9edf-ca37417aa8e3,Buster,鲨鱼导弹,Item / 物品,Medium / 中型,Gold / 黄金,Gold/Diamond,Stelle / 斯黛尔,Weapon / 武器 | Tech / 科技,Flying / 飞行 | FlyingRef / 飞行引用 | Damage / 伤害,0.0,,0,0,0,,0,,0,,0,,0,,0,,0,,0,,0,,0,0,0,0,"[被动] 当己方载具或无人机开始飞行时，此物品开始飞行
[被动] 当此物品停止飞行时，造成伤害，等量于敌人最大生命值的20/30%，然后摧毁此物品和一件敌方物品",null,此物品的价值翻倍,当此物品停止飞行时，减速2件物品4秒,当此物品停止飞行时，冻结一件物品4秒,当此物品停止飞行时，加速2件物品4秒,此物品停止飞行时，获得护盾，等量于此物品伤害,此物品停止飞行时，获得治疗，等量于此物品伤害,此物品停止飞行时，造成剧毒，等量于此物品伤害的10%,此物品停止飞行时，造成灼烧，等量于此物品伤害的10%,此物品的伤害翻倍,己方载具和无人机+40%暴击率,相邻物品受冻结和减速影响的时间减半,此物品的伤害翻倍
11a5306d-f114-4f8d-abcc-442c3a979317,Robotic Factory,机器人工厂,Item / 物品,Large / 大型,Diamond / 钻石,Diamond,Dooley / 杜利,Property / 地产 | Tech / 科技,,0.0,,0,,0,,0,,0,,0,,0,,0,,0,,0,,0,,0,0,0,0,[被动] 己方伙伴+1多重释放。,null,此物品的价值翻倍,当你使用一件伙伴时，减速一件物品1秒,当你使用一件伙伴时，冻结一件物品0.5秒,使用伙伴时，加速一件物品1秒,使用伙伴时，获得30护盾,使用伙伴时，获得30治疗,使用伙伴时，造成3剧毒,使用伙伴时，造成3灼烧,此物品的多重释放加成翻倍,己方伙伴+50%暴击率,己方伙伴受冻结和减速影响的时长减半,使用伙伴时，造成30伤害
11a79e75-592d-4e39-8fb1-f8da7f3ae135,Runic Blade,符文之刃,Item / 物品,Medium / 中型,Gold / 黄金,Gold/Diamond,Mak / 马克,Weapon / 武器 | Relic / 遗物,Damage / 伤害 | CritReference,12.0,12/10,20,20,0,,0,,0,,0,,0,,0,,0,,0,,100,100,0,0,0,0,"[主动] 造成20伤害
[被动] 当你暴击时，此物品伤害翻倍",null,此物品的价值翻倍,减速2件物品4秒,冻结2件物品1秒,加速2件物品4秒,获得护盾，等量于此物品伤害量,获得治疗，等量于此物品伤害,造成剧毒，等量于此物品伤害的10%,造成灼烧，等量于此物品伤害的10%,此物品+1多重释放,此物品+50%暴击率,此物品免疫冻结、减速和摧毁,此物品的伤害翻倍
11c2fbfe-ce9f-4007-99ac-5e37a9ba7dca,Micro Mach,微马赫小赛车,Item / 物品,Small / 小型,Bronze / 青铜,Bronze/Silver/Gold/Diamond,Dooley / 杜利,Toy / 玩具 | Vehicle / 载具,Haste / 加速,5.0,5/4/3/2,0,,0,,0,,0,,0,,1,1,0,,0,,0,,0,,0,0,0,0,[主动] 加速此物品2秒,null,此物品的价值翻倍,减速一件物品1秒,冻结一件物品0.5秒,此物品的加速持续时间翻倍,获得10护盾,治疗10生命值,造成1剧毒,造成1灼烧,此物品+1多重释放,一件相邻物品获得10%暴击率,此物品免疫冻结、减速和摧毁,造成10伤害
124862bc-eb77-4835-9e3b-68a4c3e4490e,Grill,烧烤架,Item / 物品,Large / 大型,Gold / 黄金,Gold/Diamond,Jules / 朱尔斯,Tool / 工具,Burn / 灼烧 | HeatedReference,0.0,,0,,0,,0,,0,,0,,0,,4,4,0,,0,,0,,0,0,0,0,"[被动] 使用食物时，造成4灼烧
[被动] 当你使用高温食物时，此物品获得1/2
[被动] 左侧相邻的物品获得高温效果",null,此物品的价值翻倍,使用食物时，减速一件物品1秒,使用食物时，冻结一件物品0.5秒,使用食物时，加速一件物品1秒,使用食物时，获得护盾，等量于此物品灼烧的5倍,使用食物时，获得治疗，等量于此物品灼烧的5倍,使用食物时，造成剧毒，等量于此物品灼烧,此物品的灼烧翻倍,相邻食物+1多重释放,己方食物+50%暴击率,己方食物所受冻结和减速持续时间减半,使用食物时，造成伤害，等量于此物品灼烧5倍
12a26afa-0ff6-4aa2-a964-62a4e164ad22,Recycler Bot,回收机器人,Item / 物品,Small / 小型,Bronze / 青铜,Bronze/Silver/Gold/Diamond,Stelle / 斯黛尔,Tool / 工具,Shield / 护盾,5.0,5,0,,0,,20,20,0,,0,,0,,0,,0,,0,,0,,0,0,0,0,"[主动] 获得20护盾
[主动] 修复1/2/3/4件小型物品",null,此物品的价值翻倍,减速一件物品2秒,冻结一件物品0.5秒,加速一件物品2秒,此物品的护盾翻倍,获得治疗，等量于此物品护盾值,造成剧毒，等量于此物品护盾值的10%,造成灼烧，等量于此物品护盾值的10%,此物品+1多重释放,此物品+50%暴击率,此物品免疫冻结、减速和摧毁,造成伤害，等量于此物品护盾
13081c31-f8b4-400d-bedc-8f311b08153b,Blueberry Pie,蓝莓派,Item / 物品,Medium / 中型,Bronze / 青铜,Bronze/Silver/Gold/Diamond,Jules / 朱尔斯,Food / 食物,Shield / 护盾 | Burn / 灼烧 | HeatedReference,5.0,5,0,,0,,20,20/40/80/160,0,,0,,1,1,0,0,0,,0,,0,,0,0,0,0,"[主动] 获得20/40/80/160护盾
[主动] 高温时：造成灼烧，等量于此物品护盾的20%",null,此物品的价值翻倍,减速2件物品1秒,冻结一件物品1秒,加速2件物品1秒,此物品的护盾翻倍,获得治疗，等量于此物品护盾值,造成剧毒，等量于此物品护盾值的10%,此物品的灼烧翻倍,此物品+1多重释放,此物品+50%暴击率,此物品免疫冻结、减速和摧毁,造成伤害，等量于此物品护盾
13091e74-2fec-4745-82e5-2572b485fedc,Clockwork Disc,发条圆盘,Item / 物品,Small / 小型,Bronze / 青铜,Bronze/Silver/Gold/Diamond,Stelle / 斯黛尔,Weapon / 武器 | Toy / 玩具,Damage / 伤害 | Flying / 飞行,4.0,4,10,10/20/40/80,0,,0,,0,,0,,1,1,0,,0,,0,,0,,0,0,0,0,"[主动] 此物品开始或停止飞行
[主动] 造成10/20/40/80伤害",null,此物品的价值翻倍,减速一件物品2秒,冻结一件物品0.5秒,加速一件物品2秒,获得护盾，等量于此物品伤害量,获得治疗，等量于此物品伤害,造成剧毒，等量于此物品伤害的10%,造成灼烧，等量于此物品伤害的10%,此物品+1多重释放,此物品+50%暴击率,此物品免疫冻结、减速和摧毁,此物品的伤害翻倍
1312cf29-3dbb-446f-88b2-0d4999e68d78,Pearl,珍珠,Item / 物品,Small / 小型,Bronze / 青铜,Bronze/Silver/Gold/Diamond,Vanessa / 瓦内莎,Aquatic / 水系,Shield / 护盾,5.0,5,0,,0,,10,10/20/30/40,0,,0,,1,1,0,,0,,0,,0,,0,0,0,0,"[主动] 获得10/20/30/40护盾
[被动] 当你使用另一件水系物品时，充能此物品1秒",null,此物品的价值翻倍,减速一件物品1秒,冻结一件物品0.5秒,加速一件物品1秒,此物品的护盾翻倍,获得治疗，等量于此物品护盾值,造成剧毒，等量于此物品护盾值的10%,造成灼烧，等量于此物品护盾值的10%,此物品+1多重释放,此物品+50%暴击率,此物品免疫冻结、减速和摧毁,造成伤害，等量于此物品护盾
1340399f-3cb1-46b6-8aaa-8f7f272a0911,Massive Cleaver,巨型菜刀,Item / 物品,Large / 大型,Gold / 黄金,Gold/Diamond,Jules / 朱尔斯,Weapon / 武器 | Tool / 工具,HealthRef / 生命值引用 | CritReference | Damage / 伤害,10.0,10/8,0,0,0,,0,,0,,0,,0,,0,,0,,0,,0,,0,0,0,0,"[主动] 造成伤害，等量于最大生命值的15%
[被动] 暴击时，充能此物品2秒",null,此物品的价值翻倍,减速3件物品1秒,冻结2件物品1秒,加速3件物品1秒,获得护盾，等量于此物品伤害量,获得治疗，等量于此物品伤害,造成剧毒，等量于此物品伤害的10%,造成灼烧，等量于此物品伤害的10%,此物品+1多重释放,此物品+50%暴击率,此物品免疫冻结、减速和摧毁,此物品的伤害翻倍
13b8f787-33ec-47e3-84f5-a7816f651ba1,Carving Fork,烤肉叉,Item / 物品,Small / 小型,Bronze / 青铜,Bronze/Silver/Gold/Diamond,Jules / 朱尔斯,Weapon / 武器 | Tool / 工具,Damage / 伤害,4.0,4,3,3/6/9/12,0,,0,,0,,0,,1,1,0,,0,,0,,0,,0,0,0,0,"[主动] 造成3/6/9/12伤害
[主动] 己方物品+3/6/9/12",null,此物品的价值翻倍,减速一件物品1秒,冻结一件物品0.5秒,加速一件物品1秒,获得护盾，等量于此物品伤害量,获得治疗，等量于此物品伤害,造成剧毒，等量于此物品伤害的10%,造成灼烧，等量于此物品伤害的10%,此物品+1多重释放,此物品+50%暴击率,此物品免疫冻结、减速和摧毁,此物品的伤害加成翻倍
13f852ba-1d3d-4c1a-b6db-79072e0b19d0,Pop Snappers,燃烧响炮,Item / 物品,Small / 小型,Bronze / 青铜,Bronze/Silver/Gold/Diamond,Vanessa / 瓦内莎,Toy / 玩具,Burn / 灼烧 | Ammo / 弹药,3.0,3,0,,0,,0,,4,4,0,,1,1,4,4/8/12/16,0,,0,,0,,0,0,0,0,"[主动] 造成4/8/12/16灼烧
[主动] 弹药: 4",null,此物品的价值翻倍,减速一件物品1秒,冻结一件物品0.5秒,加速一件物品1秒,获得护盾，等量于此物品灼烧的5倍,获得治疗，等量于此物品灼烧的5倍,造成剧毒，等量于此物品灼烧,此物品的灼烧翻倍,此物品+1多重释放,此物品+50%暴击率,此物品免疫冻结、减速和摧毁,造成伤害，等量于此物品灼烧的5倍
14b297c5-db65-492d-aad7-9ffe101cae5f,Incendiary Rounds,燃烧子弹,Item / 物品,Small / 小型,Silver / 白银,Silver/Gold/Diamond,Vanessa / 瓦内莎,,Burn / 灼烧,0.0,,0,,0,,0,,0,,0,,0,,2,2/4/6,0,,0,,0,,0,0,0,0,[被动] 使用相邻物品时，造成2/4/6灼烧,null,此物品的价值翻倍,使用相邻物品时，减速一件物品1秒,使用相邻物品时，冻结一件物品0.5秒,使用相邻物品时，加速该物品1秒,使用相邻物品时，获得护盾，等量于此物品灼烧的5倍,使用相邻物品时，获得治疗，等量于此物品灼烧的5倍,使用相邻物品时，造成剧毒，等量于此物品的灼烧,此物品的灼烧翻倍,使用相邻物品时，造成{ability.0}灼烧,相邻物品+30%暴击率,相邻物品受冻结和减速影响的时间减半,使用相邻物品时，造成伤害，等量于此物品灼烧的5倍
14cd589f-5648-4fc7-82d1-c62da0047982,Subscraper,地下商街,Item / 物品,Large / 大型,Gold / 黄金,Gold/Diamond,Pygmalien / 皮格马利翁,Property / 地产,Heal / 治疗 | Value / 价值 | EconomyRef / 经济引用,7.0,7,0,,0,0,0,,0,,0,,1,1,0,,0,,0,,0,,0,0,0,0,"[主动] 获得治疗，等量于己方物品价值的4/6倍
[被动] 战斗期间，己方其他地产+价值，等量于此物品的价值",null,此物品的价值翻倍,减速3件物品2秒,冻结2件物品1秒,加速3件物品2秒,获得护盾，等量于此物品治疗量,此物品的治疗翻倍,造成剧毒，等量于此物品治疗量的10%,造成灼烧，等量于此物品治疗量的10%,此物品+1多重释放,此物品+50%暴击率,此物品免疫冻结、减速和摧毁,造成伤害，等量于此物品治疗量
153dfd6d-7dc8-4386-9703-ea6c99f92d4a,Warpaint,战纹涂料,Item / 物品,Small / 小型,Silver / 白银,Silver/Gold/Diamond,Karnok,Apparel / 服饰,Rage,0.0,,0,,0,,0,,0,,0,,0,,0,,0,,0,,0,,0,0,0,0,[被动] 使用左侧相邻的物品时，获得怒火,null,此物品的价值翻倍,当你使用左侧物品时，减速一件物品1秒,当你使用左侧物品时，冻结一件物品0.5秒,使用左侧相邻的物品时，加速该物品1秒,使用左侧相邻的物品时，获得30护盾,使用左侧相邻的物品时，获得30治疗,使用左侧相邻的物品时，造成3剧毒,使用左侧相邻的物品时，造成3灼烧,此物品的怒火获取值翻倍,此物品左侧相邻的物品+50%暴击率,此物品左侧相邻的物品受冻结和减速影响的时间减半,使用左侧相邻的物品时，造成30伤害
1543f7d4-b984-420d-a747-23dfe38f6933,Delivery Drone,投送无人机,Item / 物品,Medium / 中型,Bronze / 青铜,Bronze/Silver/Gold/Diamond,Stelle / 斯黛尔,Tech / 科技 | Drone,Charge / 充能 | FlyingRef / 飞行引用,4.0,4,0,,0,,0,,0,,0,,1,1,0,,0,,0,,0,,0,0,0,0,"[主动] 为另一件飞行物品充能1/1.5/2/2.5秒
[被动] 每天开始时，获得一件战利品物品",null,此物品的价值翻倍,减速2件物品1秒,冻结一件物品1秒,加速2件物品1秒,获得70护盾,治疗70生命值,造成7剧毒,造成7灼烧,此物品+1多重释放,己方飞行物品+40%暴击率,此物品免疫冻结、减速和摧毁,造成70伤害
15a2cf7d-4e08-4358-8bd1-730919719023,Safe,保险箱,Item / 物品,Medium / 中型,Bronze / 青铜,Bronze/Silver/Gold/Diamond,Pygmalien / 皮格马利翁,,EconomyRef / 经济引用,0.0,,0,,0,,0,,0,,0,,0,,0,,0,,0,,0,,0,0,0,0,[被动] 出售此物品时，获得3枚零钱,"目标: 击败3个怪物 | 奖励: ……再获得3件战利品物品
目标: 找到一处宝藏 | 奖励: ……再获得一袋珠宝
目标: 寻找零钱 | 奖励: ……再获得3枚零钱",你+3收入,,,,,,,,出售此物品时，额外获得{ability.0}枚零钱,,,
15d84898-4217-4bc3-ae12-7bd70641e646,Fogshroom,雾菇,Item / 物品,Small / 小型,Gold / 黄金,Gold/Diamond,Karnok,Food / 食物,Charge / 充能 | Slow / 减速 | RageReference,4.0,4,0,,0,,0,,0,,0,,1,1,0,,0,,0,,0,,0,0,0,0,"[主动] 减速相邻物品1秒
[主动] 如果你处于暴怒状态，充能己方其他物品1/2秒",null,此物品的价值翻倍,此物品的减速持续时间减半,冻结一件物品0.5秒,加速一件物品2秒,获得40护盾,治疗40生命值,造成4剧毒,造成4灼烧,此物品+1多重释放,相邻物品+30%暴击率,此物品免疫冻结、减速和摧毁,造成40伤害
1654faeb-e324-46d6-a1e8-d4b838f951a6,Void Disruptor,虚空干扰器,Item / 物品,Medium / 中型,Gold / 黄金,Gold/Diamond,Common / 通用,Tech / 科技,Shield / 护盾,10.0,10,0,,0,,0,0,0,,0,,1,1,0,,0,,0,,0,,0,0,0,0,"[主动] 摧毁相邻物品
[被动] 当你摧毁物品时，获得护盾，等量于你最大生命值的20/25%",null,此物品的价值翻倍,当你摧毁物品时，减速2件物品4秒,当你摧毁一件物品时，冻结一件物品1秒,当你摧毁物品时，加速2件物品4秒,此物品的护盾翻倍,当你摧毁一件物品时，获得治疗，等量于此物品护盾,当你摧毁一件物品时，造成剧毒，等量于此物品护盾值的10%,当你摧毁一件物品时，造成灼烧，等量于此物品护盾值的10%,一件物品+0多重释放,己方物品+30%暴击率,此物品免疫冻结、减速和摧毁,当你摧毁一件物品时，造成伤害，等量于此物品护盾
16667da1-b904-4a3f-a1b5-a18fe4e6705a,Oven,烤箱,Item / 物品,Large / 大型,Diamond / 钻石,Diamond,Jules / 朱尔斯,Tool / 工具,HeatedReference,6.0,6,0,,0,,0,,0,,0,,1,1,0,,0,,0,,0,,0,0,0,0,"[主动] 己方食物获得高温效果4秒
[被动] 己方其他高温物品+1多重释放",null,此物品的价值翻倍,当你使用高温物品时，减速一件物品1秒,当你使用高温物品时，冻结一件物品0.5秒,使用高温物品时，加速一件物品1秒,当你使用高温物品时，获得30护盾,当你使用高温物品时，获得30治疗,当你使用高温物品时，造成3剧毒,当你使用高温物品时，造成3灼烧,此物品的多重释放加成翻倍,己方高温物品+50%暴击率,己方高温物品被冻结和减速的时间减半,当你使用高温物品时，造成30伤害
166cce40-27ab-4bd4-8719-f649b1c0b8d8,Tranquilizer Dart,麻醉镖,Item / 物品,Small / 小型,Silver / 白银,Silver/Gold/Diamond,Karnok,Tool / 工具,Slow / 减速 | Ammo / 弹药,4.0,4,0,,0,,0,,3,3,0,,1,1,0,,0,,0,,0,,0,0,0,0,"[主动] 减速1/2/3件物品2秒
[主动] 弹药: 3
[被动] 若敌方拥有伙伴，此物品+1多重释放",null,此物品的价值翻倍,此物品的减速持续时间翻倍,冻结一件物品0.5秒,加速一件物品2秒,获得60护盾,治疗60生命值,造成6剧毒,造成6灼烧,此物品+1多重释放,己方物品+20%暴击率,此物品免疫冻结、减速和摧毁,造成60伤害
16b0d645-3a47-45a1-be2a-1e3ee311f33e,Regeneration Potion,再生药水,Item / 物品,Small / 小型,Bronze / 青铜,Bronze/Silver/Gold/Diamond,Mak / 马克,Potion / 药水,Ammo / 弹药 | Regen / 再生,5.0,5,0,,0,,0,,1,1,0,,1,1,0,,0,,5,5/10/20/30,0,,0,0,0,0,"[主动] 生命再生量提高5/10/20/30
[主动] 弹药: 1",null,此物品的价值翻倍,减速一件物品3秒,冻结一件物品0.5秒,加速一件物品3秒,获得护盾，等量于此物品生命再生量的5倍,获得治疗，等量于此物品生命再生量的5倍,造成剧毒，等量于此物品生命再生量,造成灼烧，等量于此物品的生命再生量,此物品+1多重释放,此物品+50%暴击率,此物品免疫冻结、减速和摧毁,造成伤害，等量于此物品生命再生的5倍
16b9413f-c28b-4c45-84a9-4c214cc681fd,Jetbike,喷射摩托,Item / 物品,Large / 大型,Silver / 白银,Silver/Gold/Diamond,Vanessa / 瓦内莎,Weapon / 武器 | Vehicle / 载具,Damage / 伤害 | Flying / 飞行 | FlyingRef / 飞行引用,7.0,7/6/5,200,200/400/800,0,,0,,0,,0,,1,1,0,,0,,0,,0,,0,0,0,0,"[主动] 造成200/400/800伤害
[被动] 当你使用相邻物品时，该物品和此物品开始飞行
[被动] 当你使用另一件飞行物品时，充能此物品1秒",null,此物品的价值翻倍,减速2件物品1秒,冻结1件物品1秒,加速2件物品1秒,获得护盾，等量于此物品伤害量,获得治疗，等量于此物品伤害,造成剧毒，等量于此物品伤害的10%,造成灼烧，等量于此物品伤害的10%,此物品+1多重释放,此物品+50%暴击率,此物品免疫冻结、减速和摧毁,此物品的伤害翻倍
16e3ebba-d530-489c-8439-3b47a4182c09,Katana,武士刀,Item / 物品,Medium / 中型,Bronze / 青铜,Bronze/Silver/Gold/Diamond,Vanessa / 瓦内莎,Weapon / 武器,Damage / 伤害,1.1,1.1,99999,99999,0,,0,,0,,0,,1,1,0,,0,,0,,0,,0,0,0,0,[主动] 造成99999伤害,null,,,,,,,,,,,,
175b351d-f28a-4f74-8bc2-6568eeb075ca,Drafting Table,制图桌,Item / 物品,Medium / 中型,Silver / 白银,Silver/Gold/Diamond,Stelle / 斯黛尔,Tool / 工具,Charge / 充能,7.0,7/6/5,0,,0,,0,,0,,0,,1,1,0,,0,,0,,0,,0,0,0,0,"[主动] 每拥有一件工具，就为非工具物品充能1秒
[被动] 每天开始时，如果己方有3件或以上工具，升级一件更低级别的载具或无人机",null,此物品的价值翻倍,减速2件物品2秒,冻结一件物品1秒,加速2件物品2秒,获得150护盾,治疗150生命值,造成15剧毒,造成15灼烧,此物品+1多重释放,己方非工具物品+50%暴击率,此物品免疫冻结、减速和摧毁,造成150伤害
179f4d08-9001-4216-a46d-6600e2d0b2fc,Black Mamba,黑曼巴,Item / 物品,Small / 小型,Bronze / 青铜,Bronze/Silver/Gold/Diamond,Karnok,Friend / 伙伴,Poison / 剧毒 | PoisonRef / 剧毒引用 | RageReference,5.0,5,0,,0,,0,,0,,0,,1,1,0,,1,1,0,,0,,0,0,0,0,"[主动] 造成1剧毒
[被动] 当你进入暴怒状态时，己方物品获得5/10/15/20",null,此物品的价值翻倍,减速一件物品2秒,冻结一件物品0.5秒,加速一件物品2秒,获得护盾，等量于此物品剧毒的5倍,获得治疗，等量于此物品剧毒的5倍,此物品的剧毒翻倍,造成灼烧，等量于此物品的剧毒,此物品+1多重释放,此物品+50%暴击率,此物品免疫冻结、减速和摧毁,造成伤害，等量于此物品剧毒的5倍
17b00db1-57cd-40f1-ac4a-302915939b97,Port,港口,Item / 物品,Large / 大型,Silver / 白银,Silver/Gold/Diamond,Vanessa / 瓦内莎,Property / 地产 | Aquatic / 水系,AmmoRef / 弹药引用 | Charge / 充能,6.0,6,0,,0,,0,,0,,0,,1,1,0,,0,,0,,0,,0,0,0,0,"[主动] 为所有己方物品装填2/3/4发弹药，并为其充能1/2/3秒
[被动] 每天开始时，获得一件来自任意英雄的小型弹药物品",null,此物品的价值翻倍,当你使用弹药物品时，减速一件物品1秒,使用弹药物品时，冻结一件物品0.5秒,使用弹药物品时，加速一件物品1秒,使用弹药物品时，获得30护盾,使用弹药物品时，获得30治疗,使用弹药物品时，造成3剧毒,使用弹药物品时，造成3灼烧,此物品+1多重释放,己方弹药物品+50%暴击率,此物品免疫冻结、减速和摧毁,使用弹药物品时，造成30伤害
17fe0a7a-6432-49ec-a931-9237482bc8f2,Windbreaker,防风外套,Item / 物品,Medium / 中型,Silver / 白银,Silver/Gold/Diamond,Stelle / 斯黛尔,Apparel / 服饰,Shield / 护盾 | FlyingRef / 飞行引用,5.0,5,0,,0,,25,25,0,,0,,1,1,0,,0,,0,,0,,0,0,0,0,"[主动] 获得25护盾
[被动] 当己方物品开始飞行时，此物品获得25/50/75
[被动] 此物品正在飞行时，护盾翻倍",null,此物品的价值翻倍,减速2件物品1秒,冻结一件物品1秒,加速2件物品1秒,此物品的护盾翻倍,获得治疗，等量于此物品护盾值,造成剧毒，等量于此物品护盾值的10%,造成灼烧，等量于此物品护盾值的10%,此物品+1多重释放,此物品+50%暴击率,此物品免疫冻结、减速和摧毁,造成伤害，等量于此物品护盾
18100c8e-24db-4568-bd8c-4c8914557e11,Hydrogen Tank,氢气罐,Item / 物品,Medium / 中型,Silver / 白银,Silver/Gold/Diamond,Stelle / 斯黛尔,Tool / 工具,Burn / 灼烧 | Haste / 加速,6.0,6,0,,0,,0,,0,,0,,1,1,100,100/150/200,0,,0,,0,,0,0,0,0,"[主动] 加速相邻物品1/2/3秒
[被动] 使用相邻载具时，充能此物品2秒
[被动] 此物品被摧毁时，造成100/150/200灼烧",null,此物品的价值翻倍,减速2件物品1秒,冻结一件物品1秒,此物品的加速持续时间翻倍,获得100护盾,治疗100生命值,造成10剧毒,此物品的灼烧翻倍,此物品+1多重释放,己方载具+40%暴击率,此物品免疫冻结和减速,造成100伤害
18593111-fd25-4494-8eb4-1f279759ae33,Cornucopia,丰饶之角,Item / 物品,Medium / 中型,Gold / 黄金,Gold/Diamond,Jules / 朱尔斯,Food / 食物,Charge / 充能 | HeatedReference | ChilledReference,4.0,4,0,,0,,0,,0,,0,,1,1,0,,0,,0,,0,,0,0,0,0,"[主动] 高温时：充能己方其他高温物品1/2秒
[主动] 霜冻时：充能己方其他霜冻物品1/2秒",null,此物品的价值翻倍,减速2件物品1秒,冻结一件物品1秒,加速2件物品1秒,获得100护盾,治疗100生命值,造成10剧毒,造成10灼烧,此物品+1多重释放,己方高温和霜冻物品+50%暴击率,此物品免疫冻结、减速和摧毁,造成100伤害
1894ef72-327a-4b36-b336-1a58d2366492,Flare Gun,信号枪,Item / 物品,Small / 小型,Silver / 白银,Silver/Gold/Diamond,Stelle / 斯黛尔,Tool / 工具,Burn / 灼烧 | Cooldown / 冷却 | Flying / 飞行 | Ammo / 弹药,5.0,5,0,,0,,0,,1,1/2/3,0,,1,1,10,10,0,,0,,0,,0,0,0,0,"[主动] 一辆载具开始飞行
[主动] 造成10灼烧
[主动] 弹药: 1/2/3
[被动] 当敌人处于灼烧状态时，己方载具冷却时间缩短1000秒",null,此物品的价值翻倍,减速一件物品2秒,冻结一件物品0.5秒,加速一件物品2秒,获得护盾，等量于此物品灼烧的5倍,获得治疗，等量于此物品灼烧的5倍,造成剧毒，等量于此物品灼烧,此物品的灼烧翻倍,此物品+1多重释放,此物品+50%暴击率,此物品免疫冻结、减速和摧毁,造成伤害，等量于此物品灼烧的5倍
189575f2-cf55-44ee-a70b-362ce75c9c9e,Wallace,墙莱士,Item / 物品,Small / 小型,Bronze / 青铜,Bronze/Silver/Gold/Diamond,Dooley / 杜利,Friend / 伙伴,Shield / 护盾,6.0,6,0,,0,,10,10,0,,0,,1,1,0,,0,,0,,0,,0,0,0,0,"[主动] 获得10护盾
[主动] 此物品获得10/20/30/40",null,此物品的价值翻倍,减速一件物品3秒,冻结一件物品0.5秒,加速一件物品3秒,此物品的护盾翻倍,获得治疗，等量于此物品护盾值,造成剧毒，等量于此物品护盾值的10%,造成灼烧，等量于此物品护盾值的10%,此物品+1多重释放,此物品+50%暴击率,此物品免疫冻结、减速和摧毁,造成伤害，等量于此物品护盾
189c31f3-1641-4e05-bf78-800e71ffc0e7,Multitool,瑞士军刀,Item / 物品,Small / 小型,Bronze / 青铜,Bronze/Silver/Gold/Diamond,Stelle / 斯黛尔,Tool / 工具,Haste / 加速 | Slow / 减速,6.0,6,0,,0,,0,,0,,0,,1,1,0,,0,,0,,0,,0,0,0,0,"[主动] 加速1/2/3/4件物品1秒
[主动] 减速1/2/3/4件物品1秒",null,此物品的价值翻倍,此物品的减速持续时间翻倍,冻结一件物品0.5秒,此物品的加速持续时间翻倍,获得60护盾,治疗60生命值,造成6剧毒,造成6灼烧,此物品+1多重释放,己方物品+10%暴击率,此物品免疫冻结、减速和摧毁,造成60伤害
18c26e82-be5f-40a8-86ba-0e15d0cba3f4,Holo-Disguise Generator,,Item / 物品,Large / 大型,Bronze / 青铜,Bronze/Silver/Gold/Diamond,Common / 通用,,Shield / 护盾,5.0,5,0,,0,,8,8,0,,0,,1,1,0,,0,,0,,0,,0,0,0,0,[主动] None,null,,,,,,,,,,,,
18e2e46f-6419-44b3-80fa-11b13bc7b831,Billboard,广告牌,Item / 物品,Large / 大型,Gold / 黄金,Gold/Diamond,Pygmalien / 皮格马利翁,Property / 地产,EconomyRef / 经济引用 | Value / 价值 | Shield / 护盾,5.0,5/4,0,,0,,0,0,0,,0,,1,1,0,,0,,0,,0,,0,0,0,0,"[主动] 获得护盾，等量于此物品价值的2/3倍
[被动] 当你使用物品时，该物品获得+20%价值
[被动] 己方价值最低的物品+1多重释放",null,此物品的价值加成翻倍,减速2件物品1秒,冻结一件物品1秒,加速2件物品1秒,此物品的护盾翻倍,获得治疗，等量于此物品护盾值,造成剧毒，等量于此物品护盾值的10%,造成灼烧，等量于此物品护盾值的10%,此物品+1多重释放,此物品+50%暴击率,此物品免疫冻结、减速和摧毁,造成伤害，等量于此物品护盾
19199531-1aff-47ce-bdfc-1188cb3efec2,Runic Potion,符文药水,Item / 物品,Small / 小型,Silver / 白银,Silver/Gold/Diamond,Mak / 马克,Potion / 药水,Haste / 加速 | Ammo / 弹药 | DamageRef / 伤害引用,4.0,4,0,,0,,0,,1,1/2/3,0,,1,1,0,,0,,0,,0,,0,0,0,0,"[主动] 加速吸血武器1秒
[主动] 一件武器获得吸血
[主动] 弹药: 1/2/3",null,此物品的价值翻倍,减速一件物品2秒,冻结一件物品0.5秒,此物品的加速持续时间翻倍,获得40护盾,治疗40生命值,造成4剧毒,造成4灼烧,此物品+1多重释放,己方吸血武器+40%暴击率,此物品免疫冻结、减速和摧毁,造成40伤害
19379b88-4fe5-474c-a254-d266c0435bf4,Upgrade Hammer,升级锤,Item / 物品,Small / 小型,Silver / 白银,Silver/Gold/Diamond,Common / 通用,,,0.0,,0,,0,,0,,0,,0,,0,,0,,0,,0,,0,,0,0,0,0,[被动] 出售此物品时，升级己方最左侧的低级别物品,null,……并为该物品赋予黄金附魔（如适用）,……并为该物品赋予沉重附魔（如适用）,……并为该物品赋予寒冰附魔（如适用）,……并为该物品赋予疾速附魔（如适用）,……并为该物品赋予护盾附魔（如适用）,……并为该物品赋予回复附魔（如适用）,……并为该物品赋予剧毒附魔（如适用）,……并为该物品赋予炽焰附魔（如适用）,……并为该物品赋予闪亮附魔（如适用）,……并为该物品赋予致命附魔（如适用）,……并为该物品赋予辉耀附魔（如适用）,……并为该物品赋予黑曜石附魔（如适用）
194572c8-39b0-4dea-92d5-2c97f8d59554,Steam Ladle,蒸汽汤勺,Item / 物品,Small / 小型,Bronze / 青铜,Bronze/Silver/Gold/Diamond,Pygmalien / 皮格马利翁,Tool / 工具,Burn / 灼烧 | FreezeRef / 冻结引用,4.0,4,0,,0,,0,,0,,0,,1,1,4,4,0,,0,,0,,0,0,0,0,"[主动] 造成4灼烧
[被动] 触发冻结时，此物品获得2/4/6/8",null,此物品的价值翻倍,减速一件物品2秒,冻结一件物品0.5秒,加速一件物品2秒,获得护盾，等量于此物品灼烧的5倍,获得治疗，等量于此物品灼烧的5倍,造成剧毒，等量于此物品灼烧,此物品的灼烧翻倍,此物品+1多重释放,此物品+50%暴击率,此物品免疫冻结、减速和摧毁,造成伤害，等量于此物品灼烧的5倍
19885245-2c82-4bf1-91fb-b73a3731923f,Tinfoil Hat,锡箔帽,Item / 物品,Medium / 中型,Diamond / 钻石,Diamond,Common / 通用,Apparel / 服饰,Shield / 护盾,0.0,,0,,0,,1,1,0,,0,,0,,0,,0,,0,,0,,0,0,0,0,[被动] 敌人使用物品时，获得1护盾,null,此物品的价值翻倍,敌人使用物品时，减速一件物品1秒,敌人使用物品时，冻结一件物品0.5秒,敌人使用物品时，加速一件物品1秒,此物品的护盾翻倍,敌人使用物品时，获得治疗，等量于此物品护盾,敌人使用物品时，造成剧毒，等量于此物品护盾值的10%,敌人使用物品时，造成灼烧，等量于此物品护盾值的10%,此物品的护盾翻倍,敌人使用物品时，己方物品+5%暴击率,相邻物品受冻结和减速影响的时间减半,敌人使用物品时，造成伤害，等量于此物品护盾
19e85fa6-95a1-46bd-9ac9-37ad71861475,Meat,鲜肉,Item / 物品,Small / 小型,Bronze / 青铜,Bronze/Silver/Gold/Diamond,Karnok,Food / 食物,Heal / 治疗 | HealRef / 治疗引用 | Ammo / 弹药,6.0,6/5/4/3,0,,50,50,0,,3,3,0,,1,1,0,,0,,0,,0,,0,0,0,0,"[主动] 治疗50生命值
[主动] 弹药: 3
[被动] 此物品弹药耗尽时，右侧相邻的治疗物品+1多重释放",null,此物品的价值翻倍,减速一件物品1秒,冻结一件物品0.5秒,加速一件物品1秒,获得护盾，等量于此物品治疗量,此物品的治疗翻倍,造成剧毒，等量于此物品治疗量的10%,造成灼烧，等量于此物品治疗量的10%,此物品的多重释放加成翻倍,此物品+50%暴击率,此物品免疫冻结、减速和摧毁,造成伤害，等量于此物品治疗量
1a0c645a-8a0b-424b-bff1-124263589749,Fortune Cookie,幸运饼干,Item / 物品,Small / 小型,Silver / 白银,Silver/Gold/Diamond,Jules / 朱尔斯,Food / 食物,Quest,0.0,,0,,0,,0,,0,,0,,0,,0,,0,,0,,0,,0,0,0,0,,目标: 使用100件食物 | 奖励: 出售此物品时，学习一个来自任意英雄的随机技能,,出售此物品时，己方最左侧的减速物品获得200减速持续时间,出售此物品时，己方最左侧的冻结物品获得100冻结持续时间,出售此物品时，己方最左侧的加速物品获得200加速持续时间,出售此物品时，最左侧的护盾物品+10,出售此物品时，最左侧的治疗物品+10,出售此物品时，己方最左侧的剧毒物品获得1,出售此物品时，己方最左侧的灼烧物品获得1,,出售此物品时，己方最左侧的物品获得2%暴击率,,出售此物品时，己方最左侧的武器获得10
1a3d4cde-333c-4936-b147-263d73f6d200,Chocolate Bar,巧克力棒,Item / 物品,Small / 小型,Bronze / 青铜,Bronze/Silver/Gold/Diamond,Common / 通用,Food / 食物,Health / 生命值,0.0,,0,,0,,0,,0,,0,,0,,0,,0,,0,,0,,0,0,0,0,[被动] 出售此物品时，获得10/20/30/40最大生命值,null,,出售此物品时，己方最左侧的减速物品获得200减速持续时间,出售此物品时，己方最左侧的冻结物品获得100冻结持续时间,出售此物品时，己方最左侧的加速物品获得200加速持续时间,出售此物品时，最左侧的护盾物品+10,出售此物品时，最左侧的治疗物品+10,出售此物品时，己方最左侧的剧毒物品获得1,出售此物品时，己方最左侧的灼烧物品获得1,此物品的最大生命值获取值翻倍,出售此物品时，己方最左侧的物品获得2%暴击率,,出售此物品时，己方最左侧的武器获得10
1a5f9923-d686-41fc-a907-012e456bf50b,Saffron,番红花,Item / 物品,Small / 小型,Gold / 黄金,Gold/Diamond,Jules / 朱尔斯,Food / 食物,Shield / 护盾 | ShieldRef / 护盾引用,5.0,5,0,,0,,25,25/50,0,,0,,1,1,0,,0,,0,,0,,0,0,0,0,"[主动] 获得25/50护盾
[主动] 相邻物品获得护盾，等量于此物品护盾",null,此物品的价值翻倍,减速一件物品2秒,冻结一件物品0.5秒,加速一件物品2秒,此物品的护盾翻倍,获得治疗，等量于此物品护盾值,造成剧毒，等量于此物品护盾值的10%,造成灼烧，等量于此物品护盾值的10%,此物品+1多重释放,此物品+50%暴击率,此物品免疫冻结、减速和摧毁,造成伤害，等量于此物品护盾
1abd962d-8628-47ac-a5ad-5ae02c1afc86,Micro Dave,微波戴夫,Item / 物品,Medium / 中型,Bronze / 青铜,Bronze/Silver/Gold/Diamond,Dooley / 杜利,Friend / 伙伴 | Tool / 工具,Burn / 灼烧,8.0,8,0,,0,,0,,0,,0,,1,1,3,3/6/9/12,0,,0,,0,,0,0,0,0,"[主动] 造成3/6/9/12灼烧
[被动] 当你使用小型物品或核心时，充能此物品2秒",null,此物品的价值翻倍,减速一件物品1秒,冻结一件物品0.5秒,加速一件物品1秒,获得护盾，等量于此物品灼烧的5倍,获得治疗，等量于此物品灼烧的5倍,造成剧毒，等量于此物品灼烧,此物品的灼烧翻倍,此物品+1多重释放,此物品+50%暴击率,此物品免疫冻结、减速和摧毁,造成伤害，等量于此物品灼烧的5倍
1ae7a7ae-da06-484e-8454-d7a65eb31ff9,Nullfrost Altar,霜绝祭坛,Item / 物品,Large / 大型,Legendary / 传奇,Diamond/Legendary,Common / 通用,Relic / 遗物,Freeze / 冻结 | DamageRef / 伤害引用 | ShieldRef / 护盾引用,0.0,,0,,0,,0,,0,,0,,0,,0,,0,,0,,0,,0,0,0,0,"[被动] 使用物品时，冻结该物品1秒。
[被动] 己方物品免疫冻结。
[被动] 触发冻结时，己方物品获得10和10。",null,此物品的价值翻倍,触发冻结时，减速一件物品1秒,敌人使用物品时，冻结该物品{ability.e1}秒,触发冻结时，加速一件物品1秒,触发冻结时，获得30护盾。,触发冻结时，获得30治疗。,触发冻结时，造成3剧毒。,触发冻结时，造成3灼烧。,此物品的伤害和护盾提升量翻倍。,触发冻结时，己方物品+10%暴击率,己方物品免疫减速,触发冻结时，造成50伤害。
1afb5eef-e964-4767-b9a6-8d1a76cef645,Black Rose,黑玫瑰,Item / 物品,Small / 小型,Bronze / 青铜,Bronze/Silver/Gold/Diamond,Mak / 马克,,Regen / 再生 | PoisonRef / 剧毒引用,6.0,6,0,,0,,0,,0,,0,,1,1,0,,0,,2,2,0,,0,0,0,0,"[主动] 生命再生量提高2
[被动] 触发剧毒时，此物品获得+1/2/3/4",null,此物品的价值翻倍,减速一件物品3秒,冻结一件物品0.5秒,加速一件物品3秒,获得护盾，等量于此物品生命再生量的5倍,获得治疗，等量于此物品生命再生量的5倍,造成剧毒，等量于此物品生命再生量,造成灼烧，等量于此物品的生命再生量,此物品+1多重释放,此物品+50%暴击率,此物品免疫冻结、减速和摧毁,造成伤害，等量于此物品生命再生的5倍
1b518cd8-57d3-4747-8afa-3b99aae88e62,Walter Cooler,饮水沃特,Item / 物品,Small / 小型,Silver / 白银,Silver/Gold/Diamond,Dooley / 杜利,Friend / 伙伴,Health / 生命值,8.0,8,0,,0,,0,,0,,0,,1,1,0,,0,,0,,0,,0,0,0,0,"[主动] 最大生命值永久提升10/15/20
[被动] 当你使用相邻伙伴时，充能此物品1秒。",null,此物品的价值翻倍,减速一件物品2秒,冻结一件物品0.5秒,加速一件物品2秒,获得30护盾,治疗30生命值,造成3剧毒,造成3灼烧,此物品+1多重释放,己方物品+20%暴击率,此物品免疫冻结、减速和摧毁,造成30伤害
1b79b3e5-5870-48f7-a877-add0721f9ab6,Spirit Diffuser,灵能扩散器,Item / 物品,Large / 大型,Legendary / 传奇,Diamond/Legendary,Common / 通用,Relic / 遗物,Charge / 充能,0.0,,0,,0,,0,,0,,0,,0,,0,,0,,0,,0,,0,0,0,0,"[被动] 每场战斗开始时，为双方布阵区上各一件未附魔物品附魔
[被动] 当敌人使用附魔物品时，为一件附魔物品充能2秒",null,此物品的价值翻倍,使用附魔物品时，减速一件物品1秒,使用附魔物品时，冻结一件物品0.5秒,使用附魔物品时，加速一件物品1秒,使用附魔物品时，获得30护盾,使用附魔物品时，获得30治疗,使用附魔物品时，造成3剧毒,使用附魔物品时，造成3灼烧,此物品的充能量翻倍,己方附魔物品+40%暴击率,己方物品受冻结和减速影响的时间减半,使用附魔物品时，造成30伤害
1b955b8d-0ea6-4437-935c-d588be5898c1,Cutlass,弯刀,Item / 物品,Medium / 中型,Bronze / 青铜,Bronze/Silver/Gold/Diamond,Vanessa / 瓦内莎,Weapon / 武器,Damage / 伤害 | Crit / 暴击 | SlowRef / 减速引用,3.001,3.001,12,12/24/48/96,0,,0,,0,,0,,1,1,0,,0,,0,,0,,0,0,0,0,"[主动] 造成12/24/48/96伤害
[被动] 当有敌方物品被减速时，此物品+100%暴击率",null,此物品的价值翻倍,减速一件物品1秒,冻结一件物品0.5秒,加速一件物品1秒,获得护盾，等量于此物品伤害量,获得治疗，等量于此物品伤害,造成剧毒，等量于此物品伤害的10%,造成灼烧，等量于此物品伤害的10%,此物品+1多重释放,此物品的暴击伤害翻倍,此物品免疫冻结、减速和摧毁,此物品的伤害翻倍
1bdbc6f6-2690-445a-877e-90dbbd5e4658,Barbed Wire,尖刺铁丝网,Item / 物品,Small / 小型,Bronze / 青铜,Bronze/Silver/Gold/Diamond,Dooley / 杜利,Weapon / 武器,Damage / 伤害 | Slow / 减速 | ShieldRef / 护盾引用,7.0,7,20,20/40/80/160,0,,0,,0,,0,,0,,0,,0,,0,,0,,0,0,0,0,"[主动] 造成20/40/80/160伤害
[主动] 减速2件物品1秒
[被动] 获得护盾时，充能此物品1秒",null,此物品的价值翻倍,此物品的减速持续时间翻倍,冻结一件物品0.5秒,加速一件物品2秒,获得护盾，等量于此物品伤害量,获得治疗，等量于此物品伤害,造成剧毒，等量于此物品伤害的10%,造成灼烧，等量于此物品伤害的10%,此物品+1多重释放,此物品+50%暴击率,此物品免疫冻结、减速和摧毁,此物品的伤害翻倍
1bfdb3c5-dece-4a67-a9ed-255fbc060f4e,Karst,喀斯特,Item / 物品,Large / 大型,Silver / 白银,Silver/Gold/Diamond,Karnok,Property / 地产,Rage | Shield / 护盾 | RageReference,0.0,,0,,0,,15,15/30/45,0,,0,,0,,0,,0,,0,,0,,0,0,0,0,"[被动] 使用伙伴或非武器物品时，获得15/30/45怒火并获得15/30/45护盾
[被动] 你的暴怒状态持续时间减半",null,此物品的价值翻倍,当你使用伙伴或非武器物品时，减速一件物品1秒,当你使用伙伴或非武器物品时，冻结一件物品0.5秒,使用伙伴或非武器物品时，加速一件物品1秒,此物品的护盾翻倍,使用伙伴或非武器物品时，获得治疗，等量于此物品护盾,使用伙伴或非武器物品时，造成剧毒，等量于此物品护盾值的10%,使用伙伴或非武器物品时，造成灼烧，等量于此物品护盾值的10%,此物品的护盾值翻倍，怒火获取值翻倍,己方伙伴和非武器物品+50%暴击率,己方伙伴和非武器物品受冻结和减速影响的时间减半,使用伙伴或非武器物品时，造成伤害，等量于此物品护盾
1cce58b4-701c-46c0-aec7-c41f81186b61,Spiked Buckler,尖刺圆盾,Item / 物品,Medium / 中型,Bronze / 青铜,Bronze/Silver/Gold/Diamond,Common / 通用,Weapon / 武器,Damage / 伤害 | Shield / 护盾 | ShieldRef / 护盾引用,9.0,9,10,10/20/40/80,0,,10,10/20/40/80,0,,0,,1,1,0,,0,,0,,0,,0,0,0,0,"[主动] 造成10/20/40/80伤害
[主动] 获得10/20/40/80护盾
[被动] 出售此物品时，己方最左侧的武器或护盾物品永久获得4/6/8/10和4/6/8/10",null,此物品的价值翻倍,减速2件物品3秒,冻结2件物品1秒,加速2件物品3秒,此物品的护盾翻倍,获得治疗，等量于此物品伤害,造成8剧毒,造成12灼烧,此物品+1多重释放,此物品+50%暴击率,此物品免疫冻结、减速和摧毁,此物品的伤害翻倍
1ce6ea48-4049-4e66-b792-d360ae9ffedf,Poppy Field,罂粟花田,Item / 物品,Large / 大型,Gold / 黄金,Gold/Diamond,Mak / 马克,Property / 地产,Poison / 剧毒 | DamageRef / 伤害引用,0.0,,0,,0,,0,,0,,0,,0,,0,,6,6,0,,0,,0,0,0,0,"[被动] 当你使用武器时，造成6剧毒
[被动] 己方物品+伤害，增幅等于敌人剧毒的50/100%",null,此物品的价值翻倍,当你使用武器时，减速一件物品1秒,当你使用武器时，冻结一件物品0.5秒,当你使用武器时，加速一件物品1秒,当你使用武器时，获得护盾，等量于此物品剧毒的5倍,当你使用武器时，获得治疗，等量于此物品剧毒的5倍,此物品的剧毒翻倍,当你使用武器时，造成灼烧，等量于此物品的剧毒,此物品的剧毒和伤害加成翻倍,己方物品+暴击率%，等量于敌方身上的剧毒,己方武器受冻结和减速影响的时长减半,当你使用武器时，造成伤害，等量于此物品剧毒的5倍
1d19c55c-bfe7-469c-9a98-5c54ab8f5319,LauLau,劳劳菜,Item / 物品,Small / 小型,Bronze / 青铜,Bronze/Silver/Gold/Diamond,Jules / 朱尔斯,Food / 食物,Regen / 再生 | Burn / 灼烧 | Crit / 暴击 | HeatedReference | ChilledReference,5.0,5,0,,0,,0,,0,,0,,1,1,0,0,0,,3,3/6/9/12,0,,0,0,0,0,"[主动] 生命再生量提高3/6/9/12
[主动] 高温时：造成灼烧，等量于此物品的生命再生量
[被动] 霜冻时：此物品+15/30/45/60%暴击率",null,此物品的价值翻倍,减速一件物品2秒,冻结一件物品0.5秒,加速一件物品2秒,获得护盾，等量于此物品生命再生量的5倍,获得治疗，等量于此物品生命再生量的5倍,造成剧毒，等量于此物品生命再生量,此物品的灼烧翻倍,此物品+1多重释放,此物品+50%暴击率,此物品免疫冻结、减速和摧毁,造成伤害，等量于此物品生命再生的5倍
1d217a87-df7b-4cb0-a99b-5e64bf2a8b2c,Ionized Lightning,离子闪电,Item / 物品,Small / 小型,Bronze / 青铜,Bronze/Silver/Gold/Diamond,Mak / 马克,Reagent / 试剂,Crit / 暴击,0.0,,0,,0,,0,,0,,0,,0,,0,,0,,0,,0,,0,0,0,0,"[被动] 相邻物品+10/20/30/40%暴击率
[被动] 此物品转化时，为其赋予致命附魔（如适用）",null,此物品的价值翻倍,使用相邻物品时，减速一件物品1秒,使用相邻物品时，冻结一件物品0.5秒,使用相邻物品时，加速一件物品1秒,当你使用相邻物品时，获得10护盾,当你使用相邻物品时，治疗10,当你使用相邻物品时，剧毒1,当你使用相邻物品时，灼烧1,此物品的暴击率加成翻倍,此物品的暴击率加成翻倍,相邻物品受冻结和减速影响的时间减半,当你使用相邻物品时，造成10伤害
1d2e3f4a-5b6c-7d8e-9f0a-1b2c3d4e5f6a,Frost Totem,寒霜图腾,Item / 物品,Medium / 中型,Silver / 白银,Silver/Gold/Diamond,Mak / 马克,Relic / 遗物,Freeze / 冻结 | Quest,7.0,7/6/5,0,,0,,0,,0,,0,,1,1,0,,0,,0,,0,,0,0,0,0,[主动] 冻结1件物品1秒,"目标: 购买4件冻结物品 | 奖励: 此物品+1多重释放
目标: 购买4件遗物 | 奖励: 当你使用相邻的遗物时，充能此物品秒
目标: 造访珍珠的考古发掘场 | 奖励: 此物品额外冻结一件物品",此物品的价值翻倍,减速一件物品1秒,此物品的冻结持续时间翻倍,加速1件物品1秒,获得50护盾,治疗50生命值,造成5剧毒,造成5灼烧,此物品+1多重释放,己方物品+25%暴击率,此物品免疫冻结、减速和摧毁,造成50伤害
1d354dcf-8736-4bab-9dc1-7d9054d6c4d4,Hologram Projector,全息投影仪,Item / 物品,Small / 小型,Gold / 黄金,Gold/Diamond,Dooley / 杜利,Tech / 科技,,0.0,,0,,0,,0,,0,,0,,0,,0,,0,,0,,0,,0,0,0,0,[被动] 每场战斗开始时，转化为己方另一件小型非传说级物品的副本,null,……并为转化后的物品赋予黄金附魔（如适用）,……并为转化后的物品赋予沉重附魔（如适用）,……并为转化后的物品赋予寒冰附魔（如适用）,……并为转化后的物品赋予疾速附魔（如适用）,……并为转化后的物品赋予护盾附魔（如适用）,……并为转化后的物品赋予回复附魔（如适用）,……并为转化后的物品赋予剧毒附魔（如适用）,……并为转化后的物品赋予炽焰附魔（如适用）,……并为转化后的物品赋予闪亮附魔（如适用）,……并为转化后的物品赋予致命附魔（如适用）,……并为转化后的物品赋予辉耀附魔（如适用）,……并为转化后的物品赋予黑曜石附魔（如适用）
1d71b2a3-e098-4d78-9df2-58e2e2dccb2b,Gingerbread House,姜饼小屋,Item / 物品,Large / 大型,Gold / 黄金,Gold/Diamond,Jules / 朱尔斯,Food / 食物 | Property / 地产,Shield / 护盾 | Burn / 灼烧 | HeatedReference,7.0,7/6,0,,0,,40,40/80,0,,0,,1,1,0,0,0,,0,,0,,0,0,0,0,"[主动] 高温时：造成灼烧，等量于你护盾值的10%
[被动] 每天开始时，获得一块姜饼人
[被动] 使用食物或工具时，获得40/80",null,此物品的价值翻倍,减速3件物品2秒,冻结2件物品1秒,加速3件物品2秒,此物品的护盾翻倍,高温时：获得治疗，等量于此物品灼烧的5倍,高温时：造成剧毒，等量于此物品灼烧,此物品的灼烧翻倍,此物品+1多重释放,此物品+50%暴击率,此物品免疫冻结、减速和摧毁,高温时：造成伤害，等量于此物品灼烧的5倍
1d8436a7-1b60-4b4e-bed0-4881aebf6590,Scalpel,手术刀,Item / 物品,Small / 小型,Bronze / 青铜,Bronze/Silver/Gold/Diamond,Mak / 马克,Tool / 工具 | Weapon / 武器,Damage / 伤害 | Crit / 暴击,5.0,5,0,0,0,,0,,0,,10,10,1,1,0,,0,,0,,0,,0,0,0,0,"[主动] 造成伤害，等量于此物品的暴击率。
[被动] 暴击时，此物品+10/15/20/25%暴击率",null,此物品的价值翻倍,减速一件物品2秒,冻结一件物品0.5秒,加速一件物品2秒,获得护盾，等量于此物品伤害量,获得治疗，等量于此物品伤害,造成剧毒，等量于此物品伤害的10%,造成灼烧，等量于此物品伤害的10%,此物品+1多重释放,此物品+50%暴击率,此物品免疫冻结、减速和摧毁,此物品的伤害翻倍
1d8d4dea-aaf9-4041-aa54-ae133f552d55,Blue Piggles R,蓝色小圆猪 右,Item / 物品,Small / 小型,Bronze / 青铜,Bronze/Silver/Gold/Diamond,Pygmalien / 皮格马利翁,Toy / 玩具,Crit / 暴击,4.0,4,0,,0,,0,,0,,0,,1,1,0,,0,,0,,0,,0,0,0,0,[主动] 右侧相邻的物品+4/8/12/16%暴击率,null,,减速一件物品2秒,冻结一件物品0.5秒,加速右侧相邻的物品2秒,右侧相邻的物品获得0,右侧相邻的物品获得0,右侧相邻的物品获得0,右侧相邻的物品获得0,此物品+1多重释放,此物品的暴击率加成翻倍,此物品免疫冻结、减速和摧毁,右侧相邻的物品获得0
1dcc7604-4f84-46e9-bbd1-2456317ec0ed,Rifle,步枪,Item / 物品,Medium / 中型,Bronze / 青铜,Bronze/Silver/Gold/Diamond,Vanessa / 瓦内莎,Weapon / 武器,Damage / 伤害 | Ammo / 弹药,3.0,3,20,20/40/60/80,0,,0,,1,1,0,,1,1,0,,0,,0,,0,,0,0,0,0,"[主动] 造成20/40/60/80伤害
[主动] 此物品获得20/40/60/80
[主动] 弹药: 1",null,此物品的价值翻倍,减速2件物品1秒,冻结一件物品1秒,加速2件物品1秒,获得护盾，等量于此物品伤害量,获得治疗，等量于此物品伤害,造成剧毒，等量于此物品伤害的10%,造成灼烧，等量于此物品伤害的10%,此物品+1多重释放,此物品+50%暴击率,此物品免疫冻结、减速和摧毁,此物品的伤害翻倍
1e2a743f-b623-4595-aed1-f44441045e42,Barbed Claws,倒刺利爪,Item / 物品,Small / 小型,Bronze / 青铜,Bronze/Silver/Gold/Diamond,Mak / 马克,Weapon / 武器,Damage / 伤害 | PoisonRef / 剧毒引用,6.0,6,5,5/10/20/40,0,,0,,0,,0,,1,1,0,,0,,0,,0,,0,0,0,0,"[主动] 造成5/10/20/40伤害
[被动] 每有一位中毒玩家，此物品+1多重释放",null,此物品的价值翻倍,减速一件物品1秒,冻结一件物品0.5秒,加速一件物品1秒,获得护盾，等量于此物品伤害量,获得治疗，等量于此物品伤害,造成剧毒，等量于此物品伤害的10%,造成灼烧，等量于此物品伤害的10%,此物品+1多重释放,此物品+50%暴击率,此物品免疫冻结、减速和摧毁,此物品的伤害翻倍
1e46dbf7-2fe0-4ec1-a657-c3c623eeca6e,Masterpiece,大师之作,Item / 物品,Medium / 中型,Silver / 白银,Silver/Gold/Diamond,Pygmalien / 皮格马利翁,Relic / 遗物,Value / 价值 | EconomyRef / 经济引用,0.0,,0,,0,,0,,0,,0,,0,,0,,0,,0,,0,,0,0,0,0,[被动] 每小时开始时，此物品永久获得2/3/4价值,null,此物品的价值翻倍,,,,,,,,此物品的价值获取值翻倍,,,
1e48bd28-cd41-49e9-9e22-b44da30ef6be,Thieves Guild Medallion,,Item / 物品,Small / 小型,Diamond / 钻石,Diamond,Common / 通用,,,0.0,,0,,0,,0,,0,,0,,0,,0,,0,,0,,0,,0,0,0,0,"[被动] When you sell this, gain access to the Thieves Guild",null,,,,,,,,,,,,
1e4af679-7905-44b2-8f31-f9830fec069e,Hourglass,沙漏,Item / 物品,Small / 小型,Silver / 白银,Silver/Gold/Diamond,Mak / 马克,Tool / 工具,Cooldown / 冷却,0.0,,0,,0,,0,,0,,0,,0,,0,,0,,0,,0,,0,0,0,0,[被动] 相邻物品冷却时间缩短6/9/12%,null,此物品的价值翻倍,使用相邻物品时，减速一件物品1秒,使用相邻物品时，冻结一件物品0.5秒,使用相邻物品时，加速一件物品1秒,当你使用相邻物品时，获得10护盾,当你使用相邻物品时，治疗10,当你使用相邻物品时，剧毒1,当你使用相邻物品时，灼烧1,此物品的冷却时间缩短效果翻倍,相邻物品+30%暴击率,相邻物品受冻结和减速影响的时间减半,当你使用相邻物品时，造成10伤害
1e9649ce-e350-4c0b-b763-5e4c7e038010,Earrings,耳环,Item / 物品,Small / 小型,Silver / 白银,Silver/Gold/Diamond,Mak / 马克,Apparel / 服饰 | Relic / 遗物,Health / 生命值 | SlowRef / 减速引用 | HasteRef / 加速引用,6.0,6/5/4,0,,0,,0,,0,,0,,1,1,0,,0,,0,,0,,0,0,0,0,"[主动] 获得50最大生命值
[被动] 触发加速或减速时，充能此物品1秒。",null,此物品的价值翻倍,减速一件物品1秒,冻结一件物品0.5秒,加速一件物品1秒,获得10护盾,治疗10生命值,造成1剧毒,造成1灼烧,此物品+1多重释放,己方物品+10%暴击率,此物品免疫冻结、减速和摧毁,造成10伤害
1fbbefea-2da0-46a5-b60d-dad9478ade86,Ice 9000,冰霜9000,Item / 物品,Medium / 中型,Gold / 黄金,Gold/Diamond,Dooley / 杜利,Friend / 伙伴,Freeze / 冻结 | Poison / 剧毒,6.0,6,0,,0,,0,,0,,0,,1,1,0,,20,20,0,,0,,0,0,0,0,"[主动] 造成20剧毒
[主动] 冻结1件物品1秒
[被动] 触发冻结时，此物品获得20/30",null,此物品的价值翻倍,减速2件物品2秒,此物品的冻结持续时间翻倍,加速2件物品2秒,获得护盾，等量于此物品剧毒的5倍,获得治疗，等量于此物品剧毒的5倍,此物品的剧毒翻倍,造成灼烧，等量于此物品的剧毒,此物品+1多重释放,此物品+50%暴击率,此物品免疫冻结、减速和摧毁,造成伤害，等量于此物品剧毒的5倍
1ff59248-bf6c-49e1-9c45-59989df19693,Dragon Whelp,巨龙崽崽,Item / 物品,Small / 小型,Silver / 白银,Silver/Gold/Diamond,Common / 通用,Weapon / 武器 | Friend / 伙伴 | Dragon / 龙,Flying / 飞行 | Burn / 灼烧 | Damage / 伤害,9.0,9/8/7,5,5,0,,0,,0,,0,,1,1,0,0,0,,0,,0,,0,0,0,0,"[主动] 此物品开始飞行
[主动] 造成5伤害
[主动] 造成灼烧，等量于此物品伤害",null,此物品的价值翻倍,减速一件物品4秒,冻结一件物品1秒,加速一件物品4秒,获得护盾，等量于此物品伤害量,获得治疗，等量于此物品伤害,造成剧毒，等量于此物品伤害,此物品的灼烧翻倍,此物品+1多重释放,此物品+50%暴击率,此物品免疫冻结、减速和摧毁,此物品的伤害翻倍
20198f06-d36f-4abe-88a5-c2d6b936742c,Rolling Pin,擀面杖,Item / 物品,Medium / 中型,Bronze / 青铜,Bronze/Silver/Gold/Diamond,Jules / 朱尔斯,Weapon / 武器 | Tool / 工具,Damage / 伤害 | HasteRef / 加速引用,5.0,5,25,25,0,,0,,0,,0,,1,1,0,,0,,0,,0,,0,0,0,0,"[主动] 造成25伤害
[被动] 加速此物品时，它获得25/50/75/100",null,此物品的价值翻倍,减速2件物品1秒,冻结一件物品1秒,加速2件物品1秒,获得护盾，等量于此物品伤害量,获得治疗，等量于此物品伤害,造成剧毒，等量于此物品伤害的10%,造成灼烧，等量于此物品伤害的10%,此物品+1多重释放,此物品+50%暴击率,此物品免疫冻结、减速和摧毁,此物品的伤害翻倍
20300be0-939f-4a1f-ba8a-eb0f778675a2,Exoskeleton,外骨骼,Item / 物品,Medium / 中型,Bronze / 青铜,Bronze/Silver/Gold/Diamond,Common / 通用,Apparel / 服饰,DamageRef / 伤害引用,0.0,,0,,0,,0,,0,,0,,0,,0,,0,,0,,0,,0,0,0,0,"[被动] 相邻物品+10/20/30/40
[被动] 出售此物品时，己方物品永久获得2/4/6/8",null,,出售此物品时，己方最左侧的减速物品获得1000减速持续时间,出售此物品时，己方最左侧的冻结物品获得200冻结持续时间,出售此物品时，己方最左侧的加速物品获得1000加速持续时间,出售此物品时，最左侧的护盾物品+20,出售此物品时，最左侧的治疗物品+20,出售此物品时，己方最左侧的剧毒物品获得2,出售此物品时，己方最左侧的灼烧物品获得2,,出售此物品时，己方最左侧的物品获得10%暴击率,,出售此物品时，己方最左侧的武器获得20
20d85338-b625-4b9a-95a7-8a60805e061f,Anchor,船锚,Item / 物品,Medium / 中型,Gold / 黄金,Gold/Diamond,Vanessa / 瓦内莎,Aquatic / 水系 | Weapon / 武器 | Tool / 工具,Damage / 伤害 | Haste / 加速,12.0,12,0,0,0,,0,,0,,0,,1,1,0,,0,,0,,0,,0,0,0,0,"[主动] 造成伤害，等量于一位敌人最大生命值的20/30%
[被动] 使用相邻物品时，此物品被加速2秒",null,此物品的价值翻倍,减速2件物品3秒,冻结2件物品1秒,加速2件物品3秒,获得护盾，等量于此物品伤害量,获得治疗，等量于此物品伤害,造成剧毒，等量于此物品伤害的10%,造成灼烧，等量于此物品伤害的10%,此物品+1多重释放,此物品+50%暴击率,此物品免疫冻结、减速和摧毁,此物品的伤害翻倍
214d9c9d-d222-4afa-b63e-ca028c859647,Arbalest,大钢弩,Item / 物品,Medium / 中型,Silver / 白银,Silver/Gold/Diamond,Vanessa / 瓦内莎,Weapon / 武器,Damage / 伤害 | Ammo / 弹药 | HasteRef / 加速引用,9.0,9,100,100,0,,0,,1,1,0,,1,1,0,,0,,0,,0,,0,0,0,0,"[主动] 造成100伤害
[主动] 弹药: 1
[被动] 触发加速时，此物品+50/75/100伤害",null,此物品的价值翻倍,减速2件物品4秒,冻结2件物品1秒,加速2件物品4秒,获得护盾，等量于此物品伤害量,获得治疗，等量于此物品伤害,造成剧毒，等量于此物品伤害的10%,造成灼烧，等量于此物品伤害的10%,此物品+1多重释放,此物品+50%暴击率,此物品免疫冻结、减速和摧毁,此物品的伤害翻倍
21c858b6-6f6e-4bc5-9e84-3722b3dd813a,Sauna,桑拿,Item / 物品,Medium / 中型,Silver / 白银,Silver/Gold/Diamond,Pygmalien / 皮格马利翁,Property / 地产,Burn / 灼烧 | Heal / 治疗 | Regen / 再生,5.0,5,0,,15,15/30/45,0,,0,,0,,1,1,4,4/5/6,0,,2,2/4/6,0,,0,0,0,0,"[主动] 造成4/5/6灼烧
[被动] 触发灼烧时，获得15/30/45治疗且生命再生量提高2/4/6",null,此物品的价值翻倍,减速2件物品2秒,冻结一件物品1秒,加速2件物品2秒,获得护盾，等量于此物品灼烧的5倍,此物品的治疗翻倍,造成剧毒，等量于此物品灼烧,此物品的灼烧翻倍,此物品+1多重释放,此物品+50%暴击率,此物品免疫冻结、减速和摧毁,造成伤害，等量于此物品灼烧的5倍
2215483f-1fc3-495a-b492-d917dd7d588c,Speedrunner,速通游戏机,Item / 物品,Small / 小型,Silver / 白银,Silver/Gold/Diamond,Pygmalien / 皮格马利翁,Toy / 玩具 | Tech / 科技,Charge / 充能,6.0,6,0,,0,,0,,0,,0,,1,1,0,,0,,0,,0,,0,0,0,0,"[主动] 为一件非玩具物品充能1/2/3秒
[被动] 当你使用相邻的玩具时，充能此物品1秒",null,此物品的价值翻倍,减速一件物品1秒,冻结一件物品0.5秒,加速一件物品1秒,获得10护盾,治疗10生命值,造成1剧毒,造成1灼烧,此物品+1多重释放,己方非玩具物品+30%暴击率,此物品免疫冻结、减速和摧毁,造成10伤害
2230803d-e409-42a6-8f0c-8fc83f343699,Venomous Dose,毒液注射,Item / 物品,Small / 小型,Bronze / 青铜,Bronze/Silver/Gold/Diamond,Mak / 马克,,Poison / 剧毒 | Regen / 再生,5.0,5,0,,0,,0,,0,,0,,1,1,0,,2,2/4/6/8,0,0,0,,0,0,0,0,"[主动] 对双方玩家都造成2/4/6/8剧毒
[主动] 生命再生量提高，增幅等于此物品的剧毒",null,此物品的价值翻倍,减速一件物品2秒,冻结一件物品0.5秒,加速一件物品2秒,获得护盾，等量于此物品剧毒的5倍,获得治疗，等量于此物品剧毒的5倍,此物品的剧毒翻倍,造成灼烧，等量于此物品的剧毒,此物品+1多重释放,此物品+50%暴击率,此物品免疫冻结、减速和摧毁,造成伤害，等量于此物品剧毒的5倍
223bc3f1-8dc6-429b-8c17-af64b24836ec,Sirens,警报喇叭,Item / 物品,Medium / 中型,Silver / 白银,Silver/Gold/Diamond,Stelle / 斯黛尔,,Haste / 加速 | Slow / 减速,5.0,5/6/7,0,,0,,0,,0,,0,,1,1,0,,0,,0,,0,,0,0,0,0,"[主动] 减速1/2/3件物品1秒
[主动] 加速1/2/3件物品1秒
[被动] 相邻每有一件载具或地产，此物品+1多重释放
[被动] 每场战斗中敌人首次使用物品时，使用此物品",null,此物品的价值翻倍,此物品的减速持续时间翻倍,冻结一件物品0.5秒,此物品的加速持续时间翻倍,获得25护盾,治疗25生命值,造成2剧毒,造成2灼烧,此物品+1多重释放,己方载具+50%暴击率,此物品免疫冻结、减速和摧毁,造成25伤害
2289a804-892a-4e0a-bfb5-a73bba94dbb9,Laboratory,实验室,Item / 物品,Large / 大型,Gold / 黄金,Gold/Diamond,Mak / 马克,Property / 地产,Charge / 充能,4.0,4,0,,0,,0,,0,,0,,1,1,0,,0,,0,,0,,0,0,0,0,"[主动] 为另一件非附魔物品附魔
[主动] 为其他遗物与附魔物品充能1/2秒
[被动] 每天开始时，获得一件催化剂",null,此物品的价值翻倍,使用遗物或附魔物品时，减速一件物品1秒,使用遗物或附魔物品时，冻结一件物品0.5秒,使用遗物或附魔物品时，加速一件物品1秒,使用遗物或附魔物品时，获得10护盾,使用遗物或附魔物品时，获得10治疗,使用遗物或附魔物品时，造成1剧毒,使用遗物或附魔物品时，造成1灼烧,此物品的充能量翻倍,己方遗物和附魔物品+50%暴击率,此物品免疫冻结、减速和摧毁,使用遗物或附魔物品时，造成10伤害
22c8b252-e36d-4564-9588-06febd4b358d,Wolf Mask,狼面具,Item / 物品,Medium / 中型,Silver / 白银,Silver/Gold/Diamond,Karnok,Apparel / 服饰,Crit / 暴击 | Rage | RageReference,0.0,,0,,0,,0,,0,,0,,0,,0,,0,,0,,0,,0,0,0,0,"[被动] 每场战斗中首次使用任意物品时，获得15/20/25怒火
[被动] 相邻物品+15/20/25%暴击率
[被动] 当你进入暴怒状态时，相邻物品的暴击率翻倍",null,此物品的价值翻倍,当你进入暴怒状态时，减速2件物品4秒,当你进入暴怒状态时，冻结2件物品2秒,当你进入暴怒状态时，加速2件物品4秒,当你进入暴怒状态时，获得护盾，等量于你最大生命值的10%,当你进入暴怒状态时，获得治疗，等量于你最大生命值的10%,当你进入暴怒状态时，造成剧毒，等量于你最大生命值的2%,当你进入暴怒状态时，造成灼烧，等量于你最大生命值的2%,此物品的怒火和暴击加成翻倍,此物品的暴击加成翻倍,相邻物品受冻结和减速影响的时间减半,当你进入暴怒状态时，造成伤害，等量于你最大生命值的10%
22df5bb1-baf3-42f7-aa79-c1a33b22083f,Sifting Pan,筛盘,Item / 物品,Medium / 中型,Silver / 白银,Silver/Gold/Diamond,Mak / 马克,Tool / 工具,Value / 价值 | EconomyRef / 经济引用,0.0,,0,,0,,0,,0,,0,,0,,0,,0,,0,,0,,0,0,0,0,"[被动] 每天开始时，获得一件催化剂
[被动] 己方催化剂+1/2/3价值",null,每天开始时，获得一份松露,每天开始时，获得一份飞蛾粉末,每天开始时，获得一根冰柱,每天开始时，获得一份云精灵,每天开始时，获得一份废料,每天开始时，获得一份没药,每天开始时，获得一份毒芹,每天开始时，获得一份硫磺,每天开始时，获得一份提纯阳光,每天开始时，获得一份离子闪电,相邻物品受冻结和减速影响的时间减半,每天开始时，获得一份黑曜石碎片
234ae6aa-b94b-456d-a2fb-f0cbcaa9c655,Loupe,鉴定镜,Item / 物品,Small / 小型,Gold / 黄金,Gold/Diamond,Pygmalien / 皮格马利翁,Tool / 工具,Value / 价值,0.0,,0,,0,,0,,0,,0,,0,,0,,0,,0,,0,,0,0,0,0,[被动] 己方小型物品+1/2价值,null,己方小型物品+1价值,,,,,,,,己方小型物品+1价值,,,
23552158-d90a-4a33-afdf-6b27152d6614,Coupon,优惠券,Item / 物品,Small / 小型,Gold / 黄金,Gold/Diamond,Common / 通用,Loot / 战利品,,0.0,,0,,0,,0,,0,,0,,0,,0,,0,,0,,0,,0,0,0,0,[被动] 当你在商人处出售此物品时，其物品折扣50/100%,null,此物品的价值翻倍,出售此物品时，己方最左侧的减速物品获得200减速持续时间,出售此物品时，己方最左侧的冻结物品获得100冻结持续时间,出售此物品时，己方最左侧的加速物品获得200加速持续时间,出售此物品时，最左侧的护盾物品+10,出售此物品时，最左侧的治疗物品+10,出售此物品时，己方最左侧的剧毒物品获得1,出售此物品时，己方最左侧的灼烧物品获得1,此物品的价值翻倍,出售此物品时，己方最左侧的物品获得2%暴击率,,出售此物品时，己方最左侧的武器获得10
23960499-a306-44f3-bab4-8c901ff37dc3,Pyrocarbon,焰碳体,Item / 物品,Medium / 中型,Silver / 白银,Silver/Gold/Diamond,Dooley / 杜利,,Shield / 护盾 | Haste / 加速 | BurnRef / 灼烧引用,6.0,6,0,,0,,20,20/40/80,0,,0,,1,1,0,,0,,0,,0,,0,0,0,0,"[主动] 获得20/40/80护盾
[主动] 加速1/2/3件物品1秒
[被动] 触发灼烧时，充能此物品2秒",null,此物品的价值翻倍,减速一件物品1秒,冻结一件物品0.5秒,此物品的加速持续时间翻倍,此物品的护盾翻倍,获得治疗，等量于此物品护盾值,造成剧毒，等量于此物品护盾值的10%,相邻物品+10,此物品+1多重释放,此物品+50%暴击率,此物品免疫冻结、减速和摧毁,造成伤害，等量于此物品护盾
23a2d299-ccca-4bdc-b72e-d55321e552d4,Secret Formula,秘密配方,Item / 物品,Medium / 中型,Gold / 黄金,Gold/Diamond,Mak / 马克,Relic / 遗物,Regen / 再生 | BurnRef / 灼烧引用 | PoisonRef / 剧毒引用,9.0,9/7,0,,0,,0,,0,,0,,1,1,0,,0,,5,5/10,0,,0,0,0,0,"[主动] 生命再生量提高5/10
[主动] 左侧相邻的灼烧物品灼烧提高，增幅等于你的生命再生量
[主动] 右侧相邻的剧毒物品剧毒提高，增幅等于你的生命再生量",null,此物品的价值翻倍,减速2件物品2秒,冻结一件物品1秒,加速2件物品2秒,获得护盾，等量于此物品生命再生量的5倍,获得治疗，等量于此物品生命再生量的5倍,此物品的剧毒加成翻倍,此物品的灼烧加成翻倍,此物品的灼烧和剧毒加成翻倍,此物品+50%暴击率,此物品免疫冻结、减速和摧毁,造成伤害，等量于此物品生命再生的5倍
23b02114-7d1b-4481-89d4-b68691dd2464,Replicator,复制器,Item / 物品,Medium / 中型,Gold / 黄金,Gold/Diamond,Common / 通用,Tech / 科技,Charge / 充能,5.0,5,0,,0,,0,,0,,0,,0,,0,,0,,0,,0,,0,0,0,0,"[主动] 充能来自其他英雄的相邻物品2秒
[被动] 每天开始时，获得一件来自其他英雄的物品",null,……并为该物品赋予黄金附魔（如适用）,……并为该物品赋予沉重附魔（如适用）,……并为该物品赋予寒冰附魔（如适用）,……并为该物品赋予疾速附魔（如适用）,……并为该物品赋予护盾附魔（如适用）,……并为该物品赋予回复附魔（如适用）,……并为该物品赋予剧毒附魔（如适用）,……并为该物品赋予炽焰附魔（如适用）,……并为该物品赋予闪亮附魔（如适用）,……并为该物品赋予致命附魔（如适用）,……并为该物品赋予辉耀附魔（如适用）,……并为该物品赋予黑曜石附魔（如适用）
23da3858-b9ac-480d-9c80-da662c92d67a,Piggles Board,小圆猪板,Item / 物品,Medium / 中型,Gold / 黄金,Gold/Diamond,Pygmalien / 皮格马利翁,Toy / 玩具,Charge / 充能,0.0,,0,,0,,0,,0,,0,,0,,0,,0,,0,,0,,0,0,0,0,[被动] 使用玩具时，充能另一件玩具1/2秒。,null,此物品的价值翻倍,当你使用玩具时，减速一件物品1秒,当你使用玩具时，冻结一件物品0.5秒,当你使用玩具时，加速一件物品1秒,当你使用玩具时，获得20护盾,当你使用玩具时，获得20治疗,当你使用玩具时，造成2剧毒,当你使用玩具时，造成2灼烧,此物品的充能量翻倍,己方玩具+40%暴击率,相邻玩具受冻结和减速影响的时长减半,当你使用玩具时，造成20伤害
23ece463-2e2b-40a0-b39d-035e090bb6bb,Decanter,醒酒器,Item / 物品,Small / 小型,Silver / 白银,Silver/Gold/Diamond,Jules / 朱尔斯,Tool / 工具,ChilledReference | Charge / 充能,5.0,5,0,,0,,0,,0,,0,,1,1,0,,0,,0,,0,,0,0,0,0,"[主动] 为一件食物充能2/3/4秒
[被动] 霜冻时：此物品的冷却时间缩短1秒",null,此物品的价值翻倍,减速一件物品2秒,冻结一件物品0.5秒,加速一件物品2秒,获得30护盾,治疗30生命值,造成3剧毒,造成3灼烧,此物品+1多重释放,己方食物+30%暴击率,此物品免疫冻结、减速和摧毁,造成30伤害
2434460c-af35-4dde-a69f-1f8781c807d2,Crypto,加密货币,Item / 物品,Small / 小型,Bronze / 青铜,Bronze/Silver/Gold/Diamond,Dooley / 杜利,Tech / 科技,Value / 价值,0.0,,0,,0,,0,,0,,0,,0,,0,,0,,0,,0,,0,0,0,0,[被动] 每小时开始时，将此物品的价值设为0至5/10/20/40之间的一个数字,null,此物品的价值翻倍,,,,,,,,此物品的价值翻倍,,,
24433bda-f934-4fab-b0a7-1842e2ca195f,Tent,帐篷,Item / 物品,Medium / 中型,Silver / 白银,Silver/Gold/Diamond,Karnok,Tool / 工具 | Property / 地产,Rage | RageReference | HealthRef / 生命值引用 | Shield / 护盾 | SlowRef / 减速引用 | AmmoRef / 弹药引用,0.0,,0,,0,,0,0,0,,0,,0,,0,,0,,0,,0,,0,0,0,0,"[被动] 当你减速相邻物品时，获得0怒火并装填该物品
[被动] 当你停止暴怒状态时，获得护盾，等量于你最大生命值的20/30/40%",null,此物品的价值翻倍,当你退出暴怒状态时，减速2件物品4秒,当你退出暴怒状态时，冻结2件物品2秒,当你退出暴怒状态时，加速2件物品4秒,此物品的护盾翻倍,当你退出暴怒状态时，获得治疗，等量于此物品护盾,当你停止暴怒状态时，造成剧毒，等量于此物品护盾值的10%,当你退出暴怒状态时，造成灼烧，等量于此物品护盾的10%,此物品的怒火获取值翻倍,相邻物品+40%暴击率,相邻物品受冻结和减速影响的时间减半,当你停止暴怒状态时，造成伤害，等量于此物品护盾
2466b385-10c0-4a80-8a09-871c1876632d,Pancakes,松饼,Item / 物品,Small / 小型,Bronze / 青铜,Bronze/Silver/Gold/Diamond,Jules / 朱尔斯,Food / 食物,Shield / 护盾 | HeatedReference,4.0,4,0,,0,,5,5/10/20/40,0,,0,,1,1,0,,0,,0,,0,,0,0,0,0,"[主动] 获得5/10/20/40护盾
[被动] 高温时：此物品+1多重释放",null,此物品的价值翻倍,减速一件物品2秒,冻结一件物品0.5秒,加速一件物品2秒,此物品的护盾翻倍,获得治疗，等量于此物品护盾值,造成剧毒，等量于此物品护盾值的10%,造成灼烧，等量于此物品护盾值的10%,此物品+1多重释放,此物品+50%暴击率,此物品免疫冻结、减速和摧毁,造成伤害，等量于此物品护盾
24d7f9f3-a1a4-456d-a877-5a8f7f4d58b8,Snowshoes,雪鞋,Item / 物品,Small / 小型,Silver / 白银,Silver/Gold/Diamond,Karnok,Apparel / 服饰,Rage | FreezeRef / 冻结引用,0.0,,0,,0,,0,,0,,0,,0,,0,,0,,0,,0,,0,0,0,0,"[被动] 使用相邻物品时，获得怒火
[被动] 相邻物品受冻结影响的时间减半",null,此物品的价值翻倍,使用相邻物品时，减速一件物品1秒,使用相邻物品时，冻结一件物品0.5秒,使用相邻物品时，加速该物品1秒,当你使用相邻物品时，获得30护盾,当你使用相邻物品时，治疗30,当你使用相邻物品时，剧毒3,当你使用相邻物品时，灼烧3,此物品的怒火获取值翻倍,相邻物品+20%暴击率,相邻物品受冻结和减速影响的时间减半,当你使用相邻物品时，造成30伤害
25035a36-1105-4ef9-81b0-c5bb6926415b,Luxury Kiuas,豪华桑拿炉,Item / 物品,Medium / 中型,Bronze / 青铜,Bronze/Silver/Gold/Diamond,Pygmalien / 皮格马利翁,Tool / 工具,Burn / 灼烧 | Value / 价值 | EconomyRef / 经济引用,8.0,8,0,,0,,0,,0,,0,,1,1,0,0,0,,0,,0,,0,0,0,0,"[主动] 造成灼烧，等量于此物品价值
[被动] 出售地产时，此物品永久获得3/6/9/12价值",null,此物品的价值翻倍,减速2件物品3秒,冻结2件物品1秒,加速2件物品3秒,获得护盾，等量于此物品灼烧的5倍,获得治疗，等量于此物品灼烧的5倍,造成剧毒，等量于此物品灼烧,此物品的灼烧翻倍,此物品+1多重释放,此物品+50%暴击率,此物品免疫冻结、减速和摧毁,造成伤害，等量于此物品灼烧的5倍
25049e01-2fd1-4ad2-b1b4-e34f8fbd85df,Javalin,,Item / 物品,Small / 小型,Bronze / 青铜,Bronze/Silver/Gold/Diamond,Common / 通用,,Burn / 灼烧,4.0,4,0,,0,,0,,0,,0,,1,1,2,2,0,,0,,0,,0,0,0,0,[主动] None,null,,,,,,,,,,,,
25545684-3fd5-4adf-abcc-0e2bb6c500c1,Pendulum,摆锤,Item / 物品,Medium / 中型,Diamond / 钻石,Diamond,Mak / 马克,Tool / 工具 | Relic / 遗物,Charge / 充能,0.0,,0,,0,,0,,0,,0,,0,,0,,0,,0,,0,,0,0,0,0,[被动] 使用相邻物品时，充能另一件相邻物品1秒,null,此物品的价值翻倍,使用相邻物品时，减速一件物品1秒,使用相邻物品时，冻结一件物品0.5秒,使用相邻物品时，加速该物品1秒,当你使用相邻物品时，获得20护盾,当你使用相邻物品时，治疗20,当你使用相邻物品时，剧毒2,当你使用相邻物品时，灼烧2,此物品的充能量翻倍,相邻物品+40%暴击率,相邻物品受冻结和减速影响的时间减半,使用相邻物品时，造成20伤害
25df28b6-1044-45a2-8b92-d89aeef40691,Radar Module,雷达模块,Item / 物品,Small / 小型,Silver / 白银,Silver/Gold/Diamond,Dooley / 杜利,Tech / 科技,Crit / 暴击,0.0,,0,,0,,0,,0,,0,,0,,0,,0,,0,,0,,0,0,0,0,[被动] 敌人使用物品时，此物品相邻的物品获得4/8/12%暴击率,null,此物品的价值翻倍,当相邻物品暴击时，减速一件物品1秒,使用相邻物品造成暴击时，冻结一件物品0.5秒。,当相邻物品暴击时，加速一件物品1秒,使用相邻物品造成暴击时，获得20护盾,使用相邻物品造成暴击时，获得20治疗。,使用相邻物品造成暴击时，造成2剧毒。,使用相邻物品造成暴击时，造成2灼烧。,此物品的暴击率加成翻倍,此物品的暴击率加成翻倍,相邻物品受冻结和减速影响的时间减半,当相邻物品暴击时，造成20伤害
2601a813-7cab-4fa5-aa13-d16ddd647198,Attachment Set,挂件组,Item / 物品,Medium / 中型,Silver / 白银,Silver/Gold/Diamond,Jules / 朱尔斯,Tool / 工具 | Weapon / 武器,Shield / 护盾 | Damage / 伤害,0.0,,25,25/50/100,0,,25,25/50/100,0,,0,,0,,0,,0,,0,,0,,0,0,0,0,"[被动] 当你使用非武器工具时，造成25/50/100伤害
[被动] 当你使用武器工具时，获得25/50/100护盾",null,此物品的价值翻倍,使用工具时，减速一件物品1秒,使用工具时，冻结一件物品0.5秒,使用工具时，加速一件物品1秒,使用工具时，获得护盾，等量于此物品伤害,使用工具时，获得治疗，等量于此物品伤害,使用工具时，造成剧毒，等量于此物品伤害的10%,使用工具时，造成灼烧，等量于此物品伤害的10%,相邻工具+1多重释放,当你使用工具时，己方物品+5%暴击率,己方工具受到的冻结和减速效果持续时间减半,此物品的伤害翻倍
26621cbf-809d-4522-ad24-34443af96f27,Golf Clubs,高尔夫球杆,Item / 物品,Medium / 中型,Bronze / 青铜,Bronze/Silver/Gold/Diamond,Pygmalien / 皮格马利翁,Weapon / 武器,Damage / 伤害 | HealRef / 治疗引用,6.0,6,50,50,0,,0,,0,,0,,1,1,0,,0,,0,,0,,0,0,0,0,"[主动] 造成50伤害
[被动] 当你治疗时，此物品获得10/20/30/40伤害",null,此物品的价值翻倍,减速2件物品2秒,冻结一件物品1秒,加速2件物品1秒,获得护盾，等量于此物品伤害量,获得治疗，等量于此物品伤害,造成剧毒，等量于此物品伤害的10%,造成灼烧，等量于此物品伤害的10%,此物品+1多重释放,此物品+50%暴击率,此物品免疫冻结、减速和摧毁,此物品的伤害翻倍
26a15140-798a-4ac5-9df9-711ccc3cf89d,Froyo Cart,冻酸奶车,Item / 物品,Large / 大型,Gold / 黄金,Gold/Diamond,Jules / 朱尔斯,Vehicle / 载具,Freeze / 冻结 | ChilledReference,0.0,,0,,0,,0,,0,,0,,0,,0,,0,,0,,0,,0,0,0,0,"[被动] 相邻物品获得霜冻效果
[被动] 当你使用霜冻物品时，冻结一件物品0.5/1秒
[被动] 每天开始时，获得一份冰沙",null,此物品的价值翻倍,当你使用霜冻物品时，减速一件物品1秒,此物品的冻结持续时间翻倍,当你使用霜冻物品时，加速一件物品1秒,当你使用霜冻物品时，获得30护盾,当你使用霜冻物品时，获得30治疗,当你使用霜冻物品时，造成3剧毒,当你使用霜冻物品时，造成3灼烧,此物品额外冻结1件物品,己方霜冻物品+50%暴击率,己方霜冻物品受到的冻结和减速效果持续时间减半,当你使用霜冻物品时，造成30伤害
26cd871b-5fc4-4b8a-a4cf-6d33d5462c22,Blast Doors,防爆门,Item / 物品,Medium / 中型,Bronze / 青铜,Bronze/Silver/Gold/Diamond,Dooley / 杜利,,Shield / 护盾 | BurnRef / 灼烧引用,15.0,15,0,,0,,100,100/200/400/800,0,,0,,1,1,0,,0,,0,,0,,0,0,0,0,"[主动] 获得100/200/400/800护盾
[被动] 敌人使用武器或灼烧物品时，充能此物品1秒
[被动] 每场战斗中首次生命值降至一半以下时，使用此物品",null,此物品的价值翻倍,减速2件物品4秒,冻结2件物品1秒,加速2件物品4秒,此物品的护盾翻倍,获得治疗，等量于此物品护盾值,造成剧毒，等量于此物品护盾值的10%,造成灼烧，等量于此物品护盾值的10%,此物品+1多重释放,此物品+50%暴击率,此物品免疫冻结、减速和摧毁,造成伤害，等量于此物品护盾
26ddca65-5309-4600-88f7-1eb5ffbb5788,Amber,琥珀,Item / 物品,Small / 小型,Silver / 白银,Silver/Gold/Diamond,Mak / 马克,Relic / 遗物,Slow / 减速,6.0,6,0,,0,,0,,0,,0,,1,1,0,,0,,0,,0,,0,0,0,0,"[主动] 减速1/2/3件物品3秒
[被动] 己方物品造成减速的持续时间延长1秒",null,此物品的价值翻倍,此物品的减速持续时间翻倍,冻结一件物品0.5秒,加速一件物品3秒,获得60护盾,治疗60生命值,造成6剧毒,造成6灼烧,此物品+1多重释放,己方物品+10%暴击率,此物品免疫冻结、减速和摧毁,造成60伤害
26f84927-811c-485a-b13f-0100a7e5cdd1,Double-Bladed Knife,双刃匕首,Item / 物品,Small / 小型,Bronze / 青铜,Bronze/Silver/Gold/Diamond,Karnok,Weapon / 武器,Damage / 伤害 | Crit / 暴击,4.0,4,5,5/10/20/40,0,,0,,0,,0,,1,1,0,,0,,0,,0,,0,0,0,0,"[主动] 造成5/10/20/40伤害
[被动] 未处于暴怒状态时，此物品+100%暴击率",null,此物品的价值翻倍,减速一件物品2秒,冻结一件物品0.5秒,加速一件物品2秒,获得护盾，等量于此物品伤害量,获得治疗，等量于此物品伤害,造成剧毒，等量于此物品伤害的10%,造成灼烧，等量于此物品伤害的10%,此物品+1多重释放,此物品+50%暴击率,此物品免疫冻结、减速和摧毁,此物品的伤害翻倍
2705353a-b8ec-47f0-acd9-d641dd13d6d0,Bagpipes,风笛,Item / 物品,Medium / 中型,Bronze / 青铜,Bronze/Silver/Gold/Diamond,Karnok,Tool / 工具,Rage | Heal / 治疗 | RageReference,5.0,5,0,,30,30/60/90/120,0,,0,,0,,1,1,0,,0,,0,,0,,0,0,0,0,"[主动] 治疗30/60/90/120生命值
[主动] 获得怒火
[被动] 当你进入暴怒状态时，此物品冷却时间缩短一半",null,此物品的价值翻倍,减速2件物品1秒,冻结一件物品1秒,加速2件物品1秒,获得护盾，等量于此物品治疗量,此物品的治疗翻倍,造成剧毒，等量于此物品治疗量的10%,造成灼烧，等量于此物品治疗量的10%,此物品+1多重释放,此物品+50%暴击率,此物品免疫冻结、减速和摧毁,造成伤害，等量于此物品治疗量
273b7c90-a4be-4226-b374-94a7c01f07d9,[SMALL ITEM TEMPLATE],,Item / 物品,Small / 小型,Bronze / 青铜,Bronze/Silver/Gold/Diamond,Vanessa / 瓦内莎 | Dooley / 杜利 | Jules / 朱尔斯 | Stelle / 斯黛尔 | Mak / 马克 | Pygmalien / 皮格马利翁,,,6.0,6,0,,0,,0,,0,,0,,1,1,0,,0,,0,,0,,0,0,0,0,[主动] 这是一个小型物品模板,null,此物品的价值翻倍,减速一件物品2秒,冻结一件物品1秒,加速一件物品2秒,获得30护盾,治疗30生命值,造成3剧毒,造成3灼烧,此物品+1多重释放,此物品+50%暴击率,此物品免疫冻结、减速和摧毁,造成30伤害
273f7009-d835-49a9-99c9-589fdb7c4593,Mr. Richardson,理查森先生,Item / 物品,Small / 小型,Silver / 白银,Silver/Gold/Diamond,Vanessa / 瓦内莎,Friend / 伙伴 | Aquatic / 水系,Shield / 护盾 | HasteRef / 加速引用 | SlowRef / 减速引用,6.0,6,0,,0,,30,30,0,,0,,1,1,0,,0,,0,,0,,0,0,0,0,"[主动] 获得30护盾
[被动] 触发加速或减速时，此物品获得5/10/15",null,此物品的价值翻倍,减速一件物品3秒,冻结一件物品0.5秒,加速一件物品3秒,此物品的护盾翻倍,获得治疗，等量于此物品护盾值,造成剧毒，等量于此物品护盾值的10%,造成灼烧，等量于此物品护盾值的10%,此物品+1多重释放,此物品+50%暴击率,此物品免疫冻结、减速和摧毁,造成伤害，等量于此物品护盾
27e2ea0b-4e39-4826-be29-9f5505d5938a,Wrench,扳手,Item / 物品,Small / 小型,Gold / 黄金,Gold/Diamond,Stelle / 斯黛尔,Weapon / 武器 | Tool / 工具,Damage / 伤害 | FlyingRef / 飞行引用,4.0,4,10,10/20,0,,0,,0,,0,,1,1,0,,0,,0,,0,,0,0,0,0,"[主动] 造成10/20伤害
[被动] 每天开始时，升级一件较低级别的工具
[被动] 如果此物品正在飞行，伤害翻倍",null,,减速一件物品2秒,冻结一件物品0.5秒,加速一件物品2秒,获得护盾，等量于此物品伤害量,获得治疗，等量于此物品伤害,造成剧毒，等量于此物品伤害的10%,造成灼烧，等量于此物品伤害的10%,此物品+1多重释放,此物品+50%暴击率,此物品免疫冻结、减速和摧毁,此物品的伤害翻倍
28024275-df05-422c-800c-9960d83c24fa,Chimeric Egg,奇美拉之卵,Item / 物品,Small / 小型,Bronze / 青铜,Bronze/Silver/Gold/Diamond,Common / 通用,Relic / 遗物,Value / 价值 | EconomyRef / 经济引用,0.0,,0,,0,,0,,0,,0,,0,,0,,0,,0,,0,,0,0,0,0,"[被动] 每天开始时，此物品永久获得+4价值
[被动] 出售此物品时，获得一件来自任意英雄的附魔小型伙伴
[被动] 当此物品在战斗外的价值达到10/20/30时，升级此物品",null,,出售此物品时，己方最左侧的减速物品获得200减速持续时间,出售此物品时，己方最左侧的冻结物品获得100冻结持续时间,出售此物品时，己方最左侧的加速物品获得200加速持续时间,出售此物品时，最左侧的护盾物品+10,出售此物品时，最左侧的治疗物品+10,出售此物品时，己方最左侧的剧毒物品获得1,出售此物品时，己方最左侧的灼烧物品获得1,,出售此物品时，己方最左侧的物品获得2%暴击率,,出售此物品时，己方最左侧武器+10伤害
2834ede9-01e9-4b68-8f1f-70f83187c78f,Sharkray,鳐鲨,Item / 物品,Medium / 中型,Silver / 白银,Silver/Gold/Diamond,Vanessa / 瓦内莎,Aquatic / 水系 | Weapon / 武器 | Friend / 伙伴 | Ray / 射线,Damage / 伤害 | HasteRef / 加速引用 | PoisonRef / 剧毒引用,6.0,6,20,20,0,,0,,0,,0,,1,1,0,,0,,0,,0,,0,0,0,0,"[主动] 造成20伤害
[被动] 加速伙伴时，己方伙伴获得5/10/15和1/2/3",null,此物品的价值翻倍,减速2件物品2秒,冻结一件物品1秒,加速2件物品2秒,获得护盾，等量于此物品伤害量,获得治疗，等量于此物品伤害,造成剧毒，等量于此物品伤害的10%,造成灼烧，等量于此物品伤害的10%,此物品+1多重释放,此物品+50%暴击率,此物品免疫冻结、减速和摧毁,此物品的伤害翻倍
28dac6a8-49d7-45f2-98a4-b2d89ff89029,Cloche Hat,钟形帽,Item / 物品,Medium / 中型,Silver / 白银,Silver/Gold/Diamond,Stelle / 斯黛尔,Apparel / 服饰,EconomyRef / 经济引用,0.0,,0,,0,,0,,0,,0,,0,,0,,0,,0,,0,,0,0,0,0,[被动] 你每拥有一件服饰，重掷花费便减少1/2/3金币 [0]。,null,此物品的重掷费用减免翻倍,每场战斗开始时，减速4件物品2秒,每场战斗开始时，冻结2件物品2秒。,每场战斗开始时，加速4件物品2秒。,每场战斗开始时，获得护盾，等量于你最大生命值的20%。,每场战斗中首次生命值降至一半以下时，获得治疗，等量于你最大生命值的10%,每场战斗开始时，造成20剧毒,每场战斗开始时，造成20灼烧,此物品的重掷费用减免翻倍,相邻物品+40%暴击率,相邻物品受冻结和减速影响的时间减半,每场战斗开始时，造成伤害，等量于你最大生命值的20%。
28db3caa-7727-4d1c-9758-df42975e4811,Frost Potion,霜冻药水,Item / 物品,Small / 小型,Silver / 白银,Silver/Gold/Diamond,Mak / 马克,Potion / 药水,Ammo / 弹药 | Freeze / 冻结,6.0,6,0,,0,,0,,1,1,0,,1,1,0,,0,,0,,0,,0,0,0,0,"[主动] 冻结1/2/3件物品1秒
[主动] 弹药: 1",null,此物品的价值翻倍,减速一件物品4秒,此物品的冻结持续时间翻倍,加速一件物品4秒,获得110护盾,治疗110生命值,造成11剧毒,造成11灼烧,此物品+1多重释放,己方物品+10%暴击率,此物品免疫冻结、减速和摧毁,造成110伤害
292115b4-a145-476e-b3a7-0fe199b5c1af,Dragon Wing,巨龙翼,Item / 物品,Medium / 中型,Silver / 白银,Silver/Gold/Diamond,Common / 通用,Dragon / 龙,Shield / 护盾 | BurnRef / 灼烧引用 | Flying / 飞行,7.0,7,0,,0,,40,40/80/160,0,,0,,1,1,0,,0,,0,,0,,0,0,0,0,"[主动] 一件物品开始飞行
[主动] 获得40/80/160护盾
[被动] 触发灼烧时，充能此物品2秒",null,此物品的价值翻倍,减速2件物品2秒,冻结一件物品1秒,加速2件物品2秒,此物品的护盾翻倍,获得治疗，等量于此物品护盾值,造成剧毒，等量于此物品护盾值的10%,造成灼烧，等量于此物品护盾值的10%,此物品+1多重释放,此物品+50%暴击率,此物品免疫冻结、减速和摧毁,造成伤害，等量于此物品护盾
2974e199-fa53-4d40-87a6-0ec6722a4aef,Rainbow Potion,彩虹药水,Item / 物品,Small / 小型,Bronze / 青铜,Bronze/Silver/Gold/Diamond,Mak / 马克,Potion / 药水,Burn / 灼烧 | Poison / 剧毒 | Freeze / 冻结 | Slow / 减速 | Ammo / 弹药,6.0,6,0,,0,,0,,1,1,0,,1,1,3,3/6/9/12,3,3/6/9/12,0,,0,,0,0,0,0,"[主动] 造成3/6/9/12灼烧。
 
 造成3/6/9/12剧毒
[主动] 冻结一件物品1秒
[主动] 减速一件物品2秒
[主动] 弹药: 1",null,此物品的价值翻倍,此物品的减速持续时间翻倍,此物品的冻结持续时间翻倍,加速一件物品4秒,获得护盾，等量于此物品灼烧的5倍,获得治疗，等量于此物品灼烧的5倍,此物品的剧毒翻倍,此物品的灼烧翻倍,此物品+1多重释放,此物品+50%暴击率,此物品免疫冻结、减速和摧毁,造成伤害，等量于此物品灼烧的5倍
2989cfa7-86d3-40f7-9946-e417a25d9535,Letter Opener,拆信刀,Item / 物品,Small / 小型,Bronze / 青铜,Bronze/Silver/Gold/Diamond,Mak / 马克,Tool / 工具 | Weapon / 武器,Damage / 伤害 | Crit / 暴击,5.0,5,10,10/20/40/80,0,,0,,0,,100,100/125/150/175,1,1,0,,0,,0,,0,,0,0,0,0,"[主动] 造成10/20/40/80伤害
[主动] 此物品失去25%暴击率",null,此物品的价值翻倍,减速一件物品2秒,冻结一件物品0.5秒,加速一件物品2秒,获得护盾，等量于此物品伤害量,获得治疗，等量于此物品伤害,造成剧毒，等量于此物品伤害的10%,造成灼烧，等量于此物品伤害的10%,此物品+1多重释放,此物品的暴击伤害翻倍,此物品免疫冻结、减速和摧毁,此物品的伤害翻倍
29f00f8e-e98b-4b7b-a233-4520e7680b84,Darts,飞镖,Item / 物品,Small / 小型,Bronze / 青铜,Bronze/Silver/Gold/Diamond,Stelle / 斯黛尔,Weapon / 武器 | Toy / 玩具,Damage / 伤害 | Flying / 飞行,3.0,3,4,4/8/16/32,0,,0,,0,,0,,0,,0,,0,,0,,0,,0,0,0,0,"[主动] 此物品开始飞行
[主动] 造成4/8/16/32伤害
[被动] 每第3次命中，此物品造成+50%伤害",null,此物品的价值翻倍,减速一件物品1秒,冻结一件物品0.5秒,加速一件物品1秒,获得护盾，等量于此物品伤害量,获得治疗，等量于此物品伤害,造成剧毒，等量于此物品伤害的10%,造成灼烧，等量于此物品伤害的10%,此物品+1多重释放,此物品+50%暴击率,此物品免疫冻结、减速和摧毁,此物品的伤害翻倍
2a0624d0-8257-42f9-8e9d-bbe0a5218b44,Streaming Setup,直播设备,Item / 物品,Medium / 中型,Silver / 白银,Silver/Gold/Diamond,Pygmalien / 皮格马利翁,Tool / 工具 | Tech / 科技 | Toy / 玩具,EconomyRef / 经济引用 | DamageRef / 伤害引用 | ShieldRef / 护盾引用 | HealRef / 治疗引用,0.0,,0,,0,,0,,0,,0,,0,,0,,0,,0,,0,,0,0,0,0,"[被动] 己方玩具和伙伴+伤害、治疗和护盾，增幅等于其各自的价值
[被动] 当你使用玩具或伙伴时，使其获得2/4/6价值",null,,当你使用玩具或伙伴时，减速一件物品1秒,当你使用玩具或伙伴时，冻结一件物品0.5秒,当你使用玩具或伙伴时，加速一件物品1秒,当你使用玩具或伙伴时，获得20护盾,当你使用玩具或伙伴时，获得20治疗,当你使用玩具或伙伴时，造成2剧毒,当你使用玩具或伙伴时，造成2灼烧,相邻伙伴和玩具+1多重释放,己方玩具和伙伴+40%暴击率,相邻玩具受冻结和减速影响的时长减半,当你使用玩具或伙伴时，造成20伤害
2a1ae50b-6d0d-48a8-9f68-b804e8793030,Rocket Launcher,火箭发射器,Item / 物品,Medium / 中型,Bronze / 青铜,Bronze/Silver/Gold/Diamond,Dooley / 杜利,Weapon / 武器,Burn / 灼烧 | Damage / 伤害,7.0,7,8,8/16/32/64,0,,0,,0,,0,,3,3,2,2/4/6/8,0,,0,,0,,0,0,0,0,"[主动] 造成8/16/32/64伤害
[主动] 造成2/4/6/8灼烧",null,此物品的价值翻倍,减速一件物品1秒,冻结一件物品0.5秒,加速一件物品1秒,获得护盾，等量于此物品伤害量,获得治疗，等量于此物品伤害,造成剧毒，等量于此物品伤害的10%,此物品的灼烧翻倍,此物品+1多重释放,此物品+50%暴击率,此物品免疫冻结、减速和摧毁,此物品的伤害翻倍
2a7c377e-5ab7-4e27-bd03-ecaa29b69131,Javelin,标枪,Item / 物品,Medium / 中型,Silver / 白银,Silver/Gold/Diamond,Vanessa / 瓦内莎,Weapon / 武器,Damage / 伤害 | Ammo / 弹药 | Haste / 加速,5.0,5,50,50/100/200,0,,0,,2,2,0,,1,1,0,,0,,0,,0,,0,0,0,0,"[主动] 造成50/100/200伤害
[主动] 加速其他物品1/2/3秒
[主动] 弹药: 2",null,此物品的价值翻倍,减速2件物品2秒,冻结一件物品1秒,此物品的加速持续时间翻倍,获得护盾，等量于此物品伤害量,获得治疗，等量于此物品伤害,造成剧毒，等量于此物品伤害的10%,造成灼烧，等量于此物品伤害的10%,此物品+1多重释放,此物品+50%暴击率,此物品免疫冻结、减速和摧毁,此物品的伤害翻倍
2aab9da1-bfd1-4f3f-8cda-69f3c909158b,Holsters,枪套,Item / 物品,Small / 小型,Silver / 白银,Silver/Gold/Diamond,Vanessa / 瓦内莎,Apparel / 服饰,Haste / 加速,0.0,,0,,0,,0,,0,,0,,0,,0,,0,,0,,0,,0,0,0,0,[被动] 每场战斗中首次使用物品时，加速己方小型物品1/2/3秒。,null,此物品的价值翻倍,每场战斗中首次使用物品时，减速一件敌方物品1秒,每场战斗中首次使用物品时，冻结一件物品0.5秒。,此物品的加速持续时间翻倍,每场战斗中首次使用物品时，获得护盾，等量于你最大生命值的10%。,每场战斗中首次生命值降至一半以下时，获得治疗，等量于你最大生命值的10%,每场战斗中首次使用物品时，造成10剧毒。,每场战斗中首次使用物品时，造成10灼烧。,此物品加速两次。,己方小型物品+30%暴击率,每场战斗中首次使用物品时，己方其他小型物品在6秒内免疫冻结、减速和摧毁。,每场战斗中首次使用物品时，造成伤害，等量于你最大生命值的10%。
2aab9e1b-8c8d-49d0-be45-5884731ebb08,Truffles,松露,Item / 物品,Small / 小型,Bronze / 青铜,Bronze/Silver/Gold/Diamond,Common / 通用,Food / 食物,Value / 价值 | EconomyRef / 经济引用,0.0,,0,,0,,0,,0,,0,,0,,0,,0,,0,,0,,0,0,0,0,[被动] 出售此物品时，己方最左侧的物品永久获得+1/2/3/4价值,null,此物品的价值获取值翻倍,出售此物品时，己方最左侧的减速物品获得200减速持续时间,出售此物品时，己方最左侧的冻结物品获得100冻结持续时间,出售此物品时，己方最左侧的加速物品获得200加速持续时间,出售此物品时，最左侧的护盾物品+10,出售此物品时，最左侧的治疗物品+20,出售此物品时，己方最左侧的剧毒物品获得1,出售此物品时，己方最左侧的灼烧物品获得1,此物品的价值获取值翻倍,出售此物品时，己方最左侧的物品获得5%暴击率,,出售此物品时，己方最左侧的武器获得10
2aaf673d-b44d-4e50-95c2-939bedb07184,Tanky Anky,坦奇甲龙,Item / 物品,Large / 大型,Gold / 黄金,Gold/Diamond,Dooley / 杜利,Friend / 伙伴 | Dinosaur / 恐龙 | Weapon / 武器,Damage / 伤害 | Shield / 护盾,7.0,7/6,200,200,0,,0,0,0,,0,,1,1,0,,0,,0,,0,,0,0,0,0,"[主动] 造成200伤害
[被动] 己方恐龙或遗物造成伤害时，获得护盾，等量于其伤害",null,此物品的价值翻倍,减速3件物品2秒,冻结2件物品1秒,加速3件物品2秒,此物品触发双次护盾,获得治疗，等量于此物品伤害,造成剧毒，等量于此物品伤害的10%,造成灼烧，等量于此物品伤害的10%,此物品+1多重释放,此物品+50%暴击率,此物品免疫冻结、减速和摧毁,此物品的伤害翻倍
2abed747-432d-4307-98ce-0a0ec244d904,Apropos Chapeau,华丽巫师帽,Item / 物品,Medium / 中型,Silver / 白银,Silver/Gold/Diamond,Pygmalien / 皮格马利翁,Apparel / 服饰,ShieldRef / 护盾引用 | DamageRef / 伤害引用 | HealRef / 治疗引用,7.0,7,0,,0,,0,,0,,0,,1,1,0,,0,,0,,0,,0,0,0,0,"[主动] 己方物品获得6/9/12、6/9/12和6/9/12
[被动] 此物品以外，每拥有一种工具、武器、地产或服饰物品，此物品就+1多重释放",null,此物品的价值翻倍,减速一件物品1秒,冻结一件物品0.5秒,加速一件物品1秒,此物品的护盾获取值翻倍,此物品的治疗获取值翻倍,己方物品+0,己方物品+0,此物品+1多重释放,己方物品+3%暴击率,此物品免疫冻结、减速和摧毁,此物品的伤害提升翻倍
2b5843d7-5907-4d80-bbd4-32625c588f17,Stellar Swallowtail,星辉凤蝶飞艇,Item / 物品,Large / 大型,Gold / 黄金,Gold/Diamond,Stelle / 斯黛尔,Weapon / 武器 | Vehicle / 载具,Damage / 伤害 | Shield / 护盾 | Haste / 加速 | FlyingRef / 飞行引用,5.0,5,120,120/240,0,,120,120/240,0,,0,,1,1,0,,0,,0,,0,,0,0,0,0,"[主动] 造成120/240伤害
[主动] 获得120/240护盾
[被动] 加速另一件物品时，充能此物品1秒
[被动] 当你使用飞行物品时，加速该物品1/2秒",null,此物品的价值翻倍,减速一件物品1秒,冻结一件物品0.5秒,此物品的加速持续时间翻倍,此物品的护盾翻倍,获得治疗，等量于此物品伤害,造成剧毒，等量于此物品伤害的10%,造成灼烧，等量于此物品伤害的10%,此物品+1多重释放,此物品+50%暴击率,此物品免疫冻结、减速和摧毁,此物品的伤害翻倍
2b66528b-f129-4593-99a7-27146a857e12,Yarrow Paste,蓍草膏药,Item / 物品,Small / 小型,Bronze / 青铜,Bronze/Silver/Gold/Diamond,Karnok,,RageReference | Heal / 治疗,4.0,4,0,,10,10/20/40/80,0,,0,,0,,1,1,0,,0,,0,,0,,0,0,0,0,"[主动] 治疗10/20/40/80生命值
[被动] 当你进入暴怒状态时，此物品的治疗量翻倍",null,此物品的价值翻倍,减速一件物品2秒,冻结一件物品0.5秒,加速一件物品2秒,获得护盾，等量于此物品治疗量,此物品的治疗翻倍,造成剧毒，等量于此物品治疗量的10%,造成灼烧，等量于此物品治疗量的10%,此物品+1多重释放,此物品+50%暴击率,此物品免疫冻结、减速和摧毁,造成伤害，等量于此物品治疗量
2c79dcd7-3205-4d41-85e9-daecb8d1c7c5,Basilisk Fang,蛇怪之牙,Item / 物品,Small / 小型,Bronze / 青铜,Bronze/Silver/Gold/Diamond,Mak / 马克,Weapon / 武器 | Relic / 遗物,Damage / 伤害 | CritReference | PoisonRef / 剧毒引用,4.0,4,10,10/20/40/80,0,,0,,0,,0,,1,1,0,,0,,0,,100,100,0,0,0,0,"[主动] 造成10/20/40/80伤害
[被动] 当敌人中毒时，此物品+25/50/75/100%暴击率",null,此物品的价值翻倍,减速一件物品2秒,冻结一件物品0.5秒,加速一件物品2秒,获得护盾，等量于此物品伤害量,获得治疗，等量于此物品伤害,造成剧毒，等量于此物品伤害的10%,造成灼烧，等量于此物品伤害的10%,此物品+1多重释放,此物品+50%暴击率,此物品免疫冻结、减速和摧毁,此物品的伤害翻倍
2cc61633-0c53-4308-907c-45d00e2a3e49,Plague Glaive,瘟疫长柄刀,Item / 物品,Large / 大型,Gold / 黄金,Gold/Diamond,Mak / 马克,Weapon / 武器 | Relic / 遗物,Damage / 伤害 | PoisonRef / 剧毒引用,8.0,8,100,100/200,0,,0,,0,,0,,1,1,0,,0,,0,,100,100,0,0,0,0,"[主动] 造成100/200伤害
[被动] 己方物品+10/15
[被动] 敌人每拥有20剧毒，此物品就+1多重释放",null,此物品的价值翻倍,减速2件物品1秒,冻结一件物品1秒,加速2件物品1秒,获得护盾，等量于此物品伤害量,获得治疗，等量于此物品伤害,造成剧毒，等量于此物品伤害的10%,造成灼烧，等量于此物品伤害的10%,此物品的剧毒加成翻倍,此物品+50%暴击率,此物品免疫冻结、减速和摧毁,此物品的伤害翻倍
2ce8a344-8688-4db5-b00f-03217990e4c7,Frozen Flame,冰霜烈焰,Item / 物品,Large / 大型,Silver / 白银,Silver/Gold/Diamond,Mak / 马克,Relic / 遗物,Burn / 灼烧 | Freeze / 冻结,4.0,4,0,,0,,0,,0,,0,,1,1,10,10,0,,0,,0,,0,0,0,0,"[主动] 造成10灼烧
[被动] 触发冻结时，此物品获得5/10/20
[被动] 每场战斗中首次生命值降至一半以下时，冻结所有敌方物品1/2秒",null,此物品的价值翻倍,减速3件物品1秒,此物品的冻结持续时间翻倍,加速3件物品1秒,获得护盾，等量于此物品灼烧的5倍,获得治疗，等量于此物品灼烧的5倍,造成剧毒，等量于此物品灼烧,此物品的灼烧翻倍,此物品+1多重释放,此物品+50%暴击率,此物品免疫冻结、减速和摧毁,造成伤害，等量于此物品灼烧的5倍
2d37bcc5-f9af-4eb4-b5cd-5bc89ededab1,Burn Scar,灼烧疤痕,Item / 物品,Medium / 中型,Silver / 白银,Silver/Gold/Diamond,Karnok,Property / 地产,Burn / 灼烧 | BurnRef / 灼烧引用 | RageReference,0.0,,0,,0,,0,,0,,0,,0,,3,3/6/9,0,,0,,0,,0,0,0,0,"[被动] 使用伙伴或灼烧物品时，造成3/6/9灼烧
[被动] 当你进入暴怒状态时，己方物品获得3/6/9",null,此物品的价值翻倍,使用伙伴或灼烧物品时，减速一件物品1秒,使用伙伴或灼烧物品时，冻结一件物品0.5秒,使用伙伴或灼烧物品时，加速该物品1秒,使用伙伴或灼烧物品时，获得护盾，等量于此物品灼烧的5倍,使用伙伴或灼烧物品时，获得治疗，等量于此物品灼烧的5倍,使用伙伴或灼烧物品时，造成剧毒，等量于此物品的灼烧,此物品的灼烧翻倍,使用伙伴或灼烧物品时，造成{ability.0}灼烧,己方伙伴和灼烧物品+40%暴击率,相邻物品受冻结和减速影响的时间减半,使用伙伴或灼烧物品时，造成伤害，等量于此物品灼烧的5倍
2d395818-28b0-46b5-87a8-bf384c846344,Calico,三花,Item / 物品,Small / 小型,Bronze / 青铜,Bronze/Silver/Gold/Diamond,Vanessa / 瓦内莎,Friend / 伙伴 | Weapon / 武器,Damage / 伤害 | CritReference,6.0,6,15,15/30/60/120,0,,0,,0,,0,,1,1,0,,0,,0,,0,,0,0,0,0,"[主动] 造成15/30/60/120伤害
[被动] 当你使用另一件武器时，此物品+5/10/15/20%暴击率",null,此物品的价值翻倍,减速一件物品3秒,冻结一件物品0.5秒,加速一件物品3秒,获得护盾，等量于此物品伤害量,获得治疗，等量于此物品伤害,造成剧毒，等量于此物品伤害的10%,造成灼烧，等量于此物品伤害的10%,此物品+1多重释放,此物品造成双倍暴击伤害,此物品免疫冻结、减速和摧毁,此物品的伤害翻倍
2df8f38b-bb9f-4247-afe9-525067c9e29e,Blue Piggles L,蓝色小圆猪 左,Item / 物品,Small / 小型,Bronze / 青铜,Bronze/Silver/Gold/Diamond,Pygmalien / 皮格马利翁,Toy / 玩具,Crit / 暴击,4.0,4,0,,0,,0,,0,,0,,1,1,0,,0,,0,,0,,0,0,0,0,[主动] 左侧相邻的物品获得4/8/12/16%暴击率,null,,减速一件物品2秒,冻结一件物品0.5秒,加速左侧相邻的物品2秒,左侧相邻的物品获得0,左侧相邻的物品获得0,左侧相邻的物品获得0,左侧相邻的物品获得0,此物品+1多重释放,此物品的暴击率加成翻倍,此物品免疫冻结、减速和摧毁,左侧相邻的物品获得0
2e0be4f0-0472-444a-a541-09f1ba464c64,Private Hot Springs,私享温泉,Item / 物品,Large / 大型,Silver / 白银,Silver/Gold/Diamond,Pygmalien / 皮格马利翁,Property / 地产,RegenRef / 再生引用 | Burn / 灼烧 | Freeze / 冻结,4.0,4,0,,0,,0,,0,,0,,0,,6,6/12/24,0,,0,,0,,0,0,0,0,"[主动] 造成6/12/24灼烧
[被动] 每场战斗中首次生命值降至一半以下时，冻结双方所有其他物品4秒
[被动] 触发冻结时，充能此物品1/2/3秒
[被动] 每拥有一件冻结物品，+20/40/60生命再生量",null,此物品的价值翻倍,减速2件物品1秒,此物品的冻结持续时间翻倍,加速2件物品1秒,获得护盾，等量于此物品灼烧的5倍,获得治疗，等量于此物品灼烧的5倍,造成剧毒，等量于此物品灼烧,此物品的灼烧翻倍,此物品+1多重释放,此物品+50%暴击率,此物品免疫冻结、减速和摧毁,造成伤害，等量于此物品灼烧的5倍
2e10cce3-b242-411b-a35f-0882341e71a7,Tesla Coil,特斯拉线圈,Item / 物品,Medium / 中型,Bronze / 青铜,Bronze/Silver/Gold/Diamond,Dooley / 杜利,Weapon / 武器 | Tech / 科技,TechReference | Damage / 伤害 | Charge / 充能,7.0,7/6/5/4,50,50,0,,0,,0,,0,,1,1,0,,0,,0,,0,,0,0,0,0,"[主动] 造成50伤害
[主动] 为非科技物品充能1秒
[被动] 使用相邻科技物品时，充能此物品2秒",null,此物品的价值翻倍,减速一件物品1秒,冻结一件物品0.5秒,加速一件物品1秒,获得护盾，等量于此物品伤害量,获得治疗，等量于此物品伤害,造成剧毒，等量于此物品伤害的10%,造成灼烧，等量于此物品伤害的10%,此物品+1多重释放,此物品+50%暴击率,此物品免疫冻结、减速和摧毁,此物品的伤害翻倍
2e2815d0-fa7c-45ab-a0f2-65ebe1c815d8,Enervating Sigil,衰弱符印,Item / 物品,Medium / 中型,Silver / 白银,Silver/Gold/Diamond,Karnok,,SlowRef / 减速引用 | Rage | RageReference | Slow / 减速,0.0,,0,,0,,0,,0,,0,,0,,0,,0,,0,,0,,0,0,0,0,"[被动] 触发减速时，获得20怒火
[被动] 当你进入暴怒状态时，减速双方所有物品3秒",null,此物品的价值翻倍,此物品的减速持续时间翻倍,当你进入暴怒状态时，冻结2件物品2秒,当你进入暴怒状态时，加速2件物品4秒,当你进入暴怒状态时，获得护盾，等量于你最大生命值的10%,当你进入暴怒状态时，获得治疗，等量于你最大生命值的10%,当你进入暴怒状态时，造成剧毒，等量于你最大生命值的2%,当你进入暴怒状态时，造成灼烧，等量于你最大生命值的2%,此物品的怒火获取值翻倍,己方物品+25%暴击率,相邻物品受冻结和减速影响的时间减半,当你进入暴怒状态时，造成伤害，等量于你最大生命值的10%
2e3f4a5b-6c7d-8e9f-0a1b-2c3d4e5f6a7b,Soulstone,魂石,Item / 物品,Small / 小型,Silver / 白银,Silver/Gold/Diamond,Mak / 马克,Relic / 遗物,Regen / 再生 | Quest,4.0,4,0,,0,,0,,0,,0,,0,,0,,0,,3,3/6/9,0,,0,0,0,0,[主动] 生命再生量提高3/6/9,"目标: 购买6件剧毒物品 | 奖励: 造成剧毒
目标: 购买6件灼烧物品 | 奖励: 造成灼烧
目标: 购买3件减速物品 | 奖励: 减速件物品秒
目标: 购买3件冻结物品 | 奖励: 冻结件物品秒",此物品的价值翻倍,此物品的减速持续时间翻倍,此物品的冻结持续时间翻倍,加速一件物品2秒,获得护盾，等量于此物品生命再生量的5倍,获得治疗，等量于此物品生命再生量的5倍,此物品的剧毒翻倍,此物品的灼烧翻倍,此物品+1多重释放,此物品+50%暴击率,此物品免疫冻结、减速和摧毁,造成伤害，等量于此物品生命再生的5倍
2e4c2528-f3e8-4743-a1c9-637012d9eb76,Lightbulb,灯泡,Item / 物品,Small / 小型,Bronze / 青铜,Bronze/Silver/Gold/Diamond,Dooley / 杜利,Tech / 科技,Charge / 充能,6.0,6/5/4/3,0,,0,,0,,0,,0,,0,,0,,0,,0,,0,,0,0,0,0,"[主动] 充能右侧相邻的科技物品1秒
[被动] 当你购买此物品时，获得一件来自任意英雄的小型科技物品",null,此物品的价值翻倍,当你使用右侧相邻的科技物品时，减速一件物品1秒,当你使用右侧相邻的科技物品时，冻结一件物品0.5秒,当你使用右侧相邻的科技物品时，加速一件物品1秒,当你使用右侧相邻的科技物品时，获得10护盾,当你使用右侧相邻的科技物品时，获得10治疗,当你使用右侧相邻的科技物品时，造成1剧毒,当你使用右侧相邻的科技物品时，造成1灼烧,此物品+1多重释放,右侧相邻的科技物品+50%暴击率,此物品免疫冻结、减速和摧毁,当你使用右侧相邻的科技物品时，造成10伤害
2e77aab4-4c38-4f0a-8953-696c55140d8e,Tantius Carrier,坦提乌斯运输舰,Item / 物品,Large / 大型,Legendary / 传奇,Diamond/Legendary,Common / 通用,Vehicle / 载具 | Weapon / 武器,Damage / 伤害,8.0,8,100,100,0,,0,,0,,0,,1,1,0,,0,,0,,0,,0,0,0,0,"[主动] 造成100伤害
[被动] 使用无人机时，此物品获得50。
[被动] 己方其他载具视为无人机。
[被动] 相邻无人机+1多重释放。",null,此物品的价值翻倍,使用无人机时，减速3件物品3秒,使用无人机时，冻结3件物品1秒,使用无人机时，加速3件物品3秒,使用无人机时，获得20护盾。,使用无人机时，治疗20,使用无人机时，造成2剧毒。,使用无人机时，造成2灼烧。,己方所有无人机改为拥有多重释放。,己方无人机+40%暴击率。,相邻无人机受冻结和减速影响的时间减半。,使用无人机时，造成20伤害。
2ed1cf1e-8b89-490d-8ae8-7ea0662a4334,Daggerwing,匕翼,Item / 物品,Large / 大型,Gold / 黄金,Gold/Diamond,Stelle / 斯黛尔,Weapon / 武器 | Vehicle / 载具,Damage / 伤害 | FlyingRef / 飞行引用,8.0,8/7,100,100,0,,0,,0,,0,,1,1,0,,0,,0,,0,,0,0,0,0,"[主动] 造成100伤害
[被动] 己方物品开始或停止飞行时，此物品获得125/250",null,此物品的价值翻倍,减速3件物品3秒,冻结3件物品1秒,加速3件物品3秒,获得护盾，等量于此物品伤害量,获得治疗，等量于此物品伤害,造成剧毒，等量于此物品伤害的10%,造成灼烧，等量于此物品伤害的10%,此物品+1多重释放,此物品+50%暴击率,此物品免疫冻结、减速和摧毁,此物品的伤害翻倍
2ef52d6a-1bae-418b-8c8d-7950f2c85be8,Sky Anchor,天空之锚,Item / 物品,Medium / 中型,Silver / 白银,Silver/Gold/Diamond,Stelle / 斯黛尔,Weapon / 武器 | Tool / 工具,Damage / 伤害 | Flying / 飞行 | SlowRef / 减速引用,6.0,6,75,75/150/300,0,,0,,0,,0,,1,1,0,,0,,0,,0,,0,0,0,0,"[主动] 造成75/150/300伤害
[主动] 相邻物品停止飞行
[被动] 触发减速时，充能此物品2秒",null,此物品的价值翻倍,减速一件物品1秒,冻结一件物品0.5秒,加速一件物品1秒,获得护盾，等量于此物品伤害量,获得治疗，等量于此物品伤害,造成剧毒，等量于此物品伤害的10%,造成灼烧，等量于此物品伤害的10%,此物品+1多重释放,此物品+50%暴击率,此物品免疫冻结、减速和摧毁,此物品的伤害翻倍
2f4625b6-42e1-42e8-9f50-82edf038fac1,Dragon Heart,巨龙心,Item / 物品,Medium / 中型,Legendary / 传奇,Diamond/Legendary,Common / 通用,Dragon / 龙 | Relic / 遗物,BurnRef / 灼烧引用 | FlyingRef / 飞行引用,11.0,11,0,,0,,0,,0,,0,,1,1,0,,0,,0,,0,,0,0,0,0,"[主动] 使一件物品的灼烧翻倍
[被动] 当你触发灼烧或使用飞行物品时，充能此物品2秒",null,此物品的价值翻倍,减速2件物品4秒,冻结2件物品1秒,加速2件物品4秒,获得25护盾,治疗25生命值,造成2剧毒,造成2灼烧,此物品+1多重释放,己方灼烧物品+40%暴击率,此物品免疫冻结、减速和摧毁,造成25伤害
2fcdf96f-e1c4-45cd-8efd-0b8352267483,Grenade,手雷,Item / 物品,Small / 小型,Bronze / 青铜,Bronze/Silver/Gold/Diamond,Vanessa / 瓦内莎,Weapon / 武器,Damage / 伤害 | Ammo / 弹药,5.0,5,50,50/100/150/200,0,,0,,1,1,25,25,1,1,0,,0,,0,,0,,0,0,0,0,"[主动] 造成50/100/150/200伤害
[主动] 弹药: 1",null,此物品的价值翻倍,减速一件物品3秒,冻结一件物品0.5秒,加速一件物品3秒,获得护盾，等量于此物品伤害量,获得治疗，等量于此物品伤害,造成剧毒，等量于此物品伤害的10%,造成灼烧，等量于此物品伤害的10%,此物品+1多重释放,此物品的暴击伤害翻倍,此物品免疫冻结、减速和摧毁,此物品的伤害翻倍
2fd61ab1-d256-4d43-8691-c6f730b41c67,Thermal Lance,热能长枪,Item / 物品,Medium / 中型,Gold / 黄金,Gold/Diamond,Dooley / 杜利,Tool / 工具,Burn / 灼烧 | HasteRef / 加速引用,4.0,4,0,,0,,0,,0,,0,,1,1,10,10,0,,0,,0,,0,0,0,0,"[主动] 造成10灼烧
[被动] 加速此物品时，它获得10/20",null,此物品的价值翻倍,减速2件物品1秒,冻结一件物品1秒,加速2件物品1秒,获得护盾，等量于此物品灼烧的5倍,获得治疗，等量于此物品灼烧的5倍,造成剧毒，等量于此物品灼烧,此物品的灼烧翻倍,此物品+1多重释放,此物品+50%暴击率,此物品免疫冻结、减速和摧毁,造成伤害，等量于此物品灼烧的5倍
2fd7332d-9033-452a-81e4-151b0c966077,Vampire Squid,吸血章鱼,Item / 物品,Small / 小型,Silver / 白银,Silver/Gold/Diamond,Vanessa / 瓦内莎,Aquatic / 水系 | Weapon / 武器 | Friend / 伙伴,Damage / 伤害 | CritReference,5.0,5,15,15/30/60,0,,0,,0,,0,,1,1,0,,0,,0,,100,100,0,0,0,0,"[主动] 造成15/30/60伤害
[被动] 此物品+伤害，等量于其暴击率",null,此物品的价值翻倍,减速一件物品1秒,冻结一件物品0.5秒,加速一件物品1秒,获得护盾，等量于此物品伤害量,获得治疗，等量于此物品伤害,造成剧毒，等量于此物品伤害的10%,造成灼烧，等量于此物品伤害的10%,此物品+1多重释放,此物品+50%暴击率,此物品免疫冻结、减速和摧毁,此物品的伤害翻倍
2fdde51e-5bf5-4136-b86f-3f83053cbf25,Vineyard,葡萄园,Item / 物品,Large / 大型,Silver / 白银,Silver/Gold/Diamond,Pygmalien / 皮格马利翁,Property / 地产,Slow / 减速 | Heal / 治疗 | Health / 生命值,5.0,5,0,,0,0,0,,0,,0,,2,2,0,,0,,0,,0,,0,0,0,0,"[主动] 获得治疗，等量于最大生命值的5/10/15%
[被动] 当你治疗时，减速一件物品1秒",null,此物品的价值翻倍,此物品的减速持续时间翻倍,当你获得治疗时，冻结一件物品0.5秒,当你获得治疗时，加速一件物品1秒,获得护盾，等量于此物品治疗量,此物品的治疗翻倍,造成剧毒，等量于此物品治疗量的10%,造成灼烧，等量于此物品治疗量的10%,此物品+1多重释放,此物品+50%暴击率,此物品免疫冻结、减速和摧毁,造成伤害，等量于此物品治疗量
2ffce1c9-e5da-4f9f-b8ed-69fd61befded,Baked Potato,烤土豆,Item / 物品,Small / 小型,Bronze / 青铜,Bronze/Silver/Gold/Diamond,Jules / 朱尔斯,Food / 食物,Regen / 再生 | HeatedReference,4.0,4,0,,0,,0,,0,,0,,1,1,0,,0,,1,1/2/3/4,0,,0,0,0,0,"[主动] 生命再生量提高1/2/3/4
[被动] 高温时：此物品+1多重释放",null,此物品的价值翻倍,减速一件物品1秒,冻结一件物品0.5秒,加速一件物品1秒,获得护盾，等量于此物品生命再生量的5倍,获得治疗，等量于此物品生命再生量的5倍,造成剧毒，等量于此物品生命再生量,造成灼烧，等量于此物品的生命再生量,此物品+1多重释放,此物品+50%暴击率,此物品免疫冻结、减速和摧毁,造成伤害，等量于此物品生命再生的5倍
302d710c-335d-4fd4-af3c-34789e55acd3,Blow Torch,喷焊枪,Item / 物品,Small / 小型,Bronze / 青铜,Bronze/Silver/Gold/Diamond,Stelle / 斯黛尔,Tool / 工具,Burn / 灼烧,4.0,4,0,,0,,0,,0,,0,,1,1,4,4/8/12/16,0,,0,,0,,0,0,0,0,[主动] 造成4/8/12/16灼烧,null,此物品的价值翻倍,减速一件物品2秒,冻结一件物品1秒,加速一件物品2秒,获得护盾，等量于此物品灼烧的5倍,获得治疗，等量于此物品灼烧的5倍,造成剧毒，等量于此物品灼烧,此物品的灼烧翻倍,此物品+1多重释放,此物品+50%暴击率,此物品免疫冻结、减速和摧毁,造成伤害，等量于此物品灼烧的5倍
30383ce6-b9f8-45b0-9bef-f1bb1f9a4645,Cutting Board,切菜板,Item / 物品,Medium / 中型,Silver / 白银,Silver/Gold/Diamond,Jules / 朱尔斯,Tool / 工具,DamageRef / 伤害引用 | Charge / 充能,4.0,4,0,,0,,0,,0,,0,,1,1,0,,0,,0,,0,,0,0,0,0,"[主动] 充能一件食物1秒
[被动] 当你使用相邻工具时，充能此物品1秒且己方物品获得5/10/15",null,此物品的价值翻倍,减速一件物品1秒,冻结一件物品0.5秒,加速一件物品1秒,……且己方物品获得0,……且己方物品获得0,……且己方物品获得0,……且己方物品获得0,此物品+1多重释放,己方食物+30%暴击率,此物品免疫冻结、减速和摧毁,此物品的伤害提升翻倍
30b4548a-589b-48d0-a039-21766b72635c,Aurora Vista,极光之景,Item / 物品,Large / 大型,Gold / 黄金,Gold/Diamond,Karnok,Property / 地产,Heal / 治疗 | Shield / 护盾 | CritReference,5.0,5/4,0,,10,10,0,0,0,,20,20,1,1,0,,0,,0,,0,,0,0,0,0,"[主动] 治疗10生命值
[被动] 己方物品+治疗，等量于此物品的暴击率
[被动] 当你治疗时，获得护盾，等量于治疗量",null,此物品的价值翻倍,当你获得治疗时，减速一件物品1秒,当你获得治疗时，冻结一件物品0.5秒,当你获得治疗时，加速一件物品1秒,此物品触发双次护盾,此物品的治疗翻倍,当你获得治疗时，施加剧毒，等量于此物品10%的治疗,当你获得治疗时，施加灼烧，等量于此物品10%的治疗,此物品+1多重释放,己方治疗物品+50%暴击率,此物品免疫冻结、减速和摧毁,当你治疗时，造成伤害，等量于此物品的治疗量
30da8c8f-4252-4ab7-848a-eaede3922266,Basket,提篮,Item / 物品,Medium / 中型,Bronze / 青铜,Bronze/Silver/Gold/Diamond,Jules / 朱尔斯,Food / 食物,Shield / 护盾 | Regen / 再生 | Quest,8.0,8/7/6/5,0,,0,,40,40,0,,0,,1,1,0,,0,,0,0,0,,0,0,0,0,"[主动] 获得40护盾
[主动] 生命再生量提高，增幅等于此物品护盾值的10%","目标: 出售8个食物 | 奖励: 此物品+50%暴击率
目标: 出售15件食物 | 奖励: 此物品+1多重释放
目标: 出售30件食物 | 奖励: 此物品的冷却时间缩短2000秒",此物品的价值翻倍,减速一件物品1秒,冻结一件物品0.5秒,加速一件物品1秒,此物品的护盾翻倍,获得治疗，等量于此物品护盾值,造成剧毒，等量于此物品护盾值的10%,造成灼烧，等量于此物品护盾值的10%,此物品+1多重释放,此物品+50%暴击率,此物品免疫冻结、减速和摧毁,造成伤害，等量于此物品护盾
30f2cdd1-6464-4133-a83e-6c4029e7a73f,Lowroller,平衡车,Item / 物品,Medium / 中型,Silver / 白银,Silver/Gold/Diamond,Stelle / 斯黛尔,Vehicle / 载具 | Tech / 科技,Haste / 加速,4.0,4,0,,0,,0,,0,,0,,1,1,0,,0,,0,,0,,0,0,0,0,"[主动] 加速1/2/3件物品1秒
[被动] 每有一件相邻工具，此物品+1多重释放",null,此物品的价值翻倍,减速一件物品1秒,冻结一件物品0.5秒,此物品的加速持续时间翻倍,获得20护盾,治疗20生命值,造成2剧毒,造成2灼烧,此物品+1多重释放,己方物品+25%暴击率,此物品免疫冻结、减速和摧毁,造成20伤害
3132efea-ee79-4b99-b380-d0df3bf1df88,Cruise Ship,游轮,Item / 物品,Large / 大型,Silver / 白银,Silver/Gold/Diamond,Stelle / 斯黛尔,Vehicle / 载具,Burn / 灼烧 | Slow / 减速 | Shield / 护盾,8.0,8,0,,0,,50,50/100/200,0,,0,,1,1,10,10/20/30,0,,0,,0,,0,0,0,0,"[主动] 造成10/20/30灼烧
[主动] 护盾50/100/200
[主动] 减速此物品2秒
[被动] 触发减速时，充能此物品2秒",null,此物品的价值翻倍,此物品造成的减速持续时间减半,冻结一件物品1秒,加速2件物品1秒,此物品的护盾翻倍,获得治疗，等量于此物品护盾值,造成剧毒，等量于此物品灼烧,此物品的灼烧翻倍,此物品+1多重释放,此物品+50%暴击率,此物品免疫冻结、减速和摧毁,造成伤害，等量于此物品护盾
313c68d7-9541-4535-8c0d-145abccb2517,The Boss,老大,Item / 物品,Medium / 中型,Legendary / 传奇,Diamond,Common / 通用,Weapon / 武器,Damage / 伤害,0.0,7,0,100,0,,0,,0,,0,,0,,0,,0,,0,,0,,0,0,0,0,"[主动] 造成100伤害
[被动] 当你使用其他武器时，此物品获得伤害，等量于该武器的伤害",null,此物品的价值翻倍,减速2件物品2秒,冻结一件物品1秒,加速2件物品2秒,获得护盾，等量于此物品伤害量,获得治疗，等量于此物品伤害,造成剧毒，等量于此物品伤害的10%,造成灼烧，等量于此物品伤害的10%,此物品+1多重释放,此物品+50%暴击率,此物品免疫冻结、减速和摧毁,此物品的伤害翻倍
314136b6-8ee8-4ac9-8560-de5249c96e3e,Balloon Engine,气球引擎,Item / 物品,Medium / 中型,Bronze / 青铜,Bronze/Silver/Gold/Diamond,Stelle / 斯黛尔,Vehicle / 载具,Burn / 灼烧 | Flying / 飞行 | FlyingRef / 飞行引用,5.0,5,0,,0,,0,,0,,0,,1,1,3,3/5/7/9,0,,0,,0,,0,0,0,0,"[主动] 一件物品开始飞行
[被动] 己方物品开始飞行时，造成3/5/7/9灼烧",null,此物品的价值翻倍,减速2件物品1秒,冻结一件物品1秒,加速2件物品1秒,己方物品开始飞行时，获得护盾，等量于此物品灼烧的5倍,己方物品开始飞行时，获得治疗，等量于此物品灼烧的5倍,己方物品开始飞行时，造成剧毒，等量于此物品的灼烧,此物品的灼烧翻倍,此物品+1多重释放,己方飞行物品+40%暴击率,此物品免疫冻结、减速和摧毁,己方物品开始飞行时，造成伤害，等量于此物品灼烧的5倍
3172cda6-0ebd-4663-a6d6-f72a3d7c4b2c,Mirror,镜子,Item / 物品,Medium / 中型,Gold / 黄金,Gold/Diamond,Mak / 马克,Relic / 遗物,,3.0,3,0,,0,,0,,0,,0,,1,1,0,,0,,0,,0,,0,0,0,0,[主动] 转化为左侧中型非传说级物品的复制,null,……并为转化后的物品赋予黄金附魔（如适用）,……并为转化后的物品赋予沉重附魔（如适用）,……并为转化后的物品赋予寒冰附魔（如适用）,……并为转化后的物品赋予疾速附魔（如适用）,……并为转化后的物品赋予护盾附魔（如适用）,……并为转化后的物品赋予回复附魔（如适用）,……并为转化后的物品赋予剧毒附魔（如适用）,……并为转化后的物品赋予炽焰附魔（如适用）,……并为转化后的物品赋予闪亮附魔（如适用）,……并为转化后的物品赋予致命附魔（如适用）,……并为转化后的物品赋予辉耀附魔（如适用）,……并为转化后的物品赋予黑曜石附魔（如适用）
3174b74a-9e67-4db7-ba98-0d4935b2586d,Raffle Ticket,抽奖券,Item / 物品,Small / 小型,Bronze / 青铜,Bronze/Silver/Gold/Diamond,Common / 通用,Loot / 战利品,,0.0,,0,,0,,0,,0,,0,,0,,0,,0,,0,,0,,0,0,0,0,[被动] 出售此物品时，获得0至5/10/20/40金币,null,出售此物品时，获得1金币,出售此物品时，己方最左侧的减速物品获得200减速持续时间,出售此物品时，己方最左侧的冻结物品获得100冻结持续时间,出售此物品时，己方最左侧的加速物品获得200加速持续时间,出售此物品时，最左侧的护盾物品+10,出售此物品时，最左侧的治疗物品+10,出售此物品时，己方最左侧的剧毒物品获得1,出售此物品时，己方最左侧的灼烧物品获得1,,出售此物品时，己方最左侧的物品获得2%暴击率,,出售此物品时，己方最左侧的武器获得10
3191df3b-7e7d-4df9-9395-6fffd4207f6d,Zoarcid,绵鳚,Item / 物品,Small / 小型,Bronze / 青铜,Bronze/Silver/Gold/Diamond,Vanessa / 瓦内莎,Aquatic / 水系 | Weapon / 武器 | Friend / 伙伴,Damage / 伤害 | Haste / 加速 | BurnRef / 灼烧引用,8.0,8/7/6/5,20,20,0,,0,,0,,0,,1,1,0,,0,,0,,0,,0,0,0,0,"[主动] 造成20伤害
[主动] 加速相邻物品2秒
[被动] 触发灼烧时，充能此物品1秒",null,此物品的价值翻倍,减速一件物品1秒,冻结一件物品0.5秒,此物品的加速持续时间翻倍,获得护盾，等量于此物品伤害量,获得治疗，等量于此物品伤害,造成剧毒，等量于此物品伤害的10%,造成灼烧，等量于此物品伤害的10%,此物品+1多重释放,此物品+50%暴击率,此物品免疫冻结、减速和摧毁,此物品的伤害翻倍
31b35938-9402-4990-b4d9-473ce5887af9,Pawn Shop,当铺,Item / 物品,Large / 大型,Bronze / 青铜,Bronze/Silver/Gold/Diamond,Pygmalien / 皮格马利翁,Property / 地产,Health / 生命值 | Value / 价值 | EconomyRef / 经济引用,0.0,,0,,0,,0,,0,,0,,0,,0,,0,,0,,0,,0,0,0,0,"[被动] 出售物品时，此物品永久获得1价值
[被动] 你的最大生命值提高，增幅等于此物品价值的10/15/20/25倍[0]",null,此物品的价值翻倍,每场战斗中首次生命值降至一半以下时，减速敌方所有物品4秒,每场战斗中首次生命值降至一半以下时，冻结3件物品4秒,每场战斗中首次生命值降至一半以下时，加速己方物品4秒,己方物品+护盾，等量于此物品价值的一半,己方物品+治疗，等量于此物品价值的一半,己方物品+剧毒，等量于此物品价值的10%,己方物品+灼烧，等量于此物品价值的10%,此物品的最大生命值加成翻倍,己方物品的暴击率等于此物品的价值,己方物品受冻结和减速影响的时间减半,己方物品+伤害，增幅等于此物品价值的一半[0]
31dfbc9c-1231-4781-a0a9-a7e3cd458fa8,Paper Airplane,纸飞机,Item / 物品,Small / 小型,Bronze / 青铜,Bronze/Silver/Gold/Diamond,Stelle / 斯黛尔,Vehicle / 载具 | Toy / 玩具,Flying / 飞行 | FlyingRef / 飞行引用,5.0,5/4/3/2,0,,0,,0,,0,,0,,1,1,0,,0,,0,,0,,0,0,0,0,[主动] 此物品开始或停止飞行,null,此物品的价值翻倍,减速一件物品1秒,冻结一件物品0.5秒,加速一件物品1秒,获得10护盾,治疗10生命值,造成1剧毒,造成1灼烧,此物品+1多重释放,一件物品+20%暴击率,此物品免疫冻结、减速和摧毁,造成10伤害
325788ee-7465-4bd3-9233-df2dedb98439,Jumbo Wok,巨型炒锅,Item / 物品,Large / 大型,Gold / 黄金,Gold/Diamond,Jules / 朱尔斯,Food / 食物 | Tool / 工具,Burn / 灼烧 | Charge / 充能 | ShieldRef / 护盾引用 | RegenRef / 再生引用 | HeatedReference,3.0,3,0,,0,,0,,0,,0,,1,1,6,6/9,0,,0,,0,,0,0,0,0,"[主动] 充能己方其他高温物品1/2秒
[被动] 高温时：当你用另一件食物获得护盾或生命再生时，造成6/9灼烧",null,此物品的价值翻倍,减速2件物品1秒,冻结一件物品1秒,加速2件物品1秒,高温时：当你用另一件食物获得护盾或生命再生时，获得护盾，等量于此物品灼烧的5倍,高温时：当你用另一件食物获得护盾或生命再生时，获得治疗，等量于此物品灼烧的5倍,高温时：当你用另一件食物获得护盾或生命再生时，造成剧毒，等量于此物品的灼烧,此物品的灼烧翻倍,此物品+1多重释放,己方物品+40%暴击率,此物品免疫冻结、减速和摧毁,高温时：当你用另一件食物获得护盾或生命再生时，造成伤害，等量于此物品灼烧的5倍
32aa1a2f-f344-42b2-808d-839fb8596d53,Hypergreens,超能绿汁机,Item / 物品,Medium / 中型,Silver / 白银,Silver/Gold/Diamond,Pygmalien / 皮格马利翁,Tool / 工具,Value / 价值 | EconomyRef / 经济引用 | HealRef / 治疗引用 | DamageRef / 伤害引用,5.0,5,0,,0,,0,,0,,0,,1,1,0,,0,,0,,0,,0,0,0,0,"[主动] 相邻物品+3/6/9价值
[被动] 战斗中相邻物品获得价值时，己方物品获得10/15/20和10/15/20",null,,减速2件物品1秒,冻结一件物品1秒,加速2件物品1秒,相邻物品获得0,相邻物品获得0,相邻物品获得0,相邻物品获得0,此物品+1多重释放,相邻物品+25%暴击率,此物品免疫冻结、减速和摧毁,相邻物品获得0
3310f7e3-025e-4212-9e95-756fe3af8ab1,Precision Calipers,精密卡尺,Item / 物品,Small / 小型,Bronze / 青铜,Bronze/Silver/Gold/Diamond,Stelle / 斯黛尔,Tool / 工具,Haste / 加速,7.0,7,0,,0,,0,,0,,0,,1,1,0,,0,,0,,0,,0,0,0,0,"[主动] 修复一件小型物品
[主动] 加速己方所有其他小型物品1/2/3/4秒",null,此物品的价值翻倍,减速一件物品3秒,冻结一件物品0.5秒,此物品的加速持续时间翻倍,获得80护盾,治疗80生命值,造成8剧毒,造成8灼烧,此物品+1多重释放,己方小型物品+30%暴击率,此物品免疫冻结、减速和摧毁,造成80伤害
334ee28f-cec4-431a-aaef-19bdcba5cbcc,Steam Washer,蒸汽清洗机,Item / 物品,Medium / 中型,Bronze / 青铜,Bronze/Silver/Gold/Diamond,Stelle / 斯黛尔,Vehicle / 载具 | Tool / 工具,Burn / 灼烧,6.0,6,0,,0,,0,,0,,0,,1,1,8,8/12/16/20,0,,0,,0,,0,0,0,0,"[主动] 造成8/12/16/20灼烧
[被动] 当你使用另一件载具时，充能此物品2秒",null,此物品的价值翻倍,减速一件物品1秒,冻结一件物品0.5秒,加速一件物品1秒,获得护盾，等量于此物品灼烧的5倍,获得治疗，等量于此物品灼烧的5倍,造成剧毒，等量于此物品灼烧,此物品的灼烧翻倍,此物品+1多重释放,此物品+50%暴击率,此物品免疫冻结、减速和摧毁,造成伤害，等量于此物品灼烧的5倍
3373c95c-6910-4414-8134-abf2ff1c90fa,Eye of the Colossus,巨像之眼,Item / 物品,Large / 大型,Legendary / 传奇,Diamond/Legendary,Common / 通用,Relic / 遗物,,11.0,11,0,,0,,0,,0,,0,,1,1,0,,0,,0,,0,,0,64/0,0,32/0,"[主动] 摧毁敌人的一件物品
[被动] 使用相邻物品时，充能此物品1秒",null,此物品的价值翻倍,使用相邻物品时，减速1件物品1秒,使用相邻物品时，冻结1件物品0.5秒,使用相邻物品时，加速1件物品1秒,当你使用相邻物品时，获得40护盾,当你使用相邻物品时，治疗40,当你使用相邻物品时，剧毒4,当你使用相邻物品时，灼烧4,此物品+1多重释放,己方物品+50%暴击率,此物品免疫冻结、减速和摧毁,当你使用相邻物品时，造成40伤害
3375011f-dc67-4f64-a7e5-adff11eb07c8,Optical Augment,光学强化,Item / 物品,Small / 小型,Silver / 白银,Silver/Gold/Diamond,Mak / 马克,Tool / 工具 | Apparel / 服饰,Poison / 剧毒 | Crit / 暴击,0.0,,0,,0,,0,,0,,0,,0,,0,,8,8/12/16,0,,0,,0,0,0,0,"[被动] 每场战斗开始时，使自己中毒8/12/16
[被动] 左侧相邻的物品+暴击率，增幅等于你的剧毒",null,此物品的价值翻倍,当左侧相邻的物品暴击时，减速一件物品1秒,当左侧相邻的物品暴击时，冻结一件物品0.5秒,当左侧相邻的物品暴击时，加速一件物品2秒,当左侧相邻的物品暴击时，获得护盾，等量于此物品剧毒的5倍,当左侧相邻的物品暴击时，获得治疗，等量于此物品剧毒的5倍,此物品的剧毒翻倍,当左侧相邻的物品暴击时，造成灼烧，等量于此物品的剧毒,每场战斗开始时，改为使自己中毒两次,此物品的暴击率加成翻倍,此物品左侧相邻的物品受冻结和减速影响的时间减半,当左侧相邻的物品暴击时，造成伤害，等量于此物品剧毒的5倍
33c9b825-946c-45f8-a0f3-8c0f493dbc45,Power Sander,电动砂光机,Item / 物品,Small / 小型,Bronze / 青铜,Bronze/Silver/Gold/Diamond,Dooley / 杜利,Tool / 工具,Haste / 加速 | Slow / 减速,5.0,5,0,,0,,0,,0,,0,,1,1,0,,0,,0,,0,,0,0,0,0,"[主动] 加速此物品右侧相邻的物品2/3/4/5秒
[主动] 减速此物品左侧相邻的物品1秒",null,此物品的价值翻倍,此物品的减速持续时间减半,冻结一件物品0.5秒,此物品的加速持续时间翻倍,获得40护盾,治疗40生命值,造成4剧毒,造成4灼烧,此物品+1多重释放,右侧相邻的物品获得10%暴击率,此物品免疫冻结、减速和摧毁,造成40伤害
34476196-7d30-4664-8fe3-e99411022a86,Z-Sword,Z-剑,Item / 物品,Medium / 中型,Silver / 白银,Silver/Gold/Diamond,Dooley / 杜利,Weapon / 武器 | Tech / 科技,Burn / 灼烧 | Damage / 伤害 | Cooldown / 冷却,7.0,7/6/5,50,50,0,,0,,0,,0,,0,,10,10,0,,0,,0,,0,0,0,0,"[主动] 造成50伤害
[主动] 造成10灼烧
[被动] 相邻物品的冷却时间缩短10/15/20%
[被动] 如果你有一件大型物品，此物品+1多重释放",null,此物品的价值翻倍,减速2件物品1秒,冻结一件物品1秒,加速2件物品1秒,获得护盾，等量于此物品伤害量,获得治疗，等量于此物品伤害,造成剧毒，等量于此物品伤害的10%,此物品的灼烧翻倍,此物品+1多重释放,此物品+50%暴击率,此物品免疫冻结、减速和摧毁,此物品的伤害翻倍
34618f7b-f262-4d49-b395-de92bef0508c,Memento Mori,勿忘死亡,Item / 物品,Medium / 中型,Gold / 黄金,Gold/Diamond,Mak / 马克,Relic / 遗物,Heal / 治疗,0.0,,0,,1,1,0,,0,,0,,0,,0,,0,,0,,0,,0,0,0,0,[被动] 每场战斗中首次将要被击败时，获得1治疗且在1/2秒内不受伤害,null,此物品的价值翻倍,每场战斗中首次将被击败时，减速敌方所有物品4秒,每场战斗中首次将要被击败时，冻结3件物品4秒,每场战斗中首次将被击败时，加速己方所有物品4秒,每场战斗中首次将要被击败时，获得护盾，等量于你最大生命值的20%,此物品的治疗翻倍,每场战斗中首次将要被击败时，造成剧毒，等量于你最大生命值的10%,每场战斗中首次将要被击败时，造成灼烧，等量于你最大生命值的10%,此物品的无敌持续时间翻倍,每场战斗中首次你将被击败时，己方物品+25%暴击率,相邻物品受冻结和减速影响的时间减半,每场战斗中首次将要被击败时，造成伤害，等量于你最大生命值的20%
347a3f68-b4bc-49c4-856d-534b14b47459,Tommoo Gun,汤哞冲锋枪,Item / 物品,Small / 小型,Diamond / 钻石,Diamond,Common / 通用,Weapon / 武器,Damage / 伤害 | Ammo / 弹药,3.0,3,0,0,0,,0,,50,50,0,,1,1,0,,0,,0,,0,,0,0,0,0,"[主动] 造成伤害，等量于此物品弹药数量
[主动] 弹药: 50",null,此物品的价值翻倍,减速一件物品1秒,冻结一件物品0.5秒,加速一件物品1秒,获得护盾，等量于此物品伤害量,获得治疗，等量于此物品伤害,造成剧毒，等量于此物品伤害的10%,造成灼烧，等量于此物品伤害的10%,此物品+1多重释放,此物品+50%暴击率,此物品免疫冻结、减速和摧毁,此物品的伤害翻倍
349fc81f-2b3a-4d39-beaa-6a0d5105a19a,Hatchet,短柄斧,Item / 物品,Small / 小型,Bronze / 青铜,Bronze/Silver/Gold/Diamond,Pygmalien / 皮格马利翁,Weapon / 武器 | Tool / 工具,Damage / 伤害 | EconomyRef / 经济引用,4.0,4,6,6/12/24/48,0,,0,,0,,0,,1,1,0,,0,,0,,0,,0,0,0,0,"[主动] 造成6/12/24/48伤害
[被动] 当你购买此物品时，获得一颗松露",null,此物品的价值翻倍,减速一件物品2秒,冻结一件物品0.5秒,加速一件物品2秒,获得护盾，等量于此物品伤害量,获得治疗，等量于此物品伤害,造成剧毒，等量于此物品伤害的10%,造成灼烧，等量于此物品伤害的10%,此物品+1多重释放,此物品+50%暴击率,此物品免疫冻结、减速和摧毁,此物品的伤害翻倍
34a537c8-7edd-43db-b701-0263577d59e7,Mini Fridge,迷你冰箱,Item / 物品,Medium / 中型,Gold / 黄金,Gold/Diamond,Jules / 朱尔斯,Tool / 工具,Freeze / 冻结 | ChilledReference,7.0,7,0,,0,,0,,0,,0,,1,1,0,,0,,0,,0,,0,0,0,0,"[主动] 冻结2/3件物品1秒
[被动] 霜冻时：当你使用相邻食物时，充能此物品2秒",null,此物品的价值翻倍,减速1件物品1秒,此物品的冻结持续时间翻倍,加速1件物品1秒,获得50护盾,治疗50生命值,造成5剧毒,造成5灼烧,此物品+1多重释放,相邻物品+40%暴击率,此物品免疫冻结、减速和摧毁,造成50伤害
34fcf624-ccba-42a8-b4fc-837e0002a163,Weights,壶铃,Item / 物品,Medium / 中型,Bronze / 青铜,Bronze/Silver/Gold/Diamond,Pygmalien / 皮格马利翁,Tool / 工具,DamageRef / 伤害引用 | HealRef / 治疗引用,7.0,7,0,,0,,0,,0,,0,,1,1,0,,0,,0,,0,,0,0,0,0,"[主动] 己方物品+10/20/30/40
[被动] 触发治疗时，充能此物品2秒",null,此物品的价值翻倍,减速一件物品1秒,冻结1件物品0.5秒,加速一件物品1秒,己方物品+0,己方物品+0,己方物品+0,己方物品+0,此物品+1多重释放,己方物品+20%暴击率,此物品免疫冻结、减速和摧毁,此物品的伤害加成翻倍
35355805-5d48-4a42-bb7b-68d240d9a306,Blowgun,吹箭枪,Item / 物品,Small / 小型,Gold / 黄金,Gold/Diamond,Vanessa / 瓦内莎,Weapon / 武器 | Relic / 遗物,Damage / 伤害 | Poison / 剧毒,8.0,8/6,2,2,0,,0,,0,,0,,1,1,0,,0,0,0,,0,,0,0,0,0,"[主动] 造成2伤害
[主动] 造成剧毒，等量于此物品伤害",null,此物品的价值翻倍,减速一件物品3秒,冻结一件物品0.5秒,加速一件物品3秒,获得护盾，等量于此物品伤害的三倍,获得治疗，等量于此物品伤害的三倍,此物品的剧毒翻倍,造成灼烧，等量于此物品伤害,此物品+1多重释放,此物品+50%暴击率,此物品免疫冻结、减速和摧毁,此物品的伤害翻倍
357d7a25-aae0-4d4f-9360-4ed1cc107962,Welding Torch,焊炬,Item / 物品,Medium / 中型,Silver / 白银,Silver/Gold/Diamond,Dooley / 杜利,Tool / 工具,Burn / 灼烧 | ShieldRef / 护盾引用,7.0,7/6/5,0,,0,,0,,0,,0,,1,1,4,4,0,,0,,0,,0,0,0,0,"[主动] 造成4灼烧
[被动] 此物品+灼烧，等量于你护盾的20%",null,此物品的价值翻倍,减速2件物品2秒,冻结一件物品1秒,加速2件物品2秒,获得护盾，等量于此物品灼烧的5倍,获得治疗，等量于此物品灼烧的5倍,造成剧毒，等量于此物品灼烧,此物品的灼烧翻倍,此物品+1多重释放,此物品+50%暴击率,此物品免疫冻结、减速和摧毁,造成伤害，等量于此物品灼烧的5倍
35b7a978-275b-48f0-8e3d-9be2391c6a78,Medium Package,中型包裹,Item / 物品,Medium / 中型,Bronze / 青铜,Bronze/Silver/Gold/Diamond,Common / 通用,,,0.0,,0,,0,,0,,0,,0,,0,,0,,0,,0,,0,,0,0,0,0,[被动] 法莱会回来取包裹,null,,,,,,,,,,,,
35ca6175-1317-4f32-b953-dbe6c9acd8cd,Barrel,木桶,Item / 物品,Medium / 中型,Bronze / 青铜,Bronze/Silver/Gold/Diamond,Vanessa / 瓦内莎,,Shield / 护盾,6.0,6,0,,0,,20,20,0,,0,,1,1,0,,0,,0,,0,,0,0,0,0,"[主动] 获得20护盾
[被动] 使用相邻物品时，此物品获得10/20/30/40",null,此物品的价值翻倍,减速2件物品1秒,冻结一件物品1秒,加速2件物品1秒,此物品的护盾翻倍,获得治疗，等量于此物品护盾值,造成剧毒，等量于此物品护盾值的10%,造成灼烧，等量于此物品护盾值的10%,此物品+1多重释放,此物品+50%暴击率,此物品免疫冻结、减速和摧毁,造成伤害，等量于此物品护盾
35e2a1dd-739d-4434-95c5-2b9ce5f07a5c,Death Caps,毒伞菇,Item / 物品,Medium / 中型,Silver / 白银,Silver/Gold/Diamond,Mak / 马克,Reagent / 试剂,Poison / 剧毒 | PoisonRef / 剧毒引用 | DamageRef / 伤害引用 | RegenRef / 再生引用,5.0,5,0,,0,,0,,0,,0,,1,1,0,,5,5,0,,0,,0,0,0,0,"[主动] 造成5剧毒
[被动] 当你使用武器时，己方物品获得1/2/3和1/2/3
[被动] 此物品转化时，为其赋予剧毒附魔（如适用）",null,此物品的价值翻倍,减速2件物品1秒,冻结一件物品1秒,加速2件物品1秒,获得护盾，等量于此物品剧毒的5倍,获得治疗，等量于此物品剧毒的5倍,此物品的剧毒翻倍,造成灼烧，等量于此物品的剧毒,此物品+1多重释放,此物品+50%暴击率,此物品免疫冻结、减速和摧毁,造成伤害，等量于此物品剧毒的5倍
36211e0c-1806-4234-b661-3c05e2625a0a,Lighthouse,灯塔,Item / 物品,Large / 大型,Gold / 黄金,Gold/Diamond,Vanessa / 瓦内莎,Property / 地产 | Aquatic / 水系,Burn / 灼烧 | Slow / 减速,4.0,4,0,,0,,0,,0,,0,,1,1,8,8/16,0,,0,,0,,0,0,0,0,"[主动] 减速1/2件物品2秒
[被动] 触发减速时，造成8/16灼烧",null,此物品的价值翻倍,此物品的减速持续时间翻倍,触发减速时，冻结一件物品0.5秒,触发减速时，加速一件物品1秒,触发减速时，获得护盾，等量于此物品灼烧的5倍,触发减速时，获得治疗，等量于此物品灼烧的5倍,触发减速时，造成剧毒，等量于此物品灼烧,此物品的灼烧翻倍,此物品+1多重释放,触发减速时，己方物品+10%暴击率,此物品免疫冻结、减速和摧毁,触发减速时，造成伤害，等量于此物品灼烧的5倍
3664a729-7128-4d6d-96c6-1cd2bda15380,Sonic Cannon,,Item / 物品,Medium / 中型,Bronze / 青铜,Bronze/Silver/Gold/Diamond,Common / 通用,,Damage / 伤害,9.0,9,10,10,0,,0,,0,,0,,1,1,0,,0,,0,,0,,0,0,0,0,[主动] None,null,,,,,,,,,,,,
36786fc4-eec6-420c-aa35-99087575ab97,Launch Pad,发射台,Item / 物品,Medium / 中型,Gold / 黄金,Gold/Diamond,Dooley / 杜利,Property / 地产 | Tech / 科技,Flying / 飞行 | FlyingRef / 飞行引用 | Burn / 灼烧,4.0,4,0,,0,,0,,0,,0,,1,1,6,6/12,0,,0,,0,,0,0,0,0,"[主动] 一件物品开始飞行
[被动] 当你使用伙伴或飞行物品时，造成6/12灼烧",null,此物品的价值翻倍,使用伙伴或飞行物品时，减速一件物品1秒,使用伙伴或飞行物品时，冻结一件物品0.5秒,使用伙伴或飞行物品时，加速一件物品1秒,使用伙伴或飞行物品时，获得护盾，等量于此物品灼烧的5倍,使用伙伴或飞行物品时，获得治疗，等量于此物品灼烧的5倍,使用伙伴或飞行物品时，造成剧毒，等量于此物品灼烧,此物品的灼烧翻倍,使用伙伴或飞行物品时，造成{ability.e1}灼烧,己方伙伴和飞行物品+40%暴击率,此物品免疫冻结、减速和摧毁,使用伙伴或飞行物品时，造成伤害，等量于此物品灼烧的5倍
367c2ad9-94b3-4f01-a130-a673922244ef,Cookies,饼干,Item / 物品,Small / 小型,Bronze / 青铜,Bronze/Silver/Gold/Diamond,Jules / 朱尔斯,Food / 食物,Health / 生命值 | Ammo / 弹药,2.0,2,0,,0,,0,,5,5,0,,1,1,0,,0,,0,,0,,0,0,0,0,"[主动] 最大生命值永久提升+4/6/8/10
[主动] 此物品永久失去1最大弹药量
[主动] 弹药: 5
[被动] 每场战斗结束时，如果此物品没有弹药，则将其永久摧毁",null,,出售此物品时，己方最左侧的减速物品获得200减速持续时间,出售此物品时，己方最左侧的冻结物品获得100冻结持续时间,出售此物品时，己方最左侧的加速物品获得200加速持续时间,出售此物品时，最左侧的护盾物品+10,出售此物品时，最左侧的治疗物品+10,出售此物品时，己方最左侧的剧毒物品获得1,出售此物品时，己方最左侧的灼烧物品获得1,此物品的弹药翻倍,出售此物品时，己方最左侧的物品获得2%暴击率,,出售此物品时，己方最左侧的武器获得10
3718910f-3b43-4c4b-8904-d1dbfce56c13,Athanor,炼金炉,Item / 物品,Large / 大型,Silver / 白银,Silver/Gold/Diamond,Mak / 马克,Property / 地产,Burn / 灼烧 | PotionRef / 药水引用 | AmmoRef / 弹药引用,5.0,5,0,,0,,0,,0,,0,,1,1,8,8/16/24,0,,0,,0,,0,0,0,0,"[主动] 装填相邻物品
[被动] 当你使用药水时，造成8/16/24灼烧
[被动] 每天开始时，升级一件更低级别的药水并获得一件催化剂",null,此物品的价值翻倍,当你使用药水时，减速一件物品1秒,当你使用药水时，冻结一件物品0.5秒,当你使用药水时，加速一件物品1秒,当你使用药水时，获得护盾，等量于此物品灼烧的5倍,当你使用药水时，获得治疗，等量于此物品灼烧的5倍,当你使用药水时，造成剧毒，等量于此物品的灼烧,此物品的灼烧翻倍,相邻药水+1多重释放,己方药水+40%暴击率,己方药水受冻结和减速效果影响的时长减半,当你使用药水时，造成伤害，等量于此物品灼烧的5倍
37222f02-3767-44ef-a8ed-000c90d3330e,Ruby,红宝石,Item / 物品,Small / 小型,Bronze / 青铜,Bronze/Silver/Gold/Diamond,Mak / 马克,Relic / 遗物,Burn / 灼烧,7.0,7,0,,0,,0,,0,,0,,1,1,2,2/3/4/5,0,,0,,0,,0,0,0,0,"[主动] 造成2/3/4/5灼烧
[被动] 己方物品+2/3/4/5",null,此物品的价值翻倍,减速一件物品3秒,冻结一件物品0.5秒,加速一件物品3秒,己方物品+0,己方物品+0,己方物品+0,此物品的灼烧加成翻倍,此物品+1多重释放,此物品+50%暴击率,此物品免疫冻结、减速和摧毁,己方物品+0
3756cb2b-d7d9-405c-9e6a-2e5830ebfce2,Lag-bolt,迟滞螺栓,Item / 物品,Small / 小型,Bronze / 青铜,Bronze/Silver/Gold/Diamond,Common / 通用,Tech / 科技,Slow / 减速,0.0,,0,,0,,0,,0,,0,,0,,0,,0,,0,,0,,0,0,0,0,[被动] 每场战斗开始时，减速一件物品3/4/5/6秒,null,此物品的价值翻倍,此物品的减速持续时间翻倍,每场战斗开始时，冻结一件物品2秒,每场战斗开始时，加速一件物品4秒,每场战斗开始时，获得60护盾,每场战斗开始时，获得6治疗,每场战斗开始时，造成6剧毒,每场战斗开始时，造成6灼烧,此物品额外减速一件物品,己方物品+20%暴击率,相邻物品受冻结和减速影响的时间减半,每场战斗开始时，造成60伤害
375ffe99-c6a2-4ab0-b328-051847259adb,Candles,蜡烛,Item / 物品,Medium / 中型,Bronze / 青铜,Bronze/Silver/Gold/Diamond,Mak / 马克,,Burn / 灼烧,9.0,9,0,,0,,0,,0,,0,,1,1,8,8/12/16/20,0,,0,,0,,0,0,0,0,"[主动] 造成8/12/16/20灼烧
[被动] 当你使用小型物品时，充能此物品2秒",null,此物品的价值翻倍,减速一件物品1秒,冻结一件物品0.5秒,加速一件物品1秒,获得护盾，等量于此物品灼烧的5倍,获得治疗，等量于此物品灼烧的5倍,造成剧毒，等量于此物品灼烧,此物品的灼烧翻倍,此物品+1多重释放,此物品+50%暴击率,此物品免疫冻结、减速和摧毁,造成伤害，等量于此物品灼烧的5倍
37bff6ae-a219-4be0-be1c-a1065ef094ca,Red Lantern,大红灯笼,Item / 物品,Small / 小型,Silver / 白银,Silver/Gold/Diamond,Stelle / 斯黛尔,,Crit / 暴击 | FlyingRef / 飞行引用,0.0,,0,,0,,0,,0,,0,,0,,0,,0,,0,,0,,0,0,0,0,"[被动] 相邻物品+20/30/40%暴击率
[被动] 此物品正在飞行时，暴击率加成翻倍",null,此物品的价值翻倍,使用相邻物品时，减速一件物品1秒,使用相邻物品时，冻结一件物品0.5秒,使用相邻物品时，加速一件物品1秒,当你使用相邻物品时，获得10护盾,当你使用相邻物品时，治疗10,当你使用相邻物品时，剧毒1,当你使用相邻物品时，灼烧1,此物品的暴击率加成翻倍,此物品的暴击率加成翻倍,此物品左侧相邻的物品受冻结和减速影响的时间减半,当你使用相邻物品时，造成10伤害
37c65de1-3027-43b1-923b-e9b675222123,Bandoleer,弹药带,Item / 物品,Medium / 中型,Silver / 白银,Silver/Gold/Diamond,Karnok,Apparel / 服饰,AmmoRef / 弹药引用 | Rage | RageReference,0.0,,0,,0,,0,,0,,0,,0,,0,,0,,0,,0,,0,0,0,0,"[被动] 当你使用弹药物品时，获得怒火
[被动] 当你进入暴怒状态并结束暴怒时，装填己方所有物品",null,此物品的价值翻倍,当你使用弹药物品时，减速一件物品1秒,使用弹药物品时，冻结一件物品0.5秒,使用弹药物品时，加速一件物品1秒,使用弹药物品时，获得20护盾,使用弹药物品时，获得20治疗,使用弹药物品时，造成2剧毒,使用弹药物品时，造成2灼烧,此物品的怒火获取值翻倍,己方弹药物品+40%暴击率,相邻物品受冻结和减速影响的时间减半,使用弹药物品时，造成20伤害
3866978f-da19-45a8-9f28-d03b6d3aafc4,Hydraulic Squeezer,液压钳,Item / 物品,Medium / 中型,Silver / 白银,Silver/Gold/Diamond,Stelle / 斯黛尔,Tool / 工具,Charge / 充能 | FlyingRef / 飞行引用,6.0,6/5/4,0,,0,,0,,0,,0,,1,1,0,,0,,0,,0,,0,0,0,0,"[主动] 为飞行物品充能1秒
[被动] 当你使用其他工具时，充能此物品1秒",null,此物品的价值翻倍,减速一件物品1秒,冻结一件物品0.5秒,加速一件物品1秒,获得25护盾,治疗25生命值,造成2剧毒,造成2灼烧,此物品+1多重释放,己方飞行物品+40%暴击率,此物品免疫冻结、减速和摧毁,造成25伤害
3868bcee-4463-4c34-9a9b-b1ab1fa49260,Yellow Piggles R,黄色小圆猪 右,Item / 物品,Small / 小型,Bronze / 青铜,Bronze/Silver/Gold/Diamond,Pygmalien / 皮格马利翁,Toy / 玩具,ShieldRef / 护盾引用,4.0,4,0,,0,,0,,0,,0,,1,1,0,,0,,0,,0,,0,0,0,0,[主动] 右侧护盾物品获得5/10/15/20,null,,减速一件物品2秒,冻结一件物品0.5秒,加速右侧相邻的物品2秒,此物品的护盾加成翻倍,右侧相邻的物品获得0,右侧相邻的物品获得0,右侧相邻的物品获得0,此物品+1多重释放,右侧护盾物品+50%暴击率,此物品免疫冻结、减速和摧毁,右侧相邻的物品获得0
38867a93-a32f-4c75-8018-b60a205cc436,Seafood Cracker,海鲜钳,Item / 物品,Small / 小型,Bronze / 青铜,Bronze/Silver/Gold/Diamond,Jules / 朱尔斯,Weapon / 武器 | Tool / 工具,Damage / 伤害,4.0,4,10,10/20/40/80,0,,0,,0,,0,,1,1,0,,0,,0,,0,,0,0,0,0,"[主动] 造成10/20/40/80伤害
[被动] 如果敌人获得护盾效果，此物品造成三倍伤害",null,此物品的价值翻倍,减速一件物品2秒,冻结一件物品0.5秒,加速一件物品2秒,获得护盾，等量于此物品伤害量,获得治疗，等量于此物品伤害,造成剧毒，等量于此物品伤害的10%,造成灼烧，等量于此物品伤害的10%,此物品+1多重释放,此物品+50%暴击率,此物品免疫冻结、减速和摧毁,此物品的伤害翻倍
388a396e-39b3-4b04-a5f8-4ec1733b485c,Adrenal Converter,肾上腺素调节服,Item / 物品,Medium / 中型,Silver / 白银,Silver/Gold/Diamond,Mak / 马克,Apparel / 服饰,Poison / 剧毒 | Regen / 再生 | Haste / 加速,5.0,5,0,,0,,0,,0,,0,,1,1,0,,5,5/10/15,5,5/10/15,0,,0,0,0,0,"[主动] 对双方玩家都造成5/10/15剧毒
[被动] 当你对自己造成剧毒时，生命再生量提高5/10/15并加速一件物品1/2/3秒",null,此物品的价值翻倍,当你对自己造成剧毒时，减速一件物品1秒,当你对自己造成剧毒时，冻结一件物品0.5秒,此物品的加速持续时间翻倍,当你对自己造成剧毒时，获得护盾，等量于此物品生命再生量的5倍,对自己造成剧毒时，获得治疗，等量于此物品生命再生的5倍,此物品的剧毒翻倍,当你对自己造成剧毒时，造成灼烧，等量于此物品的生命再生量,此物品+1多重释放,此物品+50%暴击率,此物品免疫冻结、减速和摧毁,当你对自己造成剧毒时，造成伤害，等量于此物品生命再生量的5倍
3890374d-4952-471d-b550-e230d0ce5343,Bluenanas,蓝蕉,Item / 物品,Small / 小型,Bronze / 青铜,Bronze/Silver/Gold/Diamond,Common / 通用,Food / 食物,Heal / 治疗 | Health / 生命值,10.0,10,0,,10,10/20/40/80,0,,0,,0,,1,1,0,,0,,0,,0,,0,0,0,0,"[主动] 治疗10/20/40/80生命值
[被动] 出售此物品时，获得25/50/100/200最大生命值",null,此物品的价值翻倍,减速一件物品5秒,冻结一件物品1秒,加速一件物品5秒,获得护盾，等量于此物品治疗量,此物品的治疗翻倍,造成剧毒，等量于此物品治疗量的10%,造成灼烧，等量于此物品治疗量的10%,此物品+1多重释放,此物品+50%暴击率,此物品免疫冻结、减速和摧毁,造成伤害，等量于此物品治疗量
38c3a468-7e40-4bb7-9140-96b9d59131c8,Cyber-Sai,赛博铁尺,Item / 物品,Medium / 中型,Silver / 白银,Silver/Gold/Diamond,Vanessa / 瓦内莎,Weapon / 武器 | Tech / 科技,Damage / 伤害 | CritReference,3.0,3,10,10/20/40,0,,0,,0,,0,,1,1,0,,0,,0,,0,,0,0,0,0,"[主动] 造成10/20/40伤害
[被动] 当你暴击时，己方武器获得10/20/30",null,此物品的价值翻倍,减速一件物品1秒,冻结一件物品0.5秒,加速一件物品1秒,获得护盾，等量于此物品伤害量,获得治疗，等量于此物品伤害,造成剧毒，等量于此物品伤害的10%,造成灼烧，等量于此物品伤害的10%,此物品+1多重释放,此物品+50%暴击率,此物品免疫冻结、减速和摧毁,此物品的伤害翻倍
38e105eb-c5c7-484f-b7ec-f9912701d3ef,Hunter's Axe,猎人之斧,Item / 物品,Small / 小型,Bronze / 青铜,Bronze/Silver/Gold/Diamond,Karnok,Weapon / 武器 | Tool / 工具,Damage / 伤害 | Rage,5.0,5,10,10/20/40/80,0,,0,,0,,0,,1,1,0,,0,,0,,0,,0,0,0,0,"[主动] 造成10/20/40/80伤害
[被动] 使用相邻工具或伙伴时，获得怒火",null,此物品的价值翻倍,减速一件物品2秒,冻结一件物品0.5秒,加速一件物品2秒,获得护盾，等量于此物品伤害量,获得治疗，等量于此物品伤害,造成剧毒，等量于此物品伤害的10%,造成灼烧，等量于此物品伤害的10%,此物品+1多重释放,此物品+50%暴击率,此物品免疫冻结、减速和摧毁,此物品的伤害翻倍
38e563e6-7420-443e-ab2f-0ae61aac1227,Furs,皮毛,Item / 物品,Medium / 中型,Silver / 白银,Silver/Gold/Diamond,Karnok,Apparel / 服饰,ShieldRef / 护盾引用 | HealRef / 治疗引用 | FreezeRef / 冻结引用 | CritReference,5.0,5,0,,0,,0,,0,,0,,1,1,0,,0,,0,,0,,0,0,0,0,"[主动] 己方物品获得10/15/20和10/15/20
[被动] 触发冻结时或当非武器物品暴击时，充能此物品1秒
[被动] 己方物品被冻结的时间减半",null,此物品的价值翻倍,减速一件物品1秒,冻结一件物品0.5秒,加速一件物品1秒,此物品的护盾获取值翻倍,此物品的治疗获取值翻倍,己方物品+0,己方物品+0,此物品+1多重释放,己方物品+25%暴击率,此物品免疫冻结、减速和摧毁,己方物品+0
39ae7bb6-2f10-4367-b578-bdc027ac1530,Distilled Sunlight,提纯阳光,Item / 物品,Small / 小型,Gold / 黄金,Gold/Diamond,Mak / 马克,Reagent / 试剂,Cooldown / 冷却,0.0,,0,,0,,0,,0,,0,,0,,0,,0,,0,,0,,0,0,0,0,"[被动] 左侧相邻物品的冷却时间缩短5/10%
[被动] 此物品转化时，为其赋予闪亮附魔（如适用）",null,此物品的价值翻倍,当你使用左侧物品时，减速一件物品1秒,当你使用左侧物品时，冻结一件物品0.5秒,使用左侧相邻的物品时，加速一件物品1秒,使用左侧相邻的物品时，获得10护盾,使用左侧相邻的物品时，获得10治疗,使用左侧相邻的物品时，造成1剧毒,使用左侧相邻的物品时，造成1灼烧,此物品的冷却时间缩短效果翻倍,此物品左侧相邻的物品+30%暴击率,此物品左侧相邻的物品受冻结和减速影响的时间减半,使用左侧相邻的物品时，造成10伤害
39f47d29-2ef3-4057-bb60-33acd3dd12a2,Cosmic Amulet,宇宙护符,Item / 物品,Small / 小型,Silver / 白银,Silver/Gold/Diamond,Common / 通用,Relic / 遗物,Haste / 加速 | Flying / 飞行 | CritReference,5.0,5,0,,0,,0,,0,,0,,1,1,0,,0,,0,,0,,0,0,0,0,"[主动] 加速一件物品1/2/3秒
[被动] 此物品暴击时，此物品开始飞行
[被动] 此物品正在飞行时，+1多重释放",null,此物品的价值翻倍,减速一件物品2秒,冻结一件物品0.5秒,此物品的加速持续时间翻倍,获得10护盾,治疗10生命值,造成1剧毒,造成1灼烧,此物品+1多重释放,己方物品+10%暴击率,此物品免疫冻结、减速和摧毁,造成10伤害
3a9f3d16-9022-4709-9903-8b08b1f918dc,Skyliner,天际舰,Item / 物品,Large / 大型,Gold / 黄金,Gold/Diamond,Stelle / 斯黛尔,Vehicle / 载具 | Weapon / 武器,Damage / 伤害 | Burn / 灼烧 | FlyingRef / 飞行引用,9.0,9,150,150/300,0,,0,,0,,0,,1,1,25,25/45,0,,0,,0,,0,0,0,0,"[主动] 造成150/300伤害
[主动] 造成25/45灼烧
[被动] 己方每拥有一件飞行物品，此物品+1多重释放",null,此物品的价值翻倍,减速2件物品1秒,冻结一件物品1秒,加速2件物品1秒,获得护盾，等量于此物品伤害量,获得治疗，等量于此物品伤害,造成剧毒，等量于此物品灼烧,此物品的灼烧翻倍,此物品+1多重释放,此物品+50%暴击率,此物品免疫冻结、减速和摧毁,此物品的伤害翻倍
3af3c836-7224-47bc-bc27-dade6f9d210c,Shuriken,手里剑,Item / 物品,Small / 小型,Bronze / 青铜,Bronze/Silver/Gold/Diamond,Vanessa / 瓦内莎,Weapon / 武器,Damage / 伤害 | Ammo / 弹药,8.0,8,5,5/10/20/40,0,,0,,3,3/4/5/6,0,,1,1,0,,0,,0,,0,,0,0,0,0,"[主动] 造成5/10/20/40伤害
[主动] 弹药: 3/4/5/6
[被动] 此物品的多重释放等于其当前弹药量
[被动] 当你使用此物品时，消耗其所有弹药",null,此物品的价值翻倍,减速一件物品1秒,冻结一件物品0.5秒,加速一件物品1秒,获得护盾，等量于此物品伤害量,获得治疗，等量于此物品伤害,造成剧毒，等量于此物品伤害的10%,造成灼烧，等量于此物品伤害的10%,此物品的伤害翻倍,此物品+50%暴击率,此物品免疫冻结、减速和摧毁,此物品的伤害翻倍
3b1e3858-93d4-45c8-892b-b66aec1b14a9,Luxury Tents,豪华帐篷,Item / 物品,Large / 大型,Gold / 黄金,Gold/Diamond,Pygmalien / 皮格马利翁,Property / 地产,Heal / 治疗 | HealthRef / 生命值引用,0.0,,0,,0,0,0,,0,,0,,0,,0,,0,,0,,0,,0,0,0,0,"[被动] 每场战斗中首次将被击败时，治疗你最大生命值的10/20%
[被动] 己方治疗物品+1多重释放",null,此物品的价值翻倍,每场战斗中首次将被击败时，减速敌方所有物品4秒,每场战斗中首次将被击败时，冻结3件敌方物品4秒,每场战斗中首次将被击败时，加速己方所有物品4秒,每场战斗中首次将被击败时，获得护盾，等量于你最大生命值的25%,此物品的治疗翻倍,每场战斗中首次将要被击败时，造成剧毒，等量于你最大生命值的10%,每场战斗中首次将要被击败时，造成灼烧，等量于你最大生命值的10%,此物品的多重释放加成翻倍,每场战斗中首次你将被击败时，己方物品+50%暴击率,己方治疗物品受冻结和减速影响的时间减半,每场战斗中首次将被击败时，造成伤害，等量于你最大生命值的25%
3b32361e-2ddc-47b6-bcce-0ac560cb407b,Dragon Tooth,巨龙牙,Item / 物品,Small / 小型,Gold / 黄金,Gold/Diamond,Pygmalien / 皮格马利翁,Weapon / 武器 | Dragon / 龙 | Relic / 遗物,Damage / 伤害 | EconomyRef / 经济引用 | Gold / 金币,10.0,10,10,10/20,0,,0,,0,,0,,1,1,0,,0,,0,,0,,0,0,0,0,"[主动] 造成10/20伤害
[被动] 每场携带龙牙的战斗开始时，花费3金币，己方武器永久获得5/10伤害",null,可以免费获得增益了！,减速一件物品5秒,冻结一件物品1秒,加速一件物品5秒,获得20护盾,治疗20生命值,造成剧毒，等量于此物品伤害的10%,造成灼烧，等量于此物品伤害的10%,此物品+1多重释放,此物品+50%暴击率,此物品免疫冻结、减速和摧毁,此物品的伤害翻倍
3b862903-7857-4297-a711-7ae32a4c5038,Ring King Gauntlets,拳台之王臂铠,Item / 物品,Small / 小型,Bronze / 青铜,Bronze/Silver/Gold/Diamond,Pygmalien / 皮格马利翁,Weapon / 武器 | Tech / 科技 | Apparel / 服饰,Damage / 伤害 | Income / 收入 | EconomyRef / 经济引用,6.0,6,0,0,0,,0,,0,,0,,2,2,0,,0,,0,,0,,0,0,0,0,"[主动] 造成伤害，等量于收入的1/2/3/4倍
[被动] 处于布阵区时，你的收入+1/2/3/4",null,此物品的收入加成翻倍,减速一件物品1秒,冻结一件物品0.5秒,加速一件物品1秒,获得护盾，等量于此物品伤害量,获得治疗，等量于此物品伤害,造成剧毒，等量于此物品伤害的10%,造成灼烧，等量于此物品伤害的10%,此物品+1多重释放,此物品+50%暴击率,此物品免疫冻结、减速和摧毁,此物品的伤害翻倍
3b924a0a-f423-4286-8d08-9ade57b2ebae,Brass Knuckles,黄铜拳套,Item / 物品,Small / 小型,Bronze / 青铜,Bronze/Silver/Gold/Diamond,Pygmalien / 皮格马利翁,Weapon / 武器 | Apparel / 服饰,Damage / 伤害 | Health / 生命值,5.0,5,20,20/40/80/160,0,,0,,0,,0,,1,1,0,,0,,0,,0,,0,0,0,0,"[主动] 造成20/40/80/160伤害
[主动] 获得最大生命值，等量于此物品伤害",null,此物品的价值翻倍,减速一件物品2秒,冻结一件物品0.5秒,加速一件物品2秒,获得护盾，等量于此物品伤害量,获得治疗，等量于此物品伤害,造成剧毒，等量于此物品伤害的10%,造成灼烧，等量于此物品伤害的10%,此物品+1多重释放,此物品+50%暴击率,此物品免疫冻结、减速和摧毁,此物品的伤害翻倍
3be07dec-5176-43ad-adae-3ee573a89f0a,Tri-Net,三叉网,Item / 物品,Medium / 中型,Bronze / 青铜,Bronze/Silver/Gold/Diamond,Karnok,Weapon / 武器 | Tool / 工具,Damage / 伤害 | Slow / 减速,9.0,9,3,3,0,,0,,0,,0,,3,3,0,,0,,0,,0,,0,0,0,0,"[主动] 造成3伤害
[主动] 减速1件物品1秒
[被动] 触发减速时，此物品获得3/6/9/12",null,此物品的价值翻倍,此物品的减速持续时间翻倍,冻结1件物品1秒,加速1件物品3秒,获得护盾，等量于此物品伤害量,获得治疗，等量于此物品伤害,造成剧毒，等量于此物品伤害的10%,造成灼烧，等量于此物品伤害的10%,此物品+1多重释放,此物品+50%暴击率,此物品免疫冻结、减速和摧毁,此物品的伤害翻倍
3c265982-4144-44de-bf69-2d86c137de20,Night Vision,夜视仪,Item / 物品,Small / 小型,Gold / 黄金,Gold/Diamond,Karnok,Apparel / 服饰,Slow / 减速 | Haste / 加速,3.0,3,0,,0,,0,,0,,0,,0,,0,,0,,0,,0,,0,0,0,0,"[主动] 减速相邻物品2/1秒
[被动] 当你减速相邻物品时，加速一件物品1/2秒",null,此物品的价值翻倍,此物品的减速持续时间减半,冻结一件物品0.5秒,此物品的加速持续时间翻倍,获得20护盾,治疗20生命值,造成2剧毒,造成2灼烧,此物品+1多重释放,己方物品+20%暴击率,此物品免疫冻结、减速和摧毁,造成20伤害
3c7807ef-0993-4b33-8a34-441f7cde0666,Drone Crusher,,Item / 物品,Medium / 中型,Silver / 白银,Silver/Gold/Diamond,Stelle / 斯黛尔,Vehicle / 载具 | Tool / 工具,Burn / 灼烧,8.0,8/7/6,0,,0,,0,,0,,0,,1,1,0,0,0,,0,,0,,0,0,0,0,"[主动] Destroy all other Drones
[主动] Burn equal to 5 times the value of Drones destroyed this fight
[被动] When you destroy one of your items, transform it into a small Drone from any Hero",null,此物品的价值翻倍,减速2件物品2秒,冻结一件物品1秒,加速2件物品2秒,获得护盾，等量于此物品灼烧的5倍,获得治疗，等量于此物品灼烧的5倍,造成剧毒，等量于此物品灼烧,此物品的灼烧翻倍,此物品+1多重释放,此物品+50%暴击率,此物品免疫冻结、减速和摧毁,造成伤害，等量于此物品灼烧的5倍
3c9438a9-78a6-4cb3-b1d8-a6410693a879,Waterskin,水囊,Item / 物品,Small / 小型,Bronze / 青铜,Bronze/Silver/Gold/Diamond,Karnok,Food / 食物,Heal / 治疗 | Charge / 充能,4.0,4,0,,15,15/30/60/120,0,,0,,0,,0,,0,,0,,0,,0,,0,0,0,0,"[主动] 充能左侧相邻的物品1秒
[被动] 当你使用左侧物品时，获得15/30/60/120治疗",null,此物品的价值翻倍,当你使用左侧物品时，减速一件物品1秒,当你使用左侧物品时，冻结一件物品0.5秒,使用左侧相邻的物品时，加速一件物品1秒,当你使用左侧物品时，获得护盾，等量于此物品治疗量,此物品的治疗翻倍,当你使用左侧物品时，造成剧毒，等量于此物品治疗量的10%,当你使用左侧物品时，造成灼烧，等量于此物品治疗量的10%,此物品+1多重释放,此物品左侧相邻的物品+30%暴击率,此物品左侧相邻的物品受冻结和减速影响的时间减半,当你使用左侧物品时，造成伤害，等量于此物品治疗量
3c9c0a73-ea2e-4ff2-be75-fd4363f72d37,Infernal Greatsword,地狱巨剑,Item / 物品,Large / 大型,Legendary / 传奇,Diamond/Legendary,Common / 通用,Weapon / 武器 | Relic / 遗物,Damage / 伤害 | Burn / 灼烧,9.0,9,2,2,0,,0,,0,,0,,1,1,0,0,0,,0,,0,,0,0,0,0,"[主动] 造成2伤害
[主动] 造成灼烧，等量于此物品伤害
[主动] 此物品获得伤害，等量于敌人的灼烧",null,此物品的价值翻倍,减速3件物品3秒,冻结3件物品1秒,加速3件物品3秒,获得护盾，等量于此物品伤害量,获得治疗，等量于此物品伤害,造成剧毒，等量于此物品伤害,此物品的灼烧翻倍,此物品+1多重释放,此物品+50%暴击率,此物品免疫冻结、减速和摧毁,此物品的伤害翻倍
3c9fb662-4088-47f6-a927-0b064154bbbb,Double Barrel,双管霰弹枪,Item / 物品,Medium / 中型,Bronze / 青铜,Bronze/Silver/Gold/Diamond,Vanessa / 瓦内莎,Weapon / 武器,Damage / 伤害 | Ammo / 弹药,4.0,4,20,20/40/80/160,0,,0,,2,2,0,,2,2,0,,0,,0,,0,,0,0,0,0,"[主动] 造成20/40/80/160伤害
[主动] 弹药: 2",null,此物品的价值翻倍,减速一件物品1秒,冻结一件物品0.5秒,加速一件物品1秒,获得护盾，等量于此物品伤害量,获得治疗，等量于此物品伤害,造成剧毒，等量于此物品伤害的10%,造成灼烧，等量于此物品伤害的10%,此物品+1多重释放,此物品+50%暴击率,此物品免疫冻结、减速和摧毁,此物品的伤害翻倍
3ce7312c-aa95-4711-9a2b-827609a380b4,Satchel,挎包,Item / 物品,Medium / 中型,Silver / 白银,Silver/Gold/Diamond,Mak / 马克,Tool / 工具,AmmoRef / 弹药引用 | PotionRef / 药水引用 | Regen / 再生,7.0,7,0,,0,,0,,0,,0,,1,1,0,,0,,2,2,0,,0,0,0,0,"[主动] 装填件物品
[被动] 当你装填时，生命再生量提高2
[被动] 购买药水时，此物品的生命再生量永久提高+2/4/6",null,此物品的价值翻倍,当你使用药水时，减速一件物品1秒,当你使用药水时，冻结一件物品0.5秒,当你使用药水时，加速一件物品1秒,使用药水时，获得20护盾,使用药水时，获得20治疗,使用药水时，造成2剧毒,使用药水时，造成2灼烧,相邻药水+1多重释放,己方药水+40%暴击率,相邻药水受到的冻结和减速效果持续时间减半,使用药水时，造成20伤害
3cfe62f5-ab5d-4a1f-8728-59aa036fbdec,Shell Necklace,贝壳项链,Item / 物品,Small / 小型,Silver / 白银,Silver/Gold/Diamond,Common / 通用,Aquatic / 水系 | Apparel / 服饰 | Relic / 遗物,Shield / 护盾,6.0,6,0,,0,,0,0,0,,0,,1,1,0,,0,,0,,0,,0,0,0,0,[主动] 每拥有一件水系物品或工具，获得20/30/40护盾,null,此物品的价值翻倍,减速一件物品3秒,冻结一件物品0.5秒,加速一件物品3秒,此物品的护盾翻倍,获得治疗，等量于此物品护盾值,造成剧毒，等量于此物品护盾值的10%,造成灼烧，等量于此物品护盾值的10%,此物品+1多重释放,此物品+50%暴击率,此物品免疫冻结、减速和摧毁,造成伤害，等量于此物品护盾
3d185981-0b60-47ce-9ed3-58be5d7b2737,Pyg's Gym,皮格健身房,Item / 物品,Large / 大型,Silver / 白银,Silver/Gold/Diamond,Pygmalien / 皮格马利翁,Property / 地产,DamageRef / 伤害引用,7.0,7,0,,0,,0,,0,,0,,1,1,0,,0,,0,,0,,0,0,0,0,[主动] 己方物品伤害提高，增幅等于3/6/9乘以本次冒险中你购买过的武器数量[3/6/9],null,此物品的价值翻倍,减速3件物品2秒,冻结2件物品1秒,加速3件物品2秒,己方物品护盾提高，增幅等于{ability.e1.mod}乘以本次冒险中你购买过的武器数量[{ability.e1}],己方物品治疗提高，增幅等于{ability.e1.mod}乘以本次冒险中你购买过的武器数量[{ability.e1}],己方物品剧毒提高，增幅等于{ability.e1.mod}乘以本次冒险中你购买过的武器数量[{ability.e1}],己方物品灼烧提高，增幅等于{ability.e1.mod}乘以本次冒险中你购买过的武器数量[{ability.e1}],此物品+1多重释放,己方武器+50%暴击率,此物品免疫冻结、减速和摧毁,此物品的伤害加成翻倍
3d212e22-12eb-427e-ab96-e7baf1229a7b,Lighter,打火机,Item / 物品,Small / 小型,Bronze / 青铜,Bronze/Silver/Gold/Diamond,Vanessa / 瓦内莎,Tool / 工具,Burn / 灼烧,3.0,3,0,,0,,0,,0,,0,,1,1,3,3/5/7/9,0,,0,,0,,0,0,0,0,[主动] 造成3/5/7/9灼烧,null,此物品的价值翻倍,减速一件物品1秒,冻结一件物品0.5秒,加速一件物品1秒,获得护盾，等量于此物品灼烧的5倍,获得治疗，等量于此物品灼烧的5倍,造成剧毒，等量于此物品灼烧,此物品的灼烧翻倍,此物品+1多重释放,此物品+50%暴击率,此物品免疫冻结、减速和摧毁,造成伤害，等量于此物品灼烧的5倍
3d766165-a7f8-4286-8d37-976d5e101522,Junkyard Catapult,废品场弹射机,Item / 物品,Large / 大型,Bronze / 青铜,Bronze/Silver/Gold/Diamond,Common / 通用,Weapon / 武器,Damage / 伤害 | Burn / 灼烧 | Poison / 剧毒,6.0,6,25,25/50/100/200,0,,0,,3,3,0,,1,1,5,5/10/15/20,5,5/10/15/20,0,,0,,0,0,0,0,"[主动] 造成25/50/100/200伤害
[主动] 造成5/10/15/20灼烧
[主动] 造成5/10/15/20剧毒
[主动] 弹药: 3",null,此物品的价值翻倍,减速3件物品2秒,冻结2件物品1秒,加速3件物品2秒,获得护盾，等量于此物品伤害量,获得治疗，等量于此物品伤害,此物品的剧毒翻倍,此物品的灼烧翻倍,此物品+1多重释放,此物品+50%暴击率,此物品免疫冻结、减速和摧毁,此物品的伤害翻倍
3d7961f0-62fa-4b20-94a0-9034ccda129c,Silver Stake,银制尖桩,Item / 物品,Small / 小型,Bronze / 青铜,Bronze/Silver/Gold/Diamond,Karnok,Weapon / 武器 | Relic / 遗物,Damage / 伤害,4.0,4,10,10,0,,0,,0,,0,,1,1,0,,0,,0,,0,,0,0,0,0,"[主动] 造成10伤害
[被动] 此物品对怪物造成的伤害变为三倍
[被动] 当你使用此物品击败怪物时，此物品永久+10/20/30/40",null,此物品的价值翻倍,减速一件物品2秒,冻结一件物品0.5秒,加速一件物品2秒,获得护盾，等量于此物品伤害量,获得治疗，等量于此物品伤害,造成剧毒，等量于此物品伤害的10%,造成灼烧，等量于此物品伤害的10%,此物品+1多重释放,此物品+50%暴击率,此物品免疫冻结、减速和摧毁,此物品的伤害翻倍
3de8a2de-9ae9-4e68-ac2a-0987a7fa8717,Race Carl,竞速卡尔,Item / 物品,Medium / 中型,Silver / 白银,Silver/Gold/Diamond,Dooley / 杜利,Friend / 伙伴 | Weapon / 武器 | Vehicle / 载具,Damage / 伤害 | HasteRef / 加速引用,9.0,9/8/7,100,100,0,,0,,0,,0,,1,1,0,,0,,0,,0,,0,0,0,0,"[主动] 造成100伤害
[被动] 触发加速时，充能此物品2秒",null,此物品的价值翻倍,减速一件物品1秒,冻结一件物品0.5秒,加速一件物品1秒,获得护盾，等量于此物品伤害量,获得治疗，等量于此物品伤害,造成剧毒，等量于此物品伤害的10%,造成灼烧，等量于此物品伤害的10%,此物品+1多重释放,此物品+50%暴击率,此物品免疫冻结、减速和摧毁,此物品的伤害翻倍
3e3bda1d-81ba-4719-8772-417d8b834e99,Calcinator,煅烧釜,Item / 物品,Medium / 中型,Bronze / 青铜,Bronze/Silver/Gold/Diamond,Mak / 马克,Tool / 工具,Burn / 灼烧 | EconomyRef / 经济引用,7.0,7,0,,0,,0,,0,,0,,1,1,6,6,0,,0,,0,,0,0,0,0,"[主动] 造成6灼烧
[被动] 本次冒险中每转化过一种原料，此物品+3/4/5/6
[被动] 每天开始时，花费2金币获得一块铅块",null,此物品的价值翻倍,减速2件物品2秒,冻结一件物品1秒,加速2件物品2秒,获得护盾，等量于此物品灼烧的5倍,获得治疗，等量于此物品灼烧的5倍,造成剧毒，等量于此物品灼烧,此物品的灼烧翻倍,此物品+1多重释放,此物品+50%暴击率,此物品免疫冻结、减速和摧毁,造成伤害，等量于此物品灼烧的5倍
3e563d2a-87e7-4e9a-bfa2-3268b27b7447,Gunpowder,火药,Item / 物品,Small / 小型,Silver / 白银,Silver/Gold/Diamond,Common / 通用,Loot / 战利品,AmmoRef / 弹药引用,0.0,,0,,0,,0,,0,,0,,0,,0,,0,,0,,0,,0,0,0,0,[被动] 出售此物品时，己方最左侧的弹药物品永久获得1/2/4最大弹药量,null,此物品的价值翻倍,出售此物品时，己方最左侧的减速物品获得200减速持续时间,出售此物品时，己方最左侧的冻结物品获得100冻结持续时间,出售此物品时，己方最左侧的加速物品获得200加速持续时间,出售此物品时，最左侧的护盾物品+10,出售此物品时，最左侧的治疗物品+10,出售此物品时，己方最左侧的剧毒物品获得1,出售此物品时，己方最左侧的灼烧物品获得1,此物品弹药获取值翻倍,出售此物品时，己方最左侧的物品获得2%暴击率,,出售此物品时，己方最左侧的武器获得10
3e97f309-24f2-4850-ab35-6eb6c1fe832f,Harkuvian Launcher,哈库维发射器,Item / 物品,Large / 大型,Bronze / 青铜,Bronze/Silver/Gold/Diamond,Common / 通用,Weapon / 武器,Damage / 伤害 | Ammo / 弹药,3.0,3,100,100/200/400/800,0,,0,,1,1,0,,1,1,0,,0,,0,,0,,0,0,0,0,"[主动] 造成100/200/400/800伤害
[主动] 弹药: 1",null,此物品的价值翻倍,减速3件物品1秒,冻结2件物品1秒,加速3件物品1秒,获得护盾，等量于此物品伤害量,获得治疗，等量于此物品伤害,造成剧毒，等量于此物品伤害的10%,造成灼烧，等量于此物品伤害的10%,此物品+1多重释放,此物品+50%暴击率,此物品免疫冻结、减速和摧毁,此物品的伤害翻倍
3efd3236-c768-4995-a47d-dbd8dea00d13,Goop Flail,黏液链枷,Item / 物品,Large / 大型,Silver / 白银,Silver/Gold/Diamond,Mak / 马克,Weapon / 武器,Damage / 伤害 | Poison / 剧毒,11.0,11/10/9,1,1,0,,0,,0,,0,,3,3,0,,0,0,0,,0,,0,0,0,0,"[主动] 造成1伤害
[主动] 造成剧毒，等量于此物品伤害",null,此物品的价值翻倍,减速2件物品1秒,冻结一件物品1秒,加速2件物品1秒,获得护盾，等量于此物品伤害量,获得治疗，等量于此物品伤害,此物品的剧毒翻倍,造成灼烧，等量于此物品的剧毒,此物品的伤害翻倍,此物品+50%暴击率,此物品免疫冻结、减速和摧毁,此物品的伤害翻倍
3f48a184-3c29-4049-88c4-d28edd391bda,Orange Piggles L,橙色小圆猪 L,Item / 物品,Small / 小型,Bronze / 青铜,Bronze/Silver/Gold/Diamond,Pygmalien / 皮格马利翁,Toy / 玩具,BurnRef / 灼烧引用,4.0,4,0,,0,,0,,0,,0,,1,1,0,,0,,0,,0,,0,0,0,0,[主动] 此物品左侧相邻的灼烧物品获得1/2/3/4。,null,,减速一件物品2秒,冻结一件物品0.5秒,加速左侧相邻的物品2秒,获得30护盾,治疗30生命值,造成3剧毒,此物品的灼烧加成翻倍,此物品+1多重释放,此物品左侧相邻的灼烧物品+50%暴击率。,此物品免疫冻结、减速和摧毁,造成30伤害
3f4a5b6c-7d8e-9f0a-1b2c-3d4e5f6a7b8c,Excavation Tools,采掘工具,Item / 物品,Small / 小型,Silver / 白银,Silver/Gold/Diamond,Mak / 马克,Tool / 工具,Charge / 充能,4.0,4,0,,0,,0,,0,,0,,0,,0,,0,,0,,0,,0,0,0,0,"[主动] 为一件相邻遗物充能1/2/3秒
[被动] 当你购买此物品时，获得一件催化剂",null,此物品的价值翻倍,减速一件物品2秒,冻结一件物品0.5秒,加速一件物品2秒,获得40护盾,治疗40生命值,造成4剧毒,造成4灼烧,此物品+1多重释放,相邻遗物+30%暴击率,此物品免疫冻结、减速和摧毁,造成40伤害
3f867017-c026-412d-99f7-67ca26092e7a,Marlon,马龙鱼,Item / 物品,Medium / 中型,Bronze / 青铜,Bronze/Silver/Gold/Diamond,Vanessa / 瓦内莎,Aquatic / 水系 | Friend / 伙伴 | Weapon / 武器,Crit / 暴击 | Flying / 飞行 | FlyingRef / 飞行引用 | Damage / 伤害,3.0,3,15,15,0,,0,,0,,0,,1,1,0,,0,,0,,0,,0,0,0,0,"[主动] 一件物品开始飞行
[主动] 造成15伤害
[被动] 当你使用飞行物品时，此物品获得20/30/40/50%暴击率",null,此物品的价值翻倍,减速一件物品1秒,冻结一件物品0.5秒,加速一件物品1秒,获得护盾，等量于此物品伤害量,获得治疗，等量于此物品伤害,造成剧毒，等量于此物品伤害的10%,造成灼烧，等量于此物品伤害的10%,此物品+1多重释放,此物品的暴击伤害翻倍,此物品免疫冻结、减速和摧毁,此物品的伤害翻倍
4042adcf-9d2c-4d5a-bd36-4259b8e3b928,Maitoan Altar,玛伊托恩祭坛,Item / 物品,Small / 小型,Legendary / 传奇,Diamond/Legendary,Common / 通用,Relic / 遗物,Poison / 剧毒,8.0,8,0,,0,,0,,0,,0,,1,1,0,,0,0,0,,0,,0,0,0,0,"[主动] 每拥有一件剧毒物品，就造成5剧毒
[被动] 己方每拥有一件其他遗物，此物品冷却时间缩短1000秒
[被动] 出售此物品时，为己方最左侧的物品赋予剧毒附魔",null,此物品的价值翻倍,减速一件物品2秒,冻结一件物品1秒,加速一件物品2秒,获得护盾，等量于此物品剧毒的5倍,获得治疗，等量于此物品剧毒的5倍,此物品的剧毒翻倍,造成灼烧，等量于此物品的剧毒,此物品+1多重释放,此物品+50%暴击率,此物品免疫冻结、减速和摧毁,造成伤害，等量于此物品剧毒的5倍
405245d8-b81d-4015-8ed9-70e80f5eb980,Antimatter Chamber,反物质舱,Item / 物品,Large / 大型,Gold / 黄金,Gold/Diamond,Dooley / 杜利,Tech / 科技,TechReference,30.0,30/24,0,,0,,0,,0,,0,,1,1,0,,0,,0,,0,,0,0,0,0,"[主动] 摧毁此物品
[被动] 此物品被摧毁时，摧毁件敌方物品
[被动] 当你使用其他科技物品时，充能此物品2秒",null,此物品的价值翻倍,此物品被摧毁时，减速6件物品4秒,此物品被摧毁时，冻结3件物品4秒,此物品被摧毁时，加速6件物品4秒,此物品被摧毁时，获得1000护盾,此物品被摧毁时，获得1000治疗,此物品被摧毁时，造成100剧毒,此物品被摧毁时，造成100灼烧,此物品的冷却时间减半,此物品被摧毁时，己方物品+100%暴击率,此物品免疫冻结和减速,此物品被摧毁时，造成1000伤害
40814ac2-ee63-4482-8f3b-d2242750fbd8,Coral Armor,珊瑚护甲,Item / 物品,Medium / 中型,Bronze / 青铜,Bronze/Silver/Gold/Diamond,Vanessa / 瓦内莎,Aquatic / 水系 | Apparel / 服饰 | Relic / 遗物,Shield / 护盾,6.0,6,0,,0,,50,50,0,,0,,1,1,0,,0,,0,,0,,0,0,0,0,"[主动] 获得50护盾
[被动] 购买另一件水系物品时，此物品永久获得10/20/30/40",null,此物品的价值翻倍,减速2件物品2秒,冻结一件物品1秒,加速2件物品2秒,此物品的护盾翻倍,获得治疗，等量于此物品护盾值,造成剧毒，等量于此物品护盾值的10%,造成灼烧，等量于此物品护盾值的10%,此物品+1多重释放,此物品+50%暴击率,此物品免疫冻结、减速和摧毁,造成伤害，等量于此物品护盾
40c54925-3b1b-475d-9d68-6b668fd023fe,Temporary Shelter,临时避难所,Item / 物品,Large / 大型,Bronze / 青铜,Bronze/Silver/Gold/Diamond,Common / 通用,Property / 地产,Shield / 护盾,7.0,7,0,,0,,10,10/20/40/80,0,,0,,1,1,0,,0,,0,,0,,0,0,0,0,"[主动] 获得10/20/40/80护盾
[被动] 出售小型物品时，此物品永久获得5/10/15/20",null,,减速3件物品2秒,冻结2件物品1秒,加速3件物品2秒,此物品的护盾翻倍,获得治疗，等量于此物品护盾值,造成剧毒，等量于此物品护盾值的10%,造成灼烧，等量于此物品护盾值的10%,此物品+1多重释放,此物品+50%暴击率,此物品免疫冻结、减速和摧毁,造成伤害，等量于此物品护盾
40d8b44a-8e2f-4081-8163-043d76ddbafa,Spacescraper,摩空大楼,Item / 物品,Large / 大型,Gold / 黄金,Gold/Diamond,Pygmalien / 皮格马利翁,Property / 地产,Shield / 护盾 | EconomyRef / 经济引用 | Value / 价值,6.0,6/5,0,,0,,0,0,0,,0,,1,1,0,,0,,0,,0,,0,0,0,0,"[主动] 获得护盾，等量于己方物品价值的2/3倍
[被动] 战斗期间，此物品价值变为三倍",null,,减速3件物品2秒,冻结2件物品1秒,加速3件物品2秒,此物品的护盾翻倍,获得治疗，等量于此物品护盾值,造成剧毒，等量于此物品护盾值的10%,造成灼烧，等量于此物品护盾值的10%,此物品+1多重释放,此物品+50%暴击率,此物品免疫冻结、减速和摧毁,造成伤害，等量于此物品护盾
41581a59-fd9b-42c6-a97e-9b5587b9cbdf,Ethergy Conduit,以太能量导体,Item / 物品,Large / 大型,Gold / 黄金,Gold/Diamond,Common / 通用,Relic / 遗物,Crit / 暴击 | Charge / 充能 | PoisonRef / 剧毒引用,0.0,,0,,0,,0,,0,,0,,0,,0,,0,,0,,0,,0,0,0,0,"[被动] 触发剧毒时或使用遗物时，己方物品+2/4%暴击率
[被动] 此物品暴击时，充能己方遗物1秒",null,此物品的价值翻倍,此物品暴击时，减速2件物品1秒,此物品暴击时，冻结2件物品0.5秒,此物品暴击时，加速2件物品1秒,此物品暴击时，获得60护盾,此物品暴击时，获得60治疗,此物品暴击时，造成6剧毒,此物品暴击时，造成6灼烧,此物品的暴击率加成翻倍,此物品的暴击率加成翻倍,己方物品受冻结和减速影响的时间减半,此物品暴击时，造成60伤害
41bc6bab-d7a6-42e4-9815-546de8640d4e,Dooltron,多尔王,Item / 物品,Large / 大型,Gold / 黄金,Gold/Diamond,Dooley / 杜利,Friend / 伙伴 | Weapon / 武器 | Vehicle / 载具,PoisonRef / 剧毒引用 | FreezeRef / 冻结引用 | BurnRef / 灼烧引用 | HasteRef / 加速引用 | SlowRef / 减速引用 | Damage / 伤害 | Shield / 护盾,30.0,30/24,1000,1000/2000,0,,25,25/50,0,,0,,1,1,0,,0,,0,,0,,0,0,0,0,"[主动] 造成1000/2000伤害
[被动] 触发加速、减速、剧毒、冻结或灼烧时，充能此物品2秒
[被动] 使用伙伴时，获得25/50护盾",null,此物品的价值翻倍,减速3件物品3秒,冻结3件物品1秒,加速3件物品3秒,此物品的护盾翻倍,获得治疗，等量于此物品伤害,造成剧毒，等量于此物品伤害的10%,造成灼烧，等量于此物品伤害的10%,此物品+1多重释放,此物品+50%暴击率,此物品免疫冻结、减速和摧毁,此物品的伤害翻倍
41dea658-7e38-471a-aa20-e018734526f0,Salamander Pup,火蜥幼兽,Item / 物品,Medium / 中型,Bronze / 青铜,Bronze/Silver/Gold/Diamond,Common / 通用,Friend / 伙伴,Burn / 灼烧 | BurnRef / 灼烧引用,8.0,8,0,,0,,0,,0,,0,,1,1,4,4/6/8/10,0,,0,,0,,0,0,0,0,"[主动] 造成4/6/8/10灼烧
[被动] 出售此物品时，己方最左侧的灼烧物品永久获得2/4/8/16",null,,减速2件物品3秒,冻结2件物品1秒,加速2件物品3秒,获得护盾，等量于此物品灼烧的5倍,获得治疗，等量于此物品灼烧的5倍,造成剧毒，等量于此物品灼烧,此物品的灼烧翻倍,此物品+1多重释放,此物品+50%暴击率,此物品免疫冻结、减速和摧毁,造成伤害，等量于此物品灼烧的5倍
4252c53d-8c2f-4dbb-974f-b45926911eac,Vitality Potion,活力药水,Item / 物品,Small / 小型,Gold / 黄金,Gold/Diamond,Mak / 马克,Potion / 药水,Heal / 治疗 | Ammo / 弹药 | Health / 生命值,11.0,11,0,,0,0,0,,1,1,0,,1,1,0,,0,,0,,0,,0,0,0,0,"[主动] 获得治疗，等量于最大生命值的50/100%
[主动] 弹药: 1",null,此物品的价值翻倍,减速一件物品5秒,冻结一件物品1秒,加速一件物品5秒,获得护盾，等量于你最大生命值的20%,此物品+1弹药,造成剧毒，等量于你最大生命值的5%,造成灼烧，等量于你最大生命值的5%,此物品+1弹药,己方物品+10%暴击率,此物品免疫冻结、减速和摧毁,造成伤害，等量于你最大生命值的20%
428de0f0-bf0d-4da6-9abe-dde8f2174aa9,Stopwatch,秒表,Item / 物品,Small / 小型,Gold / 黄金,Gold/Diamond,Pygmalien / 皮格马利翁,Tool / 工具 | Apparel / 服饰,Freeze / 冻结,11.0,11/10,0,,0,,0,,0,,0,,1,1,0,,0,,0,,0,,0,0,0,0,[主动] 冻结双方玩家的物品1秒,null,此物品的价值翻倍,减速双方玩家的物品3秒,此物品的冻结持续时间翻倍,加速双方玩家的物品3秒,获得50护盾,治疗50生命值,造成5剧毒,造成5灼烧,此物品+1多重释放,敌方物品-30%暴击率,此物品免疫冻结、减速和摧毁,造成50伤害
42f78ed2-0141-47f3-9bcd-71b433b1273b,Ambergris,龙涎香,Item / 物品,Small / 小型,Bronze / 青铜,Bronze/Silver/Gold/Diamond,Vanessa / 瓦内莎,Aquatic / 水系 | Relic / 遗物,EconomyRef / 经济引用 | Value / 价值 | Heal / 治疗,4.0,4,0,,0,0,0,,0,,0,,1,1,0,,0,,0,,0,,0,0,0,0,"[主动] 获得治疗，等量于此物品价值的1/2/3/4倍
[被动] 购买另一件水系物品时，此物品永久获得1/2/3/4价值",null,此物品价值翻倍,减速一件物品2秒,冻结一件物品0.5秒,加速一件物品2秒,获得护盾，等量于此物品治疗量,此物品的治疗翻倍,造成剧毒，等量于此物品治疗量的10%,造成灼烧，等量于此物品治疗量的10%,此物品+1多重释放,此物品+50%暴击率,此物品免疫冻结、减速和摧毁,造成伤害，等量于此物品治疗量
430b8dce-0d95-4942-8a1a-e8da2098eab7,Spiked Collar,尖刺项圈,Item / 物品,Small / 小型,Gold / 黄金,Gold/Diamond,Karnok,Weapon / 武器 | Apparel / 服饰,Damage / 伤害,0.0,,15,15/20,0,,0,,0,,0,,0,,0,,0,,0,,0,,0,0,0,0,[被动] 使用伙伴时，造成15/20伤害,null,此物品的价值翻倍,当你使用一件伙伴时，减速一件物品1秒,当你使用一件伙伴时，冻结一件物品0.5秒,使用伙伴时，加速一件物品1秒,使用伙伴时，获得护盾，等量于此物品的伤害,使用伙伴时，获得治疗，等量于此物品的伤害,使用伙伴时，造成剧毒，等量于此物品伤害的10%,使用伙伴时，造成灼烧，等量于此物品伤害的10%,此物品的伤害翻倍,己方伙伴+30%暴击率,相邻物品受冻结和减速影响的时间减半,此物品的伤害翻倍
430ed105-2d64-4f3b-afd1-73ed0db39217,Rowboat,划艇,Item / 物品,Medium / 中型,Gold / 黄金,Gold/Diamond,Vanessa / 瓦内莎,Aquatic / 水系 | Vehicle / 载具,Charge / 充能 | Cooldown / 冷却,5.0,5/3,0,,0,,0,,0,,0,,1,1,0,,0,,0,,0,,0,0,0,0,[主动] 为相邻物品充能2秒,null,此物品的价值翻倍,减速一件物品1秒,冻结一件物品0.5秒,加速一件物品1秒,每拥有一个独特类型，就获得10护盾,每拥有一个独特类型，就治疗10生命值,每拥有一个独特类型，就造成1剧毒,每拥有一个独特类型，就造成1灼烧,此物品+1多重释放,你每拥有一种独特类型，己方物品就+5%暴击率[{aura.e1}],此物品免疫冻结、减速和摧毁,你每拥有一种独特的类型，造成10伤害
43190b98-4f7f-4b2e-b92e-32b07b7fc2e1,Fixer Upper,毛坯房,Item / 物品,Large / 大型,Bronze / 青铜,Bronze/Silver/Gold/Diamond,Pygmalien / 皮格马利翁,Property / 地产,Shield / 护盾 | EconomyRef / 经济引用 | Value / 价值,4.0,4,0,,0,,0,0,0,,0,,1,1,0,,0,,0,,0,,0,0,0,0,"[主动] 获得护盾，等量于此物品价值的1/2/3/4倍
[被动] 每天开始时，升级此物品",null,此物品的价值翻倍,减速3件物品1秒,冻结2件物品1秒,加速3件物品1秒,此物品的护盾翻倍,获得治疗，等量于此物品护盾值,造成剧毒，等量于此物品护盾值的10%,造成灼烧，等量于此物品护盾值的10%,此物品+1多重释放,此物品+50%暴击率,此物品免疫冻结、减速和摧毁,造成伤害，等量于此物品护盾
434ba656-da96-429a-9db1-c22ef271cd1f,Cool LEDs,炫光 LED,Item / 物品,Small / 小型,Bronze / 青铜,Bronze/Silver/Gold/Diamond,Dooley / 杜利,Tech / 科技,Slow / 减速,5.0,5,0,,0,,0,,0,,0,,1,1,0,,0,,0,,0,,0,0,0,0,"[主动] 减速1/2/3/4件物品1秒
[被动] 当你使用核心物品时，充能此物品1秒",null,此物品的价值翻倍,此物品的减速持续时间翻倍,冻结一件物品0.5秒,加速一件物品1秒,获得20护盾,治疗20生命值,造成2剧毒,造成2灼烧,此物品+1多重释放,己方核心+50%暴击率,此物品免疫冻结、减速和摧毁,造成20伤害
437100de-1d03-4ce2-8336-0d1cdf0b0b8f,Vat of Acid,酸液槽,Item / 物品,Large / 大型,Gold / 黄金,Gold/Diamond,Mak / 马克,,Burn / 灼烧 | Poison / 剧毒,6.0,6,0,,0,,0,,0,,0,,1,1,0,0,0,0,0,,0,,0,0,0,0,"[主动] 此物品每拥有一种类型，就造成6/9剧毒
[主动] 此物品每拥有一个类型，就造成6/9灼烧
[被动] 出售一件物品时，此物品获得该物品的类型",null,,减速3件物品2秒,冻结2件物品1秒,加速3件物品2秒,获得护盾，等量于此物品灼烧的5倍,获得治疗，等量于此物品灼烧的5倍,此物品的剧毒翻倍,此物品的灼烧翻倍,此物品+1多重释放,此物品+50%暴击率,此物品免疫冻结、减速和摧毁,造成伤害，等量于此物品灼烧的5倍
437852e0-10cc-4334-95e6-2966190baa1c,Meat Grinder,绞肉机,Item / 物品,Medium / 中型,Silver / 白银,Silver/Gold/Diamond,Jules / 朱尔斯,Tool / 工具 | Weapon / 武器,Charge / 充能 | Damage / 伤害,6.0,6/5/4,25,25/50/75,0,,0,,0,,0,,1,1,0,,0,,0,,0,,0,0,0,0,"[主动] 充能相邻食物2秒。
[被动] 当你使用相邻的食物时，造成25/50/75伤害。",null,此物品的价值翻倍,当你使用相邻食物时，减速一件物品1秒,当你使用相邻食物时，冻结一件物品0.5秒,当你使用相邻食物时，加速它1秒,当你使用相邻食物时，获得护盾，等量于此物品伤害,当你使用相邻食物时，获得治疗，等量于此物品伤害,当你使用相邻食物时，造成剧毒，等量于此物品伤害的10%,当你使用相邻食物时，造成灼烧，等量于此物品伤害的10%,此物品+1多重释放,相邻物品+30%暴击率,此物品免疫冻结、减速和摧毁,此物品的伤害翻倍
437a6ee6-741d-4119-931a-8a2662cf038e,Flame Jet Drone,火焰喷气无人机,Item / 物品,Small / 小型,Bronze / 青铜,Bronze/Silver/Gold/Diamond,Stelle / 斯黛尔,Tool / 工具 | Drone,Burn / 灼烧 | FlyingRef / 飞行引用,5.0,5,0,,0,,0,,0,,0,,1,1,4,4,0,,0,,0,,0,0,0,0,"[主动] 造成4灼烧
[被动] 当此物品开始飞行时，此物品获得4/8/12/16",null,此物品的价值翻倍,减速一件物品2秒,冻结一件物品0.5秒,加速一件物品2秒,获得护盾，等量于此物品灼烧的5倍,获得治疗，等量于此物品灼烧的5倍,造成剧毒，等量于此物品灼烧,此物品的灼烧翻倍,此物品+1多重释放,此物品+50%暴击率,此物品免疫冻结、减速和摧毁,造成伤害，等量于此物品灼烧的5倍
43c865e6-0057-44be-a598-05a21d9f55c2,Galactic Translator,银河翻译器,Item / 物品,Small / 小型,Diamond / 钻石,Diamond,Common / 通用,Tech / 科技 | Tool / 工具,EconomyRef / 经济引用,0.0,,0,,0,,0,,0,,0,,0,,0,,0,,0,,0,,0,0,0,0,[被动] 商人出售物品便宜1金币，收购物品多付1金币,null,,,,,,,,,,,,
44366f1e-a46b-4b41-9bf7-a1dec75bb6d6,Companion Core,伙伴核心,Item / 物品,Medium / 中型,Silver / 白银,Silver/Gold/Diamond,Dooley / 杜利,Core / 核心 | Tech / 科技 | Friend / 伙伴,Haste / 加速,6.0,6/5/4,0,,0,,0,,0,,0,,1,1,0,,0,,0,,0,,0,0,0,0,"[主动] 加速相邻物品2/3/4秒
[被动] 使用另一个伙伴时，充能此物品1秒",null,此物品的价值翻倍,减速2件物品1秒,冻结一件物品1秒,加速2件物品1秒,获得80护盾,治疗80生命值,造成8剧毒,造成8灼烧,此物品+1多重释放,己方伙伴+10%暴击率,此物品免疫冻结、减速和摧毁,己方伙伴获得20
44710a21-395d-4f78-bdaf-e562c544ae91,Grappling Hook,抓钩,Item / 物品,Small / 小型,Bronze / 青铜,Bronze/Silver/Gold/Diamond,Vanessa / 瓦内莎,Weapon / 武器 | Tool / 工具,Damage / 伤害 | Slow / 减速,7.0,7,20,20/40/80/160,0,,0,,0,,0,,1,1,0,,0,,0,,0,,0,0,0,0,"[主动] 造成20/40/80/160伤害
[主动] 减速1/2/3/4件物品1秒",null,此物品的价值翻倍,此物品的减速持续时间翻倍,冻结一件物品0.5秒,加速一件物品3秒,获得护盾，等量于此物品伤害量,获得治疗，等量于此物品伤害,造成剧毒，等量于此物品伤害的10%,造成灼烧，等量于此物品伤害的10%,此物品+1多重释放,此物品+50%暴击率,此物品免疫冻结、减速和摧毁,此物品的伤害翻倍
447c40e6-7aec-4391-8be7-df4952815d40,Sapphire,蓝宝石,Item / 物品,Small / 小型,Silver / 白银,Silver/Gold/Diamond,Mak / 马克,Relic / 遗物,Freeze / 冻结,7.0,7,0,,0,,0,,0,,0,,1,1,0,,0,,0,,0,,0,0,0,0,"[主动] 冻结1/2/3件物品1秒
[被动] 左侧相邻的冻结物品冻结持续时间延长0.5秒",null,此物品的价值翻倍,减速一件物品4秒,此物品的冻结持续时间翻倍,加速一件物品4秒,获得110护盾,治疗110生命值,造成11剧毒,造成11灼烧,此物品+1多重释放,己方物品+20%暴击率,此物品免疫冻结、减速和摧毁,造成110伤害
44a27d67-3ef2-4a5d-b38e-5d43065ae363,Korxena Crest,蔻森娜纹章,Item / 物品,Small / 小型,Silver / 白银,Silver/Gold/Diamond,Vanessa / 瓦内莎,Apparel / 服饰 | Relic / 遗物,Crit / 暴击,0.0,,0,,0,,0,,0,,0,,0,,0,,0,,0,,0,,0,0,0,0,[被动] 己方物品+15/25/35%暴击率,null,此物品的价值翻倍,此物品暴击时，减速一件物品1秒,此物品暴击时，冻结一件物品0.5秒,此物品暴击时，加速一件物品1秒,此物品暴击时，获得10护盾,此物品暴击时，获得10治疗,此物品暴击时，造成1剧毒,此物品暴击时，造成1灼烧,此物品的暴击率加成翻倍,此物品的暴击率加成翻倍,相邻物品受冻结和减速影响的时间减半,此物品暴击时，造成10伤害
44c8a733-c1ae-4815-88b8-070aaa45037c,Life Preserver,救生圈,Item / 物品,Medium / 中型,Bronze / 青铜,Bronze/Silver/Gold/Diamond,Vanessa / 瓦内莎,Aquatic / 水系,Shield / 护盾 | Heal / 治疗,7.0,7,0,,200,200/400/800/1600,10,10/20/40/80,0,,0,,1,1,0,,0,,0,,0,,0,0,0,0,"[主动] 获得10/20/40/80护盾
[被动] 每场战斗中首次你将被击败时，获得200/400/800/1600治疗",null,此物品的价值翻倍,减速2件物品2秒,冻结一件物品1秒,加速2件物品2秒,此物品的护盾翻倍,此物品的治疗翻倍,造成剧毒，等量于此物品护盾值的10%,造成灼烧，等量于此物品护盾值的10%,此物品+1多重释放,此物品+50%暴击率,此物品免疫冻结、减速和摧毁,造成伤害，等量于此物品护盾
458e19fa-9c19-420a-90cd-d7fb3943271c,Observatory,天文台,Item / 物品,Large / 大型,Silver / 白银,Silver/Gold/Diamond,Stelle / 斯黛尔,Property / 地产,Charge / 充能 | FlyingRef / 飞行引用,8.0,8/7/6,0,,0,,0,,0,,0,,1,1,0,,0,,0,,0,,0,0,0,0,"[主动] 为相邻物品充能2秒
[被动] 使用飞行物品时，为此物品充能2秒",null,此物品的价值翻倍,减速2件物品1秒,冻结一件物品1秒,加速2件物品1秒,获得40护盾,治疗40生命值,造成4剧毒,造成4灼烧,此物品+1多重释放,己方物品+30%暴击率,此物品免疫冻结、减速和摧毁,造成40伤害
459dd1f7-285e-4172-b065-1fabf65476fb,Runed Amulet,符文护符,Item / 物品,Small / 小型,Bronze / 青铜,Bronze/Silver/Gold/Diamond,Karnok,Apparel / 服饰 | Relic / 遗物,DamageRef / 伤害引用 | RageReference,6.0,6,0,,0,,0,,0,,0,,1,1,0,,0,,0,,0,,0,0,0,0,"[主动] 己方物品+10/20/30/40
[被动] 当你进入暴怒状态时，此物品冷却时间缩短1秒",null,此物品的价值翻倍,减速一件物品1秒,冻结一件物品0.5秒,加速一件物品1秒,获得20护盾,治疗20生命值,造成2剧毒,造成2灼烧,此物品+1多重释放,己方武器+20%暴击率,此物品免疫冻结、减速和摧毁,此物品的伤害加成翻倍
45defd20-6c4e-40a7-b2eb-4c4d2284eabd,Rewards Card,回馈卡,Item / 物品,Small / 小型,Bronze / 青铜,Bronze/Silver/Gold/Diamond,Pygmalien / 皮格马利翁,,Value / 价值,0.0,,0,,0,,0,,0,,0,,0,,0,,0,,0,,0,,0,0,0,0,[被动] 拜访商人时，此物品和左侧相邻的物品永久获得1/2/3/4价值,null,此物品的价值获取值翻倍,,,,,,,,此物品的价值获取值翻倍,,,
45f5bb41-ced2-4f67-b30b-b43f422f1ac5,Cheese Wheel,奶酪轮,Item / 物品,Medium / 中型,Silver / 白银,Silver/Gold/Diamond,Jules / 朱尔斯,Food / 食物,Shield / 护盾,8.0,8/7/6,0,,0,,5,5,0,,0,,1,1,0,,0,,0,,0,,0,0,0,0,"[主动] 此物品的护盾翻倍
[主动] 获得5护盾",null,此物品的价值翻倍,减速2件物品2秒,冻结2件物品1秒,加速2件物品2秒,此物品的护盾翻倍,获得治疗，等量于此物品护盾值,造成剧毒，等量于此物品护盾值的10%,造成灼烧，等量于此物品护盾值的10%,此物品+1多重释放,此物品+50%暴击率,此物品免疫冻结、减速和摧毁,造成伤害，等量于此物品护盾
461e9a8d-331b-46a2-b604-6b04312b3214,Lightning Butterfly,闪电蝴蝶,Item / 物品,Small / 小型,Bronze / 青铜,Bronze/Silver/Gold/Diamond,Stelle / 斯黛尔,Weapon / 武器 | Tech / 科技 | Friend / 伙伴 | Drone,Damage / 伤害 | Flying / 飞行 | FlyingRef / 飞行引用,5.0,5,5,5/10/15/20,0,,0,,0,,0,,1,1,0,,0,,0,,0,,0,0,0,0,"[主动] 造成5/10/15/20伤害
[主动] 己方飞行武器获得5/10/15/20
[被动] 每场战斗开始时，此物品开始飞行",null,此物品的价值翻倍,减速一件物品2秒,冻结一件物品1秒,加速一件物品2秒,获得护盾，等量于此物品伤害量,获得治疗，等量于此物品伤害,造成剧毒，等量于此物品伤害的10%,造成灼烧，等量于此物品伤害的10%,此物品+1多重释放,此物品+50%暴击率,此物品免疫冻结、减速和摧毁,此物品的伤害翻倍
4680e750-4ea4-421a-b486-194c805ad6a8,Snow Globe,雪花玻璃球,Item / 物品,Medium / 中型,Silver / 白银,Silver/Gold/Diamond,Pygmalien / 皮格马利翁,Property / 地产 | Toy / 玩具,Freeze / 冻结,6.0,6/5/4,0,,0,,0,,0,,0,,1,1,0,,0,,0,,0,,0,0,0,0,"[主动] 冻结一件物品1秒
[被动] 每有一件相邻地产，此物品就+1多重释放",null,此物品的价值翻倍,减速一件物品1秒,此物品的冻结持续时间翻倍,加速一件物品1秒,获得25护盾,治疗25生命值,造成2剧毒,造成2灼烧,此物品+1多重释放,相邻地产+30%暴击率,此物品免疫冻结、减速和摧毁,造成25伤害
468a8300-4fb1-4ba6-bdf8-59794111c0d4,Spatula,锅铲,Item / 物品,Small / 小型,Bronze / 青铜,Bronze/Silver/Gold/Diamond,Jules / 朱尔斯,Weapon / 武器 | Tool / 工具,Damage / 伤害 | Crit / 暴击,4.0,4,10,10,0,,0,,0,,0,,1,1,0,,0,,0,,0,,0,0,0,0,"[主动] 造成10伤害
[被动] 使用相邻食物时，该食物+10/15/20/25%暴击率",null,此物品的价值翻倍,减速一件物品2秒,冻结一件物品0.5秒,加速一件物品2秒,获得护盾，等量于此物品伤害量,获得治疗，等量于此物品伤害,造成剧毒，等量于此物品伤害的10%,造成灼烧，等量于此物品伤害的10%,此物品+1多重释放,此物品的暴击率加成翻倍,此物品免疫冻结、减速和摧毁,此物品的伤害翻倍
46b1261c-a04c-4a35-8a9e-6763a5d85c43,Clamera,拍立蚌,Item / 物品,Small / 小型,Silver / 白银,Silver/Gold/Diamond,Vanessa / 瓦内莎,Aquatic / 水系,Slow / 减速,7.0,7/6/5,0,,0,,0,,0,,0,,1,1,0,,0,,0,,0,,0,0,0,0,"[主动] 减速一件物品2秒
[被动] 每场战斗中敌人首次使用物品的2/3/4次内，使用此物品",null,此物品的价值翻倍,此物品的减速持续时间翻倍,冻结一件物品0.5秒,加速一件物品1秒,获得20护盾,治疗20生命值,造成2剧毒,造成2灼烧,此物品+1多重释放,己方物品+10%暴击率,此物品免疫冻结、减速和摧毁,造成20伤害
47057461-8cb1-46d2-982c-a7ca6df131c7,Submersible,深潜器,Item / 物品,Medium / 中型,Silver / 白银,Silver/Gold/Diamond,Vanessa / 瓦内莎,Aquatic / 水系 | Tool / 工具 | Vehicle / 载具 | Tech / 科技,DamageRef / 伤害引用 | ShieldRef / 护盾引用,5.0,5,0,,0,,0,,0,,0,,1,1,0,,0,,0,,0,,0,0,0,0,"[主动] 己方最左侧和最右侧的水系武器获得10/20/30
[主动] 己方最左侧和最右侧的水系护盾物品获得10/20/30
[被动] 如果己方还有另一件载具或大型物品，此物品的冷却时间缩短2秒",null,此物品的价值翻倍,减速一件物品1秒,冻结一件物品0.5秒,加速一件物品1秒,此物品的护盾加成翻倍,己方最左侧和最右侧的水系治疗物品获得0,己方最左侧和最右侧的水系剧毒物品获得0,己方最左侧和最右侧的水系灼烧物品获得0,此物品+1多重释放,己方水系物品+35%暴击率,此物品免疫冻结、减速和摧毁,此物品的伤害加成翻倍
4739a012-8704-44f8-acbd-032f37c41770,Anemometer,风速仪,Item / 物品,Medium / 中型,Silver / 白银,Silver/Gold/Diamond,Stelle / 斯黛尔,Tool / 工具,Flying / 飞行 | Haste / 加速,5.0,5/4/3,0,,0,,0,,0,,0,,1,1,0,,0,,0,,0,,0,0,0,0,"[主动] 一件相邻物品开始飞行
[被动] 当己方物品开始或停止飞行时，使其加速2秒",null,此物品的价值翻倍,减速2件物品1秒,冻结一件物品0.5秒,此物品的加速持续时间翻倍,获得70护盾,治疗70生命值,造成7剧毒,造成7灼烧,此物品+1多重释放,相邻物品+40%暴击率,此物品免疫冻结、减速和摧毁,造成70伤害
477a0159-f7e4-4321-8167-3a7cb797f9ee,Integrated HUD,集成式 HUD,Item / 物品,Small / 小型,Silver / 白银,Silver/Gold/Diamond,Vanessa / 瓦内莎,Apparel / 服饰 | Tech / 科技,Crit / 暴击 | Slow / 减速,0.0,,0,,0,,0,,0,,0,,0,,0,,0,,0,,0,,0,0,0,0,"[被动] 右侧相邻的物品+20/30/40%暴击率
[被动] 当右侧相邻的物品暴击时，减速一件物品1秒",null,此物品的价值翻倍,此物品的减速持续时间翻倍,当右侧相邻的物品暴击时，冻结一件物品0.5秒,当右侧相邻的物品暴击时，加速1件物品1秒,当右侧相邻的物品暴击时，获得20护盾,当右侧相邻的物品暴击时，获得20治疗,当右侧相邻的物品暴击时，造成2剧毒,当右侧相邻的物品暴击时，造成2灼烧,此物品的暴击率加成翻倍,此物品的暴击率加成翻倍,右侧相邻物品受到的冻结和减速效果持续时间减半,当右侧相邻的物品暴击时，造成20伤害
47a8d943-cfbe-416f-9ce6-700c431b66f3,Birthday Cake,生日蛋糕,Item / 物品,Medium / 中型,Bronze / 青铜,Bronze/Silver/Gold/Diamond,Jules / 朱尔斯,Food / 食物,Shield / 护盾 | CritReference,4.0,4,0,,0,,0,0,0,,0,,1,1,0,,0,,0,,0,,0,0,0,0,"[主动] 获得护盾，等量于此物品暴击率
[被动] 此物品+30%暴击率
[被动] 每天开始时，此物品暴击率提高+5/10/15/20%",null,此物品的价值翻倍,减速一件物品1秒,冻结一件物品0.5秒,加速一件物品1秒,此物品的护盾翻倍,获得治疗，等量于此物品护盾值,造成剧毒，等量于此物品护盾值的10%,造成灼烧，等量于此物品护盾值的10%,此物品+1多重释放,此物品+50%暴击率,此物品免疫冻结、减速和摧毁,造成伤害，等量于此物品护盾
47e97343-d790-4ecc-8ccd-d2f7e9949494,Old Saltclaw,盐钳海盗,Item / 物品,Small / 小型,Silver / 白银,Silver/Gold/Diamond,Vanessa / 瓦内莎,Aquatic / 水系 | Friend / 伙伴 | Weapon / 武器,Damage / 伤害 | HasteRef / 加速引用 | SlowRef / 减速引用,6.0,6,30,30,0,,0,,0,,0,,1,1,0,,0,,0,,0,,0,0,0,0,"[主动] 造成30伤害
[被动] 触发加速或减速时，此物品获得5/10/15",null,此物品的价值翻倍,减速一件物品3秒,冻结一件物品0.5秒,加速一件物品3秒,获得护盾，等量于此物品伤害量,获得治疗，等量于此物品伤害,造成剧毒，等量于此物品伤害的10%,造成灼烧，等量于此物品伤害的10%,此物品+1多重释放,此物品+50%暴击率,此物品免疫冻结、减速和摧毁,此物品的伤害翻倍
48080618-333b-4628-af57-de57fbd2f7d4,Radar Dome,雷达穹顶,Item / 物品,Large / 大型,Gold / 黄金,Gold/Diamond,Stelle / 斯黛尔,Property / 地产,Flying / 飞行 | Quest | DamageRef / 伤害引用 | ShieldRef / 护盾引用 | BurnRef / 灼烧引用,4.0,4/3,0,,0,,0,,0,,0,,1,1,0,,0,,0,,0,,0,0,0,0,[主动] 使1件物品开始飞行,"目标: 使己方武器飞行10次 | 奖励: 己方飞行武器+1多重释放
目标: 使己方护盾物品飞行10次 | 奖励: 己方飞行护盾物品+1多重释放
目标: 使己方灼烧物品飞行10次 | 奖励: 己方飞行灼烧物品+1多重释放",此物品的价值翻倍,减速3件物品1秒,冻结2件物品1秒,加速3件物品1秒,获得80护盾,治疗80生命值,造成8剧毒,造成8灼烧,此物品+1多重释放,己方飞行物品+50%暴击率,此物品免疫冻结、减速和摧毁,造成80伤害
4826832f-f3a5-4c40-b8fa-737f002074fa,Insect Wing,虫翅,Item / 物品,Small / 小型,Bronze / 青铜,Bronze/Silver/Gold/Diamond,Common / 通用,Loot / 战利品,Cooldown / 冷却,0.0,,0,,0,,0,,0,,0,,0,,0,,0,,0,,0,,0,0,0,0,[被动] 出售此物品时，己方最左侧物品的冷却时间缩短1/2/4/8%,null,此物品的价值翻倍,出售此物品时，己方最左侧的减速物品获得200减速持续时间,出售此物品时，己方最左侧的冻结物品获得100冻结持续时间,出售此物品时，己方最左侧的加速物品获得200加速持续时间,出售此物品时，最左侧的护盾物品+10,出售此物品时，最左侧的治疗物品+10,出售此物品时，己方最左侧的剧毒物品获得1,出售此物品时，己方最左侧的灼烧物品获得1,此物品的冷却时间缩短量翻倍,出售此物品时，己方最左侧的物品获得2%暴击率,,出售此物品时，己方最左侧的武器获得10
4889700a-9a3b-4edc-bccb-b2c5b849d917,Reroll Token,,Item / 物品,Small / 小型,Diamond / 钻石,Diamond,Common / 通用,Loot / 战利品,,0.0,,0,,0,,0,,0,,0,,0,,0,,0,,0,,0,,0,0,0,0,"[被动] When you sell this on Hour 3, reroll your enemies",null,此物品的价值翻倍,出售此物品时，己方最左侧的减速物品获得200减速持续时间,出售此物品时，己方最左侧的冻结物品获得100冻结持续时间,出售此物品时，己方最左侧的加速物品获得200加速持续时间,出售此物品时，最左侧的护盾物品+10,出售此物品时，最左侧的治疗物品+10,出售此物品时，己方最左侧的剧毒物品获得1,出售此物品时，己方最左侧的灼烧物品获得1,此物品的伤害加成翻倍,出售此物品时，己方最左侧的物品获得2%暴击率,,出售此物品时，己方最左侧的武器获得20
48a56ce6-8c01-4d1f-853d-22e8b3dfea35,Pillbuggy,西瓜虫车,Item / 物品,Medium / 中型,Silver / 白银,Silver/Gold/Diamond,Stelle / 斯黛尔,Vehicle / 载具 | Weapon / 武器,Shield / 护盾 | Damage / 伤害 | HasteRef / 加速引用,10.0,10,0,0,0,,40,40,0,,0,,1,1,0,,0,,0,,0,,0,0,0,0,"[主动] 获得40护盾
[主动] 造成伤害，等量于己方护盾
[被动] 加速此物品时，它获得40/80/120",null,此物品的价值翻倍,减速2件物品4秒,冻结2件物品1秒,加速2件物品4秒,此物品的护盾翻倍,获得治疗，等量于此物品护盾值,造成剧毒，等量于此物品护盾值的10%,造成灼烧，等量于此物品护盾值的10%,此物品+1多重释放,此物品+50%暴击率,此物品免疫冻结、减速和摧毁,此物品的伤害翻倍
490cc4cf-fd8b-4517-b3a9-f7acf604b97c,Tugboat,飞行拖船,Item / 物品,Small / 小型,Silver / 白银,Silver/Gold/Diamond,Stelle / 斯黛尔,Drone | Vehicle / 载具 | Tool / 工具,Slow / 减速 | Flying / 飞行 | FlyingRef / 飞行引用,5.0,5,0,,0,,0,,0,,0,,1,1,0,,0,,0,,0,,0,0,0,0,"[主动] 减速1/2/3件物品1秒
[主动] 如果此物品正在飞行，相邻物品开始飞行",null,此物品的价值翻倍,此物品的减速持续时间翻倍,冻结一件物品0.5秒,加速一件物品2秒,获得60护盾,治疗60生命值,造成6剧毒,造成6灼烧,此物品+1多重释放,己方物品+10%暴击率,此物品免疫冻结、减速和摧毁,造成60伤害
49895243-8b5d-407f-9c8c-efdd05b3a34a,Money Tree,摇钱树,Item / 物品,Large / 大型,Bronze / 青铜,Bronze/Silver/Gold/Diamond,Pygmalien / 皮格马利翁,Property / 地产,Heal / 治疗 | Value / 价值 | EconomyRef / 经济引用 | Level,5.0,5,0,,0,0,0,,0,,0,,1,1,0,,0,,0,,0,,0,0,0,0,"[主动] 获得治疗，等量于此物品价值的三倍
[被动] 升级时及每天开始时，获得一枚零钱
[被动] 出售零钱时，此物品永久获得+2/4/6/8价值",null,己方零钱+1价值,减速3件物品1秒,冻结2件物品1秒,加速3件物品1秒,获得护盾，等量于此物品治疗量,此物品的治疗翻倍,造成剧毒，等量于此物品治疗量的10%,造成灼烧，等量于此物品治疗量的10%,此物品+1多重释放,此物品+50%暴击率,此物品免疫冻结、减速和摧毁,造成伤害，等量于此物品治疗量
4997b886-940a-4882-92f2-e5c8042749df,Piggles Protectors,小圆猪守卫,Item / 物品,Small / 小型,Bronze / 青铜,Bronze/Silver/Gold/Diamond,Pygmalien / 皮格马利翁,Toy / 玩具,Shield / 护盾,5.0,5,0,,0,,5,5/10/20/40,0,,0,,1,1,0,,0,,0,,0,,0,0,0,0,"[主动] 获得5/10/20/40护盾
[被动] 此物品的护盾翻倍",null,此物品的价值翻倍,减速一件物品2秒,冻结一件物品0.5秒,加速一件物品2秒,此物品的护盾翻倍,获得治疗，等量于此物品护盾值,造成剧毒，等量于此物品护盾值的10%,造成灼烧，等量于此物品护盾值的10%,此物品+1多重释放,此物品+50%暴击率,此物品免疫冻结、减速和摧毁,造成伤害，等量于此物品护盾
49c93b98-cd66-4d3a-923c-c4e2871e87fb,Bomb Voyage,炸裂旅程,Item / 物品,Medium / 中型,Gold / 黄金,Gold/Diamond,Stelle / 斯黛尔,Weapon / 武器 | Vehicle / 载具,Damage / 伤害 | Burn / 灼烧 | FlyingRef / 飞行引用,6.0,6,50,50/100,0,,0,,0,,0,,1,1,5,5/10,0,,0,,0,,0,0,0,0,"[主动] 造成50/100伤害
[主动] 造成5/10灼烧
[被动] 此物品停止飞行时，摧毁此物品
[被动] 此物品被摧毁时，造成等量于此物品伤害和灼烧的10倍",null,此物品的价值翻倍,此物品被摧毁时，减速4件物品4秒,此物品被摧毁时，冻结2件物品4秒,此物品被摧毁时，加速4件物品4秒,此物品被摧毁时，获得护盾，等量于此物品伤害的10倍,此物品被摧毁时，获得治疗，等量于此物品伤害的10倍,此物品被摧毁时，造成剧毒，等量于此物品的伤害,此物品的灼烧翻倍,此物品造成双倍伤害,此物品被摧毁时，己方物品+50%暴击率,此物品免疫冻结和减速,此物品的伤害翻倍
49d2fab6-9076-4a81-a7f6-b2409b6b5021,Kitchen Scale,厨房秤,Item / 物品,Medium / 中型,Silver / 白银,Silver/Gold/Diamond,Jules / 朱尔斯,Tool / 工具,Haste / 加速,7.0,7/6/5,0,,0,,0,,0,,0,,1,1,0,,0,,0,,0,,0,0,0,0,"[主动] 加速相邻物品2秒
[被动] 如果相邻物品大小相同，此物品的冷却时间减半",null,此物品的价值翻倍,减速一件物品1秒,冻结一件物品0.5秒,此物品的加速持续时间翻倍,获得50护盾,治疗50生命值,造成5剧毒,造成5灼烧,此物品+1多重释放,己方物品+25%暴击率,此物品免疫冻结、减速和摧毁,造成50伤害
49f2d11c-6c2b-465f-a7f4-90315dee7670,DJ Circuit Breaker,断路器 DJ,Item / 物品,Medium / 中型,Silver / 白银,Silver/Gold/Diamond,Dooley / 杜利,Friend / 伙伴,Haste / 加速,11.0,11/9/7,0,,0,,0,,0,,0,,1,1,0,,0,,0,,0,,0,0,0,0,"[主动] 加速伙伴2秒
[被动] 购买此物品时，获得1个纳米机器人
[被动] 使用另一件伙伴物品时，充能此物品1秒",null,此物品的价值翻倍,减速2件物品1秒,冻结一件物品1秒,此物品的加速持续时间翻倍,获得100护盾,治疗100生命值,造成10剧毒,造成10灼烧,此物品+1多重释放,己方伙伴+40%暴击率,此物品免疫冻结、减速和摧毁,造成100伤害
4a30e8b0-f1d1-44c0-b2a7-0a8d12c1e297,Crow's Nest,鸦巢,Item / 物品,Large / 大型,Silver / 白银,Silver/Gold/Diamond,Vanessa / 瓦内莎,Property / 地产 | Aquatic / 水系,Crit / 暴击,0.0,,0,,0,,0,,0,,0,,0,,0,,0,,0,,0,,0,0,0,0,"[被动] 己方武器+40/60/80%暴击率
[被动] 如果你只拥有一件武器，该武器拥有吸血，且被减速的持续时间减半。",null,此物品的价值翻倍,当你使用武器造成暴击时，减速2件物品1秒。,当你使用武器造成暴击时，冻结2件物品0.5秒。,当你使用武器造成暴击时，加速2件物品1秒。,当你使用武器造成暴击时，获得60护盾。,当你使用武器造成暴击时，获得60治疗。,使用武器造成暴击时，造成6剧毒,使用武器造成暴击时，造成6灼烧,如果己方场上只有一件武器，该武器+1多重释放,己方武器的暴击伤害翻倍。,己方武器受冻结和减速影响的时长减半,己方物品+60
4a5b6c7d-8e9f-0a1b-2c3d-4e5f6a7b8c9d,Blank Slate,空白石碑,Item / 物品,Medium / 中型,Bronze / 青铜,Bronze/Silver/Gold/Diamond,Mak / 马克,Relic / 遗物,Quest | Charge / 充能,6.0,6,0,,0,,0,,0,,0,,1,1,0,,0,,0,,0,,0,0,0,0,[主动] 使用相邻遗物时，为此物品充能1秒,"目标: 触发剧毒30次 | 奖励: 造成剧毒
目标: 生命再生量提高25次 | 奖励: 生命再生量提高
目标: 触发灼烧20次 | 奖励: 造成灼烧
目标: 触发减速15次 | 奖励: 减速件物品秒
目标: 触发冻结10次 | 奖励: 冻结件物品秒",此物品的价值翻倍,此物品的减速持续时间翻倍,此物品的冻结持续时间翻倍,加速一件物品1秒,获得护盾，等量于此物品生命再生量的5倍,获得治疗，等量于此物品生命再生量的5倍,此物品的剧毒翻倍,此物品的灼烧翻倍,此物品+1多重释放,此物品+50%暴击率,此物品免疫冻结、减速和摧毁,造成伤害，等量于此物品生命再生的5倍
4aae4caa-e1f4-454d-8a65-5cf9b7de6ca6,Ni-Kola,尼可乐,Item / 物品,Small / 小型,Silver / 白银,Silver/Gold/Diamond,Stelle / 斯黛尔,Food / 食物,Charge / 充能 | Slow / 减速 | Ammo / 弹药,4.0,4,0,,0,,0,,2,2,0,,1,1,0,,0,,0,,0,,0,0,0,0,"[主动] 为相邻物品充能1/2/3秒
[主动] 减速相邻物品1秒
[主动] 弹药: 2",null,此物品的价值翻倍,此物品的减速持续时间减半,冻结一件物品0.5秒,加速一件物品2秒,获得40护盾,治疗40生命值,造成4剧毒,造成4灼烧,此物品+1多重释放,己方物品+10%暴击率,此物品免疫冻结、减速和摧毁,造成40伤害
4b1eb7a7-3e65-43ed-905f-72fc7be4233f,Molten Ball Blaster,熔火弹发射器,Item / 物品,Medium / 中型,Bronze / 青铜,Bronze/Silver/Gold/Diamond,Stelle / 斯黛尔,Tool / 工具 | Weapon / 武器,Damage / 伤害 | Burn / 灼烧,14.0,14,50,50/100/200/400,0,,0,,0,,0,,1,1,10,10/15/20/25,0,,0,,0,,0,0,0,0,"[主动] 造成50/100/200/400伤害
[主动] 造成10/15/20/25灼烧
[被动] 当你使用另一件工具时，充能此物品2秒",null,此物品的价值翻倍,减速2件物品2秒,冻结一件物品1秒,加速2件物品2秒,获得护盾，等量于此物品伤害量,获得治疗，等量于此物品伤害,造成剧毒，等量于此物品灼烧,此物品的灼烧翻倍,此物品+1多重释放,此物品+50%暴击率,此物品免疫冻结、减速和摧毁,此物品的伤害翻倍
4b823c6b-3e35-47a2-9b65-177e911aca1a,Thrown Net,投掷捕兽网,Item / 物品,Medium / 中型,Silver / 白银,Silver/Gold/Diamond,Mak / 马克,,Slow / 减速,5.0,5,0,,0,,0,,0,,0,,1,1,0,,0,,0,,0,,0,0,0,0,"[主动] 减速一件物品1/2/3秒
[被动] 敌人每拥有一件武器或伙伴，此物品就+1多重释放",null,此物品的价值翻倍,此物品的减速持续时间翻倍,冻结一件物品0.5秒,加速一件物品1秒,获得50护盾,治疗50生命值,造成5剧毒,造成5灼烧,此物品+1多重释放,己方物品+25%暴击率,此物品免疫冻结、减速和摧毁,造成50伤害
4b94516a-bdf7-4c9a-8317-17ac52ff2870,Party Float,派对浮艇,Item / 物品,Large / 大型,Gold / 黄金,Gold/Diamond,Dooley / 杜利,Vehicle / 载具 | Tech / 科技,Flying / 飞行 | FlyingRef / 飞行引用 | Cooldown / 冷却 | Shield / 护盾,4.0,4,0,,0,,50,50/100,0,,0,,1,1,0,,0,,0,,0,,0,0,0,0,"[主动] 一件物品开始飞行
[被动] 当你使用飞行物品时，获得50/100护盾
[被动] 己方飞行物品的冷却时间缩短10/20%",null,此物品的价值翻倍,当你使用飞行物品时，减速一件物品1秒,当你使用飞行物品时，冻结一件物品0.5秒,当你使用飞行物品时，加速一件物品1秒,此物品的护盾翻倍,使用飞行物品时，获得治疗，等量于此物品护盾值,使用飞行物品时，造成剧毒，等量于此物品护盾的10%,使用飞行物品时，造成灼烧，等量于此物品护盾的10%,此物品的护盾和冷却缩短翻倍,己方飞行物品+50%暴击率,此物品免疫冻结、减速和摧毁,当你使用飞行物品时，造成伤害，等量于此物品护盾
4b99310e-ea89-4324-89fe-d2649dfd8ff6,Oblivion Core,湮灭核心,Item / 物品,Medium / 中型,Legendary / 传奇,Diamond/Legendary,Dooley / 杜利,Core / 核心 | Tech / 科技,,8.0,8,0,,0,,0,,0,,0,,1,1,0,,0,,0,,0,,0,0,0,0,"[主动] 摧毁敌人的一件物品
[被动] 当你摧毁物品时，充能此物品1秒",null,此物品的价值翻倍,减速2件物品1秒,冻结一件物品1秒,加速2件物品1秒,获得100护盾,治疗100生命值,造成10剧毒,造成10灼烧,此物品+1多重释放,当你摧毁物品时，己方物品+20%暴击率,此物品免疫冻结、减速和摧毁,造成100伤害
4bb19ca8-9729-423d-8e15-6053314b51df,Tethers,系绳,Item / 物品,Medium / 中型,Bronze / 青铜,Bronze/Silver/Gold/Diamond,Stelle / 斯黛尔,,Flying / 飞行 | Shield / 护盾 | FlyingRef / 飞行引用,8.0,8,0,,0,,30,30/60/90/120,0,,0,,1,1,0,,0,,0,,0,,0,0,0,0,"[主动] 使1件物品停止飞行
[被动] 当你使用飞行物品时，充能此物品1秒
[被动] 当你的物品停止飞行时，获得30/60/90/120护盾",null,此物品的价值翻倍,减速2件物品1秒,冻结一件物品1秒,加速2件物品1秒,此物品的护盾翻倍,你的物品停止飞行时，获得治疗，等量于此物品护盾,你的物品停止飞行时，造成剧毒，等量于此物品护盾值的10%,你的物品停止飞行时，造成灼烧，等量于此物品护盾值的10%,此物品+1多重释放,当己方物品停止飞行时，己方物品+10%暴击率,此物品免疫冻结、减速和摧毁,你的物品停止飞行时，造成伤害，等量于此物品护盾
4bb254dc-4b02-4c4b-8198-a310bdb122e4,Icebreaker,破冰尖镐,Item / 物品,Medium / 中型,Silver / 白银,Silver/Gold/Diamond,Common / 通用,Weapon / 武器 | Tool / 工具,Damage / 伤害 | FreezeRef / 冻结引用,7.0,7,100,100/200/400,0,,0,,0,,0,,1,1,0,,0,,0,,0,,0,0,0,0,"[主动] 造成100/200/400伤害
[主动] 移除所有物品上的冻结效果
[被动] 当任意一方有物品被冻结时，充能此物品1/2/3秒
[被动] 此物品被冻结时，解除此物品的冻结",null,此物品的价值翻倍,减速2件物品2秒,冻结一件物品1秒,加速2件物品2秒,获得护盾，等量于此物品伤害量,获得治疗，等量于此物品伤害,造成剧毒，等量于此物品伤害的10%,造成灼烧，等量于此物品伤害的10%,此物品+1多重释放,此物品+50%暴击率,此物品免疫冻结、减速和摧毁,此物品的伤害翻倍
4bffc463-ad45-4042-9e5e-c3d86ea3836e,Warp Drive,曲速引擎,Item / 物品,Medium / 中型,Gold / 黄金,Gold/Diamond,Common / 通用,Tech / 科技,Charge / 充能 | Cooldown / 冷却,8.0,8,0,,0,,0,,0,,0,,1,1,0,,0,,0,,0,,0,0,0,0,"[主动] 摧毁此物品
[被动] 相邻物品视为载具
[被动] 己方载具的冷却时间缩短10/15%
[被动] 此物品被摧毁时，为己方所有物品充能2秒",null,此物品的价值翻倍,此物品被摧毁时，减速所有物品2秒,此物品被摧毁时，冻结所有物品1秒,此物品被摧毁时，加速所有物品2秒,此物品被摧毁时，获得200护盾,此物品被摧毁时，治疗200,此物品被摧毁时，造成20剧毒,此物品被摧毁时，造成20灼烧,此物品的冷却时间缩短和充能效果翻倍,此物品被摧毁时，己方物品+50%暴击率,此物品免疫冻结和减速,此物品被摧毁时，造成200伤害
4c7e8e5f-93ce-4962-80e7-2b01a9f20f2c,Zarlic,天外来蒜,Item / 物品,Small / 小型,Silver / 白银,Silver/Gold/Diamond,Jules / 朱尔斯,Food / 食物,Haste / 加速 | CritReference | Burn / 灼烧,6.0,6,0,,0,,0,,0,,0,,1,1,2,2,0,,0,,0,,0,0,0,0,"[主动] 造成2灼烧
[主动] 加速1/2/3件食物2秒
[被动] 当另一件食物的暴击率提高时，充能此物品1秒。",null,此物品的价值翻倍,减速一件物品1秒,冻结一件物品0.5秒,此物品的加速持续时间翻倍,获得护盾，等量于此物品灼烧的5倍,获得治疗，等量于此物品灼烧的5倍,造成剧毒，等量于此物品灼烧,此物品的灼烧翻倍,此物品+1多重释放,此物品+50%暴击率,此物品免疫冻结、减速和摧毁,造成伤害，等量于此物品灼烧的5倍
4c8c35c4-ab16-465c-92be-0113dd99d3df,Cash Register,收银机,Item / 物品,Medium / 中型,Bronze / 青铜,Bronze/Silver/Gold/Diamond,Pygmalien / 皮格马利翁,Tool / 工具,EconomyRef / 经济引用,0.0,,0,,0,,0,,0,,0,,0,,0,,0,,0,,0,,0,0,0,0,[被动] 每天开始时，获得3枚零钱,null,你+3收入,,,,,,,,每天开始时，额外获得{ability.e1}枚零钱,,,
4caeadbe-7637-4e40-805d-39d4bfc08816,Flying Fish,飞鱼,Item / 物品,Small / 小型,Bronze / 青铜,Bronze/Silver/Gold/Diamond,Vanessa / 瓦内莎,Aquatic / 水系 | Friend / 伙伴 | Weapon / 武器,Haste / 加速 | Flying / 飞行 | FlyingRef / 飞行引用 | Damage / 伤害,5.0,5,10,10/20/40/80,0,,0,,0,,0,,1,1,0,,0,,0,,0,,0,0,0,0,"[主动] 造成10/20/40/80伤害
[主动] 此物品和一件相邻物品开始飞行
[被动] 当你使用飞行物品时，加速此物品1秒",null,此物品的价值翻倍,减速一件物品2秒,冻结一件物品0.5秒,加速一件物品2秒,获得护盾，等量于此物品伤害量,获得治疗，等量于此物品伤害,造成剧毒，等量于此物品伤害的10%,造成灼烧，等量于此物品伤害的10%,此物品+1多重释放,此物品+50%暴击率,此物品免疫冻结、减速和摧毁,此物品的伤害翻倍
4cf73614-52fd-4c59-8002-bbff087951ba,Toolbox,工具箱,Item / 物品,Medium / 中型,Bronze / 青铜,Bronze/Silver/Gold/Diamond,Stelle / 斯黛尔,Tool / 工具,Haste / 加速,6.0,6,0,,0,,0,,0,,0,,1,1,0,,0,,0,,0,,0,0,0,0,"[主动] 修复并加速右侧相邻的物品2秒
[被动] 每天开始时，获得一件来自任意英雄的小型工具",null,……并为转化后的物品赋予黄金附魔（如适用）,……并为转化后的物品赋予沉重附魔（如适用）,……并为转化后的物品赋予寒冰附魔（如适用）,……并为转化后的物品赋予疾速附魔（如适用）,……并为转化后的物品赋予护盾附魔（如适用）,……并为转化后的物品赋予回复附魔（如适用）,……并为转化后的物品赋予剧毒附魔（如适用）,……并为转化后的物品赋予炽焰附魔（如适用）,……并为转化后的物品赋予闪亮附魔（如适用）,……并为转化后的物品赋予致命附魔（如适用）,……并为转化后的物品赋予辉耀附魔（如适用）,……并为转化后的物品赋予黑曜石附魔（如适用）
4d31a8ff-2706-43c9-91f4-ae72d2340efc,Wildroot Amulet,野根护符,Item / 物品,Small / 小型,Bronze / 青铜,Bronze/Silver/Gold/Diamond,Karnok,Relic / 遗物 | Food / 食物,Slow / 减速 | RageReference | Shield / 护盾,4.0,4,0,,0,,10,10/20/30/40,0,,0,,1,1,0,,0,,0,,0,,0,0,0,0,"[主动] 护盾10/20/30/40
[主动] 减速1件物品2/3/4/5秒
[被动] 当你进入暴怒状态时，此物品额外减速一件物品",null,此物品的价值翻倍,此物品的减速持续时间翻倍,冻结一件物品0.5秒,加速一件物品2秒,此物品的护盾翻倍,获得治疗，等量于此物品护盾值,造成剧毒，等量于此物品护盾值的10%,造成灼烧，等量于此物品护盾值的10%,此物品+1多重释放,此物品+50%暴击率,此物品免疫冻结、减速和摧毁,造成伤害，等量于此物品护盾
4da45ad1-6793-458c-9c72-d03fa273ebfd,Tropical Island,热带岛屿,Item / 物品,Large / 大型,Silver / 白银,Silver/Gold/Diamond,Vanessa / 瓦内莎,Property / 地产 | Aquatic / 水系,Regen / 再生 | SlowRef / 减速引用,0.0,,0,,0,,0,,0,,0,,0,,0,,0,,5,5/10/15,0,,0,0,0,0,"[被动] 触发减速时，生命再生量提高5/10/15
[被动] 每场战斗结束时，获得一个椰子和一个柑橘",null,此物品的价值翻倍,每场战斗开始时，减速10件物品2秒,触发减速时，冻结一件物品0.5秒,触发减速时，加速一件物品1秒,触发减速时，获得护盾，等量于此物品生命再生的5倍,触发减速时，获得治疗，等量于此物品生命再生的5倍,触发减速时，造成剧毒，等量于此物品的生命再生,触发减速时，造成灼烧，等量于此物品的生命再生,"此物品的生命再生量获取翻倍。
每个小时开始时，额外获得一个椰子或一个柑橘",触发减速时，己方物品+5%暴击率,己方物品受冻结和减速影响的时间减半,触发减速时，造成伤害，等量于此物品生命再生的5倍
4ddb3806-a5ee-4cfd-985f-19f184580ade,Small Package,小型包裹,Item / 物品,Small / 小型,Bronze / 青铜,Bronze/Silver/Gold/Diamond,Common / 通用,,,0.0,,0,,0,,0,,0,,0,,0,,0,,0,,0,,0,,0,0,0,0,[主动] 这是一个小型物品模板,null,,,,,,,,,,,,
4e1770dd-2a10-440c-924a-c80afbbb269a,Rocket Boots,火箭靴,Item / 物品,Medium / 中型,Bronze / 青铜,Bronze/Silver/Gold/Diamond,Common / 通用,Tool / 工具 | Apparel / 服饰,Haste / 加速,5.0,5,0,,0,,0,,0,,0,,1,1,0,,0,,0,,0,,0,0,0,0,"[主动] 加速相邻物品1/2/3/4秒
[被动] 出售此物品时，己方最左侧的加速物品永久获得+1秒加速持续时间",null,此物品的价值翻倍,减速2件物品1秒,冻结一件物品1秒,此物品的加速持续时间翻倍,获得100护盾,治疗100生命值,造成10剧毒,造成10灼烧,此物品+1多重释放,,此物品免疫冻结、减速和摧毁,造成10伤害
4e7b6813-338f-43f2-a47b-5ccde7d50007,Fungal Spores,真菌孢子,Item / 物品,Small / 小型,Bronze / 青铜,Bronze/Silver/Gold/Diamond,Mak / 马克,,PoisonRef / 剧毒引用,5.0,5,0,,0,,0,,0,,0,,1,1,0,,0,,0,,0,,0,0,0,0,[主动] 己方物品+2/3/4/5,null,此物品的价值翻倍,减速一件物品2秒,冻结一件物品0.5秒,加速一件物品2秒,己方物品+0,己方物品+0,此物品的剧毒获取翻倍,己方物品+0,此物品+1多重释放,己方剧毒物品+30%暴击率,此物品免疫冻结、减速和摧毁,己方物品+0
4f2b2cd3-88db-43e6-ae79-53eb2554b887,Oblivion Vortex,湮灭漩涡,Item / 物品,Medium / 中型,Gold / 黄金,Gold/Diamond,Stelle / 斯黛尔,Tech / 科技,Charge / 充能,9.0,9/7,0,,0,,0,,0,,0,,0,,0,,0,,0,,0,,0,0,0,0,"[主动] 摧毁己方最左侧的物品
[主动] 充能己方其他物品，时长等于该物品冷却时间的一半",null,此物品的价值翻倍,减速2件物品2秒,冻结一件物品1秒,加速2件物品2秒,获得150护盾,治疗150生命值,造成15剧毒,造成15灼烧,此物品+1多重释放,己方物品+25%暴击率,此物品免疫冻结和减速,造成150伤害
4f4134b8-2799-4180-b665-eb809cfb101c,Tracer Pistol,曳光手枪,Item / 物品,Small / 小型,Legendary / 传奇,Diamond,Common / 通用,Weapon / 武器 | Tech / 科技,Damage / 伤害 | Ammo / 弹药 | CritReference,0.0,2,0,50,0,,0,,0,6,0,,0,1,0,,0,,0,,0,,0,0,0,0,"[主动] 造成50伤害
[主动] 弹药: 6
[被动] 暴击时，为此物品装填1点弹药",null,此物品的价值翻倍,减速一件物品1秒,冻结一件物品0.5秒,加速一件物品1秒,获得护盾，等量于此物品伤害量,获得治疗，等量于此物品伤害,造成剧毒，等量于此物品伤害的10%,造成灼烧，等量于此物品伤害的10%,此物品+1多重释放,此物品+50%暴击率,此物品免疫冻结、减速和摧毁,此物品的伤害翻倍
4f5887cd-a382-40aa-adb0-e9df7f960857,Messenger Sparrow,信使麻雀,Item / 物品,Small / 小型,Silver / 白银,Silver/Gold/Diamond,Karnok,Friend / 伙伴,Haste / 加速 | Charge / 充能 | FlyingRef / 飞行引用,5.0,5/4/3,0,,0,,0,,0,,0,,1,1,0,,0,,0,,0,,0,0,0,0,"[主动] 加速一件物品1秒
[主动] 为其他飞行物品充能1秒",null,此物品的价值翻倍,减速一件物品1秒,冻结一件物品0.5秒,此物品的加速持续时间翻倍,获得20护盾,治疗20生命值,造成2剧毒,造成2灼烧,此物品+1多重释放,己方飞行物品+30%暴击率,此物品免疫冻结、减速和摧毁,造成20伤害
4f8bc475-212c-49cf-b3e5-d1f971897a24,Belt,腰带,Item / 物品,Medium / 中型,Gold / 黄金,Gold/Diamond,Pygmalien / 皮格马利翁,Apparel / 服饰,Health / 生命值,0.0,,0,,0,,0,,0,,0,,0,,0,,0,,0,,0,,0,0,0,0,[被动] 你的最大生命值+40/80%,null,此物品的价值翻倍,每场战斗中首次生命值降至一半以下时，减速4件物品4秒,每场战斗中首次生命值降至一半以下时，冻结2件敌方物品4秒,每场战斗中首次生命值降至一半以下时，加速4件物品4秒,每场战斗中首次生命值降至一半以下时，获得护盾，等量于你最大生命值的20%,每场战斗中首次生命值降至一半以下时，获得治疗，等量于你最大生命值的20%,每场战斗中首次生命值降至一半以下时，造成剧毒，等量于你最大生命值的5%,每场战斗中首次生命值降至一半以下时，造成灼烧，等量于你最大生命值的5%,此物品的最大生命值加成翻倍,己方物品+25%暴击率,相邻物品受冻结和减速影响的时间减半,每场战斗中首次生命值降至一半以下时，造成伤害，等量于你最大生命值的20%
4fa001c3-dba5-40fa-9674-b61912fa8d2e,Fruit Press,榨汁机,Item / 物品,Medium / 中型,Silver / 白银,Silver/Gold/Diamond,Jules / 朱尔斯,Tool / 工具 | Weapon / 武器,Damage / 伤害,5.0,5,10,10,0,,0,,0,,0,,1,1,0,,0,,0,,0,,0,0,0,0,"[主动] 摧毁己方最左侧的食物
[主动] 造成10伤害
[被动] 当你摧毁己方食物时，此物品的伤害翻倍
[被动] 使用食物时，此物品+5/10/20",null,此物品的价值翻倍,减速2件物品1秒,冻结一件物品1秒,加速2件物品1秒,获得护盾，等量于此物品伤害量,获得治疗，等量于此物品伤害,造成剧毒，等量于此物品伤害的10%,造成灼烧，等量于此物品伤害的10%,此物品+1多重释放,此物品+50%暴击率,此物品免疫冻结、减速和摧毁,此物品的伤害翻倍
4fb9fa4a-6250-4132-a7cb-9a4b874b0bdc,Quicksilver,水银,Item / 物品,Small / 小型,Silver / 白银,Silver/Gold/Diamond,Mak / 马克,,,3.0,3,0,,0,,0,,0,,0,,1,1,0,,0,,0,,0,,0,0,0,0,"[主动] 转化为己方另一件小型非传说级物品的复制品
[被动] 当你购买此物品时，获得一件催化剂",null,……并为转化后的物品赋予黄金附魔（如适用）,……并为转化后的物品赋予沉重附魔（如适用）,……并为转化后的物品赋予寒冰附魔（如适用）,……并为转化后的物品赋予疾速附魔（如适用）,……并为转化后的物品赋予护盾附魔（如适用）,……并为转化后的物品赋予回复附魔（如适用）,……并为转化后的物品赋予剧毒附魔（如适用）,……并为转化后的物品赋予炽焰附魔（如适用）,……并为转化后的物品赋予闪亮附魔（如适用）,……并为转化后的物品赋予致命附魔（如适用）,……并为转化后的物品赋予辉耀附魔（如适用）,……并为转化后的物品赋予黑曜石附魔（如适用）
4fdc947b-3646-429e-ba4e-bb693fe44bc2,Invulnerability Potion,无敌药水,Item / 物品,Small / 小型,Silver / 白银,Silver/Gold/Diamond,Mak / 马克,Potion / 药水,Ammo / 弹药,7.0,7,0,,0,,0,,1,1/2/3,0,,1,1,0,,0,,0,,0,,0,0,0,0,"[主动] 你在1秒内免疫伤害
[主动] 弹药: 1/2/3",null,此物品的价值翻倍,减速一件物品4秒,冻结一件物品1秒,加速一件物品4秒,获得110护盾,治疗110生命值,造成11剧毒,造成11灼烧,每场战斗中首次生命值降至一半以下时，使用此物品,己方物品+20%暴击率,此物品免疫冻结、减速和摧毁,造成110伤害
50039402-e84e-4698-90fa-7cbaffca9ce8,Boar Mask,野猪面具,Item / 物品,Medium / 中型,Silver / 白银,Silver/Gold/Diamond,Karnok,Apparel / 服饰 | Weapon / 武器,HealthRef / 生命值引用 | Rage | Damage / 伤害 | Shield / 护盾 | RageReference,0.0,,0,0,0,,0,0,0,,0,,0,,0,,0,,0,,0,,0,0,0,0,"[被动] 每场战斗中首次使用任意物品时，获得0怒火
[被动] 当你进入暴怒状态时，造成伤害并获得护盾，等量于你最大生命值的10/15/20% [0,0]",null,此物品的价值翻倍,当你进入暴怒状态时，减速2件物品4秒,当你进入暴怒状态时，冻结2件物品2秒,当你进入暴怒状态时，加速2件物品4秒,此物品的护盾翻倍,当你进入暴怒状态时，获得治疗，等量于此物品伤害,当你进入暴怒状态时，造成剧毒，等量于此物品伤害的10%,当你进入暴怒状态时，造成灼烧，等量于此物品伤害的10%,此物品的怒火获取值、护盾和伤害翻倍,己方物品+25%暴击率,相邻物品受冻结和减速影响的时间减半,此物品的伤害翻倍
50ab510b-b840-495f-ba8b-d94a658f7134,Squirrel Suit,飞鼠翼装,Item / 物品,Medium / 中型,Bronze / 青铜,Bronze/Silver/Gold/Diamond,Stelle / 斯黛尔,Vehicle / 载具 | Apparel / 服饰,Flying / 飞行 | FlyingRef / 飞行引用 | Haste / 加速,4.0,4,0,,0,,0,,0,,0,,1,1,0,,0,,0,,0,,0,0,0,0,"[主动] 此物品停止飞行
[被动] 当你使用相邻的飞行物品时，此物品开始飞行
[被动] 此物品开始飞行时，加速相邻物品1/2/3/4秒",null,此物品的价值翻倍,此物品开始飞行时，减速1件物品1秒,此物品开始飞行时，冻结一件物品0.5秒,此物品的加速持续时间翻倍,此物品开始飞行时，获得25护盾,此物品开始飞行时，获得25治疗,此物品开始飞行时，造成2剧毒,此物品开始飞行时，造成2灼烧,此物品的加速持续时间翻倍,相邻物品+40%暴击率,此物品免疫冻结、减速和摧毁,此物品开始飞行时，造成25点伤害
51696368-e409-4771-8baf-22c6da533cd8,Junkyard Repairbot,废品场维修机器人,Item / 物品,Medium / 中型,Bronze / 青铜,Bronze/Silver/Gold/Diamond,Common / 通用,Friend / 伙伴 | Tech / 科技,Heal / 治疗 | HealRef / 治疗引用,5.0,5,0,,30,30/60/120/240,0,,0,,0,,1,1,0,,0,,0,,0,,0,0,0,0,"[主动] 修复一件物品
[主动] 治疗30/60/120/240生命值
[被动] 出售此物品时，己方最左侧的治疗物品永久获得5/15/30/50",null,,减速2件物品1秒,冻结一件物品1秒,加速2件物品1秒,获得护盾，等量于此物品治疗量,此物品的治疗翻倍,造成剧毒，等量于此物品治疗量的10%,造成灼烧，等量于此物品治疗量的10%,此物品+1多重释放,此物品+50%暴击率,此物品免疫冻结、减速和摧毁,造成伤害，等量于此物品治疗量
51967d0c-a6d9-4773-8c83-00b3dc91ac48,Nanobot Green,,Item / 物品,Small / 小型,Silver / 白银,Silver/Gold/Diamond,Common / 通用,Friend / 伙伴 | Weapon / 武器,Damage / 伤害,6.0,6,0,0,0,,0,,0,,0,,1,1,0,,0,,0,,0,,0,0,0,0,"[主动] Deal 15/20/25 Damage for each Friend you have
[被动] 每有一件相邻的伙伴物品，此物品的冷却时间缩短1000秒",null,,减速一件物品3秒,冻结一件物品0.5秒,加速一件物品3秒,获得护盾，等量于此物品伤害量,获得治疗，等量于此物品伤害,造成剧毒，等量于此物品伤害的10%,造成灼烧，等量于此物品伤害的10%,此物品+1多重释放,此物品+50%暴击率,此物品免疫冻结、减速和摧毁,此物品的伤害翻倍
529a7e95-b350-4fd6-96fd-fef80d4c1462,Old Sword,古董剑,Item / 物品,Small / 小型,Bronze / 青铜,Bronze/Silver/Gold/Diamond,Common / 通用,Weapon / 武器,Damage / 伤害,5.0,5,5,5/10/20/40,0,,0,,0,,0,,1,1,0,,0,,0,,0,,0,0,0,0,"[主动] 造成5/10/20/40伤害
[被动] 出售此物品时，己方最左侧的武器永久获得4/6/8/10",null,此物品的价值翻倍,减速一件物品2秒,冻结一件物品0.5秒,加速一件物品2秒,获得护盾，等量于此物品伤害量,获得治疗，等量于此物品伤害,造成剧毒，等量于此物品伤害的10%,造成灼烧，等量于此物品伤害的10%,此物品+1多重释放,此物品+50%暴击率,此物品免疫冻结、减速和摧毁,此物品的伤害翻倍
52f1b056-9af2-4e32-8c09-6a93d7b7b68f,Starfish,海星,Item / 物品,Small / 小型,Bronze / 青铜,Bronze/Silver/Gold/Diamond,Common / 通用,Aquatic / 水系 | Friend / 伙伴,Regen / 再生,3.0,3,0,,0,,0,,0,,0,,1,1,0,,0,,2,2/4/6/8,0,,0,0,0,0,[主动] 生命再生量提高2/4/6/8,null,此物品的价值翻倍,减速一件物品1秒,冻结一件物品0.5秒,加速一件物品1秒,获得护盾，等量于此物品生命再生量的5倍,获得治疗，等量于此物品生命再生量的5倍,造成剧毒，等量于此物品生命再生量,造成灼烧，等量于此物品的生命再生量,此物品+1多重释放,此物品+50%暴击率,此物品免疫冻结、减速和摧毁,造成伤害，等量于此物品生命再生的5倍
53099361-599f-4c1a-ad4a-d2fbb491b756,Langxian,狼筅,Item / 物品,Medium / 中型,Bronze / 青铜,Bronze/Silver/Gold/Diamond,Vanessa / 瓦内莎,Weapon / 武器 | Relic / 遗物,Damage / 伤害,10.0,10,40,40,0,,0,,0,,0,,1,1,0,,0,,0,,0,,0,0,0,0,"[主动] 造成40伤害
[被动] 每携带此物品赢得一场战斗，此物品+40/60/80/100伤害",null,此物品的价值翻倍,减速2件物品3秒,冻结2件物品1秒,加速2件物品3秒,获得护盾，等量于此物品伤害量,获得治疗，等量于此物品伤害,造成剧毒，等量于此物品伤害的10%,造成灼烧，等量于此物品伤害的10%,此物品+1多重释放,此物品+50%暴击率,此物品免疫冻结、减速和摧毁,此物品的伤害翻倍
530b642b-4a31-4cc4-a7ae-ea22d607ad4d,Landscraper,景观楼,Item / 物品,Large / 大型,Silver / 白银,Silver/Gold/Diamond,Pygmalien / 皮格马利翁,Property / 地产,Shield / 护盾 | Value / 价值 | EconomyRef / 经济引用,5.0,5/4/3,0,,0,,200,200,0,,0,,1,1,0,,0,,0,,0,,0,0,0,0,"[主动] 获得200护盾
[主动] 此物品获得+15/20/25价值
[被动] 己方物品+护盾，等量于此物品的价值",null,此物品的价值翻倍,减速3件物品1秒,冻结2件物品1秒,加速3件物品1秒,此物品的护盾翻倍,获得治疗，等量于此物品护盾值,造成剧毒，等量于此物品护盾值的10%,造成灼烧，等量于此物品护盾值的10%,此物品+1多重释放,此物品+50%暴击率,此物品免疫冻结、减速和摧毁,造成伤害，等量于此物品护盾
532a09dc-de75-4bc0-b33d-90a63d155046,Disintegration Ray,分解射线,Item / 物品,Medium / 中型,Gold / 黄金,Gold/Diamond,Common / 通用,Weapon / 武器 | Tech / 科技 | Ray / 射线,Damage / 伤害 | Ammo / 弹药,3.0,3/2,100,100/200,0,,0,,3,3,0,,1,1,0,,0,,0,,0,,0,0,0,0,"[主动] 造成100/200伤害
[主动] 弹药: 3
[被动] 此物品弹药耗尽时，摧毁一件敌方物品",null,此物品的价值翻倍,减速一件物品1秒,冻结一件物品0.5秒,加速一件物品1秒,获得护盾，等量于此物品伤害量,获得治疗，等量于此物品伤害,造成剧毒，等量于此物品伤害的10%,造成灼烧，等量于此物品伤害的10%,此物品+1多重释放,此物品+50%暴击率,此物品免疫冻结、减速和摧毁,此物品的伤害翻倍
53b62ecb-bcbc-4a86-bd6f-027467970109,Frozen Bludgeon,冰冻钝器,Item / 物品,Medium / 中型,Bronze / 青铜,Bronze/Silver/Gold/Diamond,Common / 通用,Weapon / 武器,Damage / 伤害 | Freeze / 冻结,9.0,9,20,20/40/80/160,0,,0,,0,,0,,1,1,0,,0,,0,,0,,0,0,0,0,"[主动] 造成20/40/80/160伤害
[主动] 冻结1/2/3/4件物品1秒
[被动] 触发冻结时，己方物品获得5/10/15/20",null,此物品的价值翻倍,减速2件物品3秒,此物品的冻结持续时间翻倍,加速2件物品3秒,获得护盾，等量于此物品伤害量,获得治疗，等量于此物品伤害,造成剧毒，等量于此物品伤害的10%,造成灼烧，等量于此物品伤害的10%,此物品+1多重释放,此物品+50%暴击率,此物品免疫冻结、减速和摧毁,此物品的伤害翻倍
53e336a7-709a-46a6-84ed-bb58b9e998bb,Tourist Chariot,观光缆车,Item / 物品,Large / 大型,Bronze / 青铜,Bronze/Silver/Gold/Diamond,Common / 通用,Vehicle / 载具,Shield / 护盾 | Value / 价值,5.0,5,0,,0,,20,20/40/80/160,0,,0,,1,1,0,,0,,0,,0,,0,0,0,0,"[主动] 获得20/40/80/160护盾
[被动] 出售此物品时，己方物品永久获得+1/2/3/4价值",null,,减速3件物品1秒,冻结2件物品1秒,加速3件物品1秒,此物品的护盾翻倍,获得治疗，等量于此物品护盾值,造成剧毒，等量于此物品护盾值的10%,造成灼烧，等量于此物品护盾值的10%,此物品+1多重释放,此物品+50%暴击率,此物品免疫冻结、减速和摧毁,造成伤害，等量于此物品护盾
54040bca-14e5-4f6d-bfa8-b67658adda0b,Energy Potion,能量药水,Item / 物品,Small / 小型,Silver / 白银,Silver/Gold/Diamond,Mak / 马克,Potion / 药水,Haste / 加速 | Ammo / 弹药,6.0,6,0,,0,,0,,1,1,0,,1,1,0,,0,,0,,0,,0,0,0,0,"[主动] 加速其他物品1/2/3秒
[主动] 弹药: 1",null,此物品的价值翻倍,减速敌人所有物品1秒,冻结所有敌方物品0.5秒,此物品的加速持续时间翻倍,获得110护盾,治疗110生命值,造成11剧毒,造成11灼烧,此物品+1多重释放,己方物品+10%暴击率,此物品免疫冻结、减速和摧毁,造成110伤害
54c4526a-8fd0-4297-84d4-41e99710895e,Ship [OnBuy] effectdata 2,,Item / 物品,Medium / 中型,Bronze / 青铜,Bronze/Silver/Gold/Diamond,Common / 通用,,,5.0,5,0,,0,,0,,0,,0,,1,1,0,,0,,0,,0,,0,0,0,0,,null,,,,,,,,,,,,
54c74b82-0a7d-4dab-a335-f3b0b8b2157c,Uwashiwali Bird,乌瓦希瓦利鸟,Item / 物品,Small / 小型,Bronze / 青铜,Bronze/Silver/Gold/Diamond,Pygmalien / 皮格马利翁,Friend / 伙伴,Heal / 治疗 | Flying / 飞行,5.0,5,0,,20,20/40/80/160,0,,0,,0,,1,1,0,,0,,0,,0,,0,0,0,0,"[主动] 治疗20/40/80/160生命值
[被动] 每场战斗开始时，此物品开始飞行
[被动] 己方每拥有一件地产或载具，此物品+1多重释放",null,此物品的价值翻倍,减速一件物品1秒,冻结一件物品0.5秒,加速一件物品1秒,获得护盾，等量于此物品治疗量,此物品的治疗翻倍,造成剧毒，等量于此物品治疗量的10%,造成灼烧，等量于此物品治疗量的10%,此物品+1多重释放,此物品+50%暴击率,此物品免疫冻结、减速和摧毁,造成伤害，等量于此物品治疗量
54f957f2-9522-486b-a7c6-bb234f74846c,Katana,武士刀,Item / 物品,Medium / 中型,Bronze / 青铜,Bronze/Silver/Gold/Diamond,Vanessa / 瓦内莎,Weapon / 武器,Damage / 伤害,2.0,2,8,8/16/32/64,0,,0,,0,,0,,1,1,0,,0,,0,,0,,0,0,0,0,[主动] 造成8/16/32/64伤害,null,此物品的价值翻倍,减速一件物品1秒,冻结一件物品0.5秒,加速一件物品1秒,获得护盾，等量于此物品伤害量,获得治疗，等量于此物品伤害,造成剧毒，等量于此物品伤害的10%,造成灼烧，等量于此物品伤害的10%,此物品+1多重释放,此物品+50%暴击率,此物品免疫冻结、减速和摧毁,此物品的伤害翻倍
55040479-7f35-4751-9f10-1403d09af1dd,Beast Tooth,兽牙,Item / 物品,Small / 小型,Bronze / 青铜,Bronze/Silver/Gold/Diamond,Karnok,Relic / 遗物,DamageRef / 伤害引用 | RageReference | Rage,0.0,,0,,0,,0,,0,,0,,0,,0,,0,,0,,0,,0,0,0,0,"[被动] 当你使用相邻武器时，获得怒火
[被动] 当你进入暴怒状态时，相邻武器+30/60/90/120",null,此物品的价值翻倍,当你进入暴怒状态时，减速一件物品4秒,当你进入暴怒状态时，冻结一件物品2秒,当你进入暴怒状态时，加速一件物品4秒,当你进入暴怒状态时，获得100护盾,当你进入暴怒状态时，治疗100,当你进入暴怒状态时，造成10剧毒,当你进入暴怒状态时，造成10灼烧,此物品的伤害提升翻倍,当你进入暴怒状态时，己方物品+20%暴击率,相邻物品受冻结和减速影响的时间减半,此物品的伤害提升翻倍
552247e1-74f8-4414-88bb-1b868f3f296d,Solar Farm,太阳能农场,Item / 物品,Large / 大型,Gold / 黄金,Gold/Diamond,Dooley / 杜利,Property / 地产 | Tech / 科技,Haste / 加速 | BurnRef / 灼烧引用 | Regen / 再生,7.0,7,0,,0,,0,,0,,0,,1,1,0,,0,,10,10/20,0,,0,0,0,0,"[主动] 加速其他物品1/2秒
[主动] 生命再生量提高10/20
[被动] 触发灼烧时，充能此物品2秒",null,此物品的价值翻倍,减速2件物品1秒,冻结一件物品1秒,此物品的加速持续时间翻倍,获得护盾，等量于此物品生命再生量的5倍,获得治疗，等量于此物品生命再生量的5倍,造成剧毒，等量于此物品生命再生量,造成灼烧，等量于此物品的生命再生量,此物品+1多重释放,己方物品+10%暴击率,此物品免疫冻结、减速和摧毁,造成伤害，等量于此物品生命再生的5倍
55377bdf-359b-495c-895c-c7852511c915,Cannonball,炮弹,Item / 物品,Small / 小型,Silver / 白银,Silver/Gold/Diamond,Vanessa / 瓦内莎,,AmmoRef / 弹药引用,0.0,,0,,0,,0,,0,,0,,0,,0,,0,,0,,0,,0,0,0,0,[被动] 己方物品+1/2/3最大弹药量,null,此物品的价值翻倍,每场战斗开始时，减速一件物品2秒,每场战斗开始时，冻结一件物品1秒,每场战斗开始时，加速一件物品2秒,己方物品+0,己方物品+0,己方物品+0,己方物品+0,此物品的最大弹药量加成翻倍,己方弹药物品+30%暴击率,相邻弹药物品受冻结和减速影响的时长减半,己方物品+0
55584ba7-0c0a-4d91-8f90-f791c8fecdf9,Cybernetic Implants,,Item / 物品,Large / 大型,Bronze / 青铜,Bronze/Silver/Gold/Diamond,Common / 通用,,Cooldown / 冷却,6.0,6,0,,0,,0,,0,,0,,1,1,0,,0,,0,,0,,0,0,0,0,[主动] None,null,,,,,,,,,,,,
55a20bf3-e81a-4f76-ade4-75d56b41f29c,Learning Crystal,学习水晶,Item / 物品,Small / 小型,Gold / 黄金,Gold/Diamond,Common / 通用,Loot / 战利品,,0.0,,0,,0,,0,,0,,0,,0,,0,,0,,0,,0,,0,0,0,0,[被动] 出售此物品时，学习一个其他英雄的技能,null,此物品仅会提供金币或收入技能,此物品仅会提供减速技能,此物品仅会提供冻结技能,此物品仅会给予加速技能,此物品仅会给予护盾技能,此物品仅会给予治疗技能,此物品仅会给予剧毒技能,此物品仅会提供灼烧技能,每天开始时，额外获得一个技能,此物品仅会提供暴击技能,相邻物品受冻结和减速影响的时间减半,此物品仅会提供伤害或武器技能
55a80f10-8dac-42d8-9a29-ce1858c3792a,Primal Core,原始核心,Item / 物品,Medium / 中型,Silver / 白银,Silver/Gold/Diamond,Dooley / 杜利,Weapon / 武器 | Dinosaur / 恐龙 | Core / 核心 | Relic / 遗物,Damage / 伤害,7.0,7/6/5,30,30,0,,0,,0,,0,,1,1,0,,0,,0,,0,,0,0,0,0,"[主动] 造成30伤害
[主动] 己方恐龙和遗物武器获得10/20/40
[被动] 相邻物品视为遗物
[被动] 当你使用其他恐龙或遗物时，充能此物品1秒",null,此物品的价值翻倍,减速2件物品1秒,冻结一件物品1秒,加速2件物品1秒,获得护盾，等量于此物品伤害量,获得治疗，等量于此物品伤害,造成剧毒，等量于此物品伤害的10%,造成灼烧，等量于此物品伤害的10%,此物品+1多重释放,此物品+50%暴击率,此物品免疫冻结、减速和摧毁,此物品的伤害翻倍
55e65c01-8279-485d-9d63-79ec0c2129cb,YLW-M4NT1S,机械黄螳螂,Item / 物品,Small / 小型,Silver / 白银,Silver/Gold/Diamond,Dooley / 杜利,Friend / 伙伴,Haste / 加速 | BurnRef / 灼烧引用,7.0,7/6/5,0,,0,,0,,0,,0,,1,1,0,,0,,0,,0,,0,0,0,0,"[主动] 加速2/3/4件物品1秒
[被动] 当相邻物品造成灼烧时，充能此物品1秒",null,此物品的价值翻倍,减速一件物品1秒,冻结一件物品0.5秒,此物品的加速持续时间翻倍,获得10护盾,治疗10生命值,造成1剧毒,造成1灼烧,此物品+1多重释放,己方伙伴+25%暴击率,此物品免疫冻结、减速和摧毁,造成10伤害
55ef5f5c-0ffc-4598-a6bd-66d8235da56a,Thrusters,推进器,Item / 物品,Small / 小型,Silver / 白银,Silver/Gold/Diamond,Dooley / 杜利,Tech / 科技,Flying / 飞行 | Cooldown / 冷却,0.0,,0,,0,,0,,0,,0,,0,,0,,0,,0,,0,,0,0,0,0,"[被动] 每场战斗开始时，此物品左侧相邻的物品开始飞行
[被动] 此物品左侧相邻的物品视为载具，且冷却时间缩短3/6/9%",null,此物品的价值翻倍,当你使用左侧物品时，减速一件物品1秒,当你使用左侧物品时，冻结一件物品0.5秒,使用左侧相邻的物品时，加速一件物品1秒,使用左侧相邻的物品时，获得10护盾,使用左侧相邻的物品时，获得10治疗,使用左侧相邻的物品时，造成1剧毒,使用左侧相邻的物品时，造成1灼烧,此物品的冷却时间缩短量翻倍,此物品左侧相邻的物品+30%暴击率,此物品左侧相邻的物品受冻结和减速影响的时间减半,使用左侧相邻的物品时，造成10伤害
55f11b65-77fa-4d70-9250-8a40d03961ad,Feather,羽毛,Item / 物品,Small / 小型,Gold / 黄金,Gold/Diamond,Common / 通用,Loot / 战利品,Cooldown / 冷却,0.0,,0,,0,,0,,0,,0,,0,,0,,0,,0,,0,,0,0,0,0,[被动] 出售此物品时，己方物品冷却时间缩短3/6%,null,此物品的价值翻倍,出售此物品时，己方最左侧的减速物品获得200减速持续时间,出售此物品时，己方最左侧的冻结物品获得100冻结持续时间,出售此物品时，己方最左侧的加速物品获得200加速持续时间,出售此物品时，最左侧的护盾物品+10,出售此物品时，最左侧的治疗物品+10,出售此物品时，己方最左侧的剧毒物品获得1,出售此物品时，己方最左侧的灼烧物品获得1,此物品的冷却时间缩短效果翻倍,出售此物品时，己方最左侧的物品获得2%暴击率,,出售此物品时，己方最左侧的武器获得10
560450e3-8700-4ef9-b7c1-d3ae9937b55e,Rocket Drone,火箭无人机,Item / 物品,Small / 小型,Bronze / 青铜,Bronze/Silver/Gold/Diamond,Stelle / 斯黛尔,Weapon / 武器 | Tech / 科技 | Toy / 玩具 | Drone,Flying / 飞行 | Damage / 伤害 | FlyingRef / 飞行引用 | Burn / 灼烧 | Ammo / 弹药,4.0,4,15,15/30/60/120,0,,0,,1,1,0,,1,1,3,3/6/9/12,0,,0,,0,,0,0,0,0,"[主动] 造成15/30/60/120伤害
[主动] 造成3/6/9/12灼烧
[主动] 此物品停止飞行
[主动] 弹药: 1
[被动] 此物品开始飞行时，装填此物品",null,此物品的价值翻倍,减速一件物品2秒,冻结一件物品0.5秒,加速一件物品2秒,获得护盾，等量于此物品伤害量,获得治疗，等量于此物品伤害,造成剧毒，等量于此物品灼烧,此物品的灼烧翻倍,此物品+1多重释放,此物品+50%暴击率,此物品免疫冻结、减速和摧毁,此物品的伤害翻倍
562d768a-6aaf-4704-be8b-4dc9e6311b11,Extract,提取物,Item / 物品,Small / 小型,Bronze / 青铜,Bronze/Silver/Gold/Diamond,Common / 通用,Loot / 战利品,PoisonRef / 剧毒引用,0.0,,0,,0,,0,,0,,0,,0,,0,,0,,0,,0,,0,0,0,0,[被动] 出售此物品时，己方最左侧的剧毒物品永久获得1/2/4/8,null,此物品的价值翻倍,出售此物品时，己方最左侧的减速物品获得200减速持续时间,出售此物品时，己方最左侧的冻结物品获得100冻结持续时间,出售此物品时，己方最左侧的加速物品获得200加速持续时间,出售此物品时，最左侧的护盾物品+10,出售此物品时，最左侧的治疗物品+10,此物品的剧毒获取翻倍,出售此物品时，己方最左侧的灼烧物品获得1,此物品的剧毒获取翻倍,出售此物品时，己方最左侧的物品获得2%暴击率,,出售此物品时，己方最左侧的武器获得10
566b5c63-4201-41d3-b6d5-0eb527db396a,Memory Card,内存卡,Item / 物品,Small / 小型,Bronze / 青铜,Bronze/Silver/Gold/Diamond,Dooley / 杜利,Tech / 科技,Value / 价值 | Crit / 暴击,10.0,10/9/8/7,0,,0,,0,,0,,0,,1,1,0,,0,,0,,0,,0,0,0,0,"[主动] 此物品的价值永久提升1
[被动] 出售此物品时，己方核心永久获得+暴击率，等量于此物品的价值",null,此物品的价值翻倍,减速一件物品3秒,冻结一件物品0.5秒,加速一件物品3秒,获得80护盾,治疗80生命值,造成8剧毒,造成8灼烧,此物品+1多重释放,此物品的暴击率获取加成翻倍,此物品免疫冻结、减速和摧毁,造成80伤害
57118705-887e-44fb-b4bc-586aa4f20baf,Sponsored Apparel,赞助服饰,Item / 物品,Medium / 中型,Silver / 白银,Silver/Gold/Diamond,Pygmalien / 皮格马利翁,Apparel / 服饰,Shield / 护盾 | Value / 价值 | EconomyRef / 经济引用,0.0,,0,,0,,0,0,0,,0,,0,,0,,0,,0,,0,,0,0,0,0,[被动] 当你使用物品时，其价值+1/2/3，然后获得护盾，等量于该物品的价值,null,,使用物品时，减速一件物品1秒,当你使用物品时，冻结一件物品0.5秒,当你使用物品时，加速一件物品1秒,此物品的护盾翻倍,当你使用物品时，获得20治疗,当你使用物品时，造成2剧毒,当你使用物品时，造成2灼烧,此物品的价值获取值翻倍,己方物品+25%暴击率,相邻物品受冻结和减速影响的时间减半,当你使用物品时，造成20伤害
573e24c0-8013-4974-bcc1-de9145892f07,Fireflies,萤火虫,Item / 物品,Small / 小型,Bronze / 青铜,Bronze/Silver/Gold/Diamond,Mak / 马克,Friend / 伙伴,Flying / 飞行 | Burn / 灼烧 | SlowRef / 减速引用 | FlyingRef / 飞行引用,8.0,8,0,,0,,0,,0,,0,,1,1,5,5,0,,0,,0,,0,0,0,0,"[主动] 造成5灼烧
[被动] 触发减速时，此物品+2/3/4/5并开始飞行",null,此物品的价值翻倍,减速一件物品4秒,冻结一件物品1秒,加速一件物品4秒,获得护盾，等量于此物品灼烧的5倍,获得治疗，等量于此物品灼烧的5倍,造成剧毒，等量于此物品灼烧,此物品的灼烧翻倍,此物品+1多重释放,此物品+50%暴击率,此物品免疫冻结、减速和摧毁,造成伤害，等量于此物品灼烧的5倍
5756ecfd-c374-4602-8bc9-cd0d99e1ab70,Ice Bomb,寒冰炸弹,Item / 物品,Small / 小型,Gold / 黄金,Gold/Diamond,Stelle / 斯黛尔,,Freeze / 冻结,4.0,4,0,,0,,0,,0,,0,,1,1,0,,0,,0,,0,,0,0,0,0,"[主动] 冻结1/2件物品1秒
[主动] 摧毁此物品",null,此物品的价值翻倍,减速一件物品2秒,此物品的冻结持续时间翻倍,加速一件物品2秒,获得30护盾,治疗30生命值,造成3剧毒,造成3灼烧,此物品+1多重释放,此物品被摧毁时，己方物品+30%暴击率,此物品免疫冻结和减速,造成30伤害
576c25ce-4202-4416-9ae9-21052502db93,Runed Bracelet,符文手镯,Item / 物品,Small / 小型,Bronze / 青铜,Bronze/Silver/Gold/Diamond,Karnok,Apparel / 服饰 | Relic / 遗物,DamageRef / 伤害引用 | RageReference,0.0,,0,,0,,0,,0,,0,,0,,0,,0,,0,,0,,0,0,0,0,"[被动] 左侧相邻的物品+20/40/60/80
[被动] 暴怒期间，此物品的伤害加成翻倍",null,此物品的价值翻倍,当你使用左侧相邻的武器时，减速一件物品1秒,当你使用左侧相邻的武器时，冻结一件物品0.5秒,当你使用左侧相邻的武器时，加速该武器1秒,当你使用左侧相邻的武器时，获得0护盾,当你使用左侧相邻的武器时，获得0治疗,当你使用左侧相邻的武器时，造成0剧毒,当你使用左侧相邻的武器时，造成0灼烧,此物品的加成伤害翻倍,左侧相邻的武器+30%暴击率,左侧相邻的武器所受冻结和减速持续时间减半,此物品的伤害加成翻倍
577d99bd-8e44-4bb4-b7be-a8890773bbf2,Universal Sauce,万能酱料,Item / 物品,Small / 小型,Silver / 白银,Silver/Gold/Diamond,Jules / 朱尔斯,Food / 食物,Crit / 暴击,3.0,3,0,,0,,0,,0,,0,,1,1,0,,0,,0,,0,,0,0,0,0,[主动] 一件食物+4/7/10%暴击率,null,此物品的价值翻倍,减速一件物品1秒,冻结一件物品0.5秒,加速一件物品1秒,获得20护盾,治疗20生命值,造成2剧毒,造成2灼烧,此物品+1多重释放,此物品的暴击率加成翻倍,此物品免疫冻结、减速和摧毁,造成20伤害
57842875-bc49-4ec9-af82-29c2dbed4087,Mortar & Pestle,研钵与研杵,Item / 物品,Medium / 中型,Bronze / 青铜,Bronze/Silver/Gold/Diamond,Mak / 马克,Tool / 工具,DamageRef / 伤害引用,7.0,7,0,,0,,0,,0,,0,,1,1,0,,0,,0,,0,,0,0,0,0,"[主动] 己方吸血武器获得10/20/30/40
[被动] 右侧相邻的武器拥有吸血
[被动] 每天开始时，获得一件催化剂",null,此物品的价值翻倍,减速2件物品2秒,冻结一件物品1秒,加速2件物品2秒,获得200护盾,治疗200生命值,造成20剧毒,造成20灼烧,此物品+1多重释放,己方吸血武器+40%暴击率,此物品免疫冻结、减速和摧毁,此物品的伤害加成翻倍
5795875a-9917-46a6-9334-ee835e4caefc,BLU-B33TL3,机械蓝甲虫,Item / 物品,Small / 小型,Silver / 白银,Silver/Gold/Diamond,Dooley / 杜利,Friend / 伙伴,Freeze / 冻结 | PoisonRef / 剧毒引用,6.0,6,0,,0,,0,,0,,0,,1,1,0,,0,,0,,0,,0,0,0,0,"[主动] 冻结1/2/3件物品0.5秒
[被动] 当相邻物品造成剧毒时，充能此物品1秒",null,此物品的价值翻倍,减速一件物品1秒,此物品的冻结持续时间翻倍,加速一件物品1秒,获得20护盾,治疗20生命值,造成2剧毒,造成2灼烧,此物品+1多重释放,己方伙伴+25%暴击率,此物品免疫冻结、减速和摧毁,造成20伤害
58644fca-df07-48f8-808e-85c9cbf5fccb,Cookbook,食谱书,Item / 物品,Medium / 中型,Silver / 白银,Silver/Gold/Diamond,Jules / 朱尔斯,Tool / 工具,Charge / 充能,4.0,4,0,,0,,0,,0,,0,,1,1,0,,0,,0,,0,,0,0,0,0,"[主动] 为一件食物充能2/3/4秒
[被动] 每天开始时，升级一件较低级别的食物",null,此物品的价值翻倍,减速2件物品1秒,冻结一件物品1秒,加速2件物品1秒,获得75护盾,治疗75生命值,造成7剧毒,造成7灼烧,此物品+1多重释放,己方物品+25%暴击率,此物品免疫冻结、减速和摧毁,造成75伤害
58928d1a-27ef-43be-89e2-81e627dae954,Stelle's Workshop,斯黛尔的工坊,Item / 物品,Large / 大型,Gold / 黄金,Gold/Diamond,Stelle / 斯黛尔,Property / 地产 | Tool / 工具,Cooldown / 冷却 | Charge / 充能,0.0,,0,,0,,0,,0,,0,,0,,0,,0,,0,,0,,0,0,0,0,"[被动] 己方工具的冷却时间缩短1000秒
[被动] 当你使用工具时，充能1/2件载具或无人机1秒",null,此物品的价值翻倍,使用工具时，减速一件物品1秒,使用工具时，冻结一件物品0.5秒,使用工具时，加速一件物品1秒,当你使用工具时，获得30护盾,当你使用工具时，获得30治疗,当你使用工具时，造成3剧毒,当你使用工具时，造成3灼烧,此物品的充能和冷却缩短效果翻倍,己方工具+50%暴击率,己方工具受到的冻结和减速效果持续时间减半,当你使用工具时，造成30伤害
5896f017-16f1-4274-94ae-2809284b99d9,Forgotten God,失落神祇,Item / 物品,Small / 小型,Silver / 白银,Silver/Gold/Diamond,Common / 通用,Relic / 遗物,Poison / 剧毒 | SlowRef / 减速引用,6.0,6,0,,0,,0,,0,,0,,0,,0,,4,4,0,,0,,0,0,0,0,"[主动] 造成4剧毒
[被动] 当相邻物品触发减速时，此物品获得4/8/12",null,此物品的价值翻倍,减速一件物品3秒,冻结一件物品0.5秒,加速一件物品3秒,获得护盾，等量于此物品剧毒的5倍,获得治疗，等量于此物品剧毒的5倍,此物品的剧毒翻倍,造成灼烧，等量于此物品的剧毒,此物品+1多重释放,此物品+50%暴击率,此物品免疫冻结、减速和摧毁,造成伤害，等量于此物品剧毒的5倍
58b1a5a2-9c9e-4e05-b5e5-ca7c7ddad508,Wolf,狼,Item / 物品,Medium / 中型,Silver / 白银,Silver/Gold/Diamond,Karnok,Weapon / 武器 | Friend / 伙伴,Damage / 伤害 | Haste / 加速 | RageReference,4.0,4,10,10,0,,0,,0,,0,,1,1,0,,0,,0,,0,,0,0,0,0,"[主动] 造成10伤害
[被动] 当你进入暴怒状态时，加速己方伙伴2秒
[被动] 加速伙伴时，己方伙伴获得5/10/20",null,此物品的价值翻倍,减速2件物品1秒,冻结一件物品1秒,此物品的加速持续时间翻倍,获得护盾，等量于此物品伤害量,获得治疗，等量于此物品伤害,造成剧毒，等量于此物品伤害的10%,造成灼烧，等量于此物品伤害的10%,此物品+1多重释放,此物品+50%暴击率,此物品免疫冻结、减速和摧毁,此物品的伤害翻倍
58e08eca-faae-4f62-b7de-3824a717f337,Security Drone,安保无人机,Item / 物品,Medium / 中型,Bronze / 青铜,Bronze/Silver/Gold/Diamond,Stelle / 斯黛尔,Tech / 科技 | Drone,Shield / 护盾,8.0,8/7/6/5,0,,0,,20,20/40/60/80,0,,0,,1,1,0,,0,,0,,0,,0,0,0,0,"[主动] 获得20/40/60/80护盾
[被动] 敌人使用物品时，充能此物品1秒
[被动] 此物品正在飞行时，其冷却时间缩短2秒",null,此物品的价值翻倍,减速一件物品1秒,冻结一件物品0.5秒,加速一件物品1秒,此物品的护盾翻倍,获得治疗，等量于此物品护盾值,造成剧毒，等量于此物品护盾值的10%,造成灼烧，等量于此物品护盾值的10%,此物品+1多重释放,此物品+50%暴击率,此物品免疫冻结、减速和摧毁,造成伤害，等量于此物品护盾
58e1ccc3-a59f-42dc-917d-6e846c71615e,Hunting Rifle,猎枪,Item / 物品,Medium / 中型,Silver / 白银,Silver/Gold/Diamond,Karnok,Weapon / 武器,Damage / 伤害 | Ammo / 弹药 | RageReference,6.0,6,200,200,0,,0,,2,2,0,,1,1,0,,0,,0,,0,,0,0,0,0,"[主动] 造成200伤害
[主动] 弹药: 2
[被动] 当你进入暴怒状态时，造成伤害，等量于此物品伤害的2/3/4倍",null,此物品的价值翻倍,减速2件物品2秒,冻结一件物品1秒,加速2件物品2秒,获得护盾，等量于此物品伤害量,获得治疗，等量于此物品伤害,造成剧毒，等量于此物品伤害的10%,造成灼烧，等量于此物品伤害的10%,此物品+1多重释放,此物品造成双倍暴击伤害,此物品免疫冻结、减速和摧毁,此物品的伤害翻倍
594fdef4-f76b-4e77-b54c-0212b583f133,Moon Lily,月光百合,Item / 物品,Small / 小型,Bronze / 青铜,Bronze/Silver/Gold/Diamond,Common / 通用,Loot / 战利品,RegenRef / 再生引用,0.0,,0,,0,,0,,0,,0,,0,,0,,0,,0,,0,,0,0,0,0,[被动] 出售此物品时，己方最左侧的生命再生物品永久获得1/2/4/8,null,此物品的价值翻倍,出售此物品时，己方最左侧的减速物品获得1000减速持续时间,出售此物品时，己方最左侧的冻结物品获得200冻结持续时间,出售此物品时，己方最左侧的加速物品获得1000加速持续时间,出售此物品时，最左侧的护盾物品+10,出售此物品时，最左侧的治疗物品+10,出售此物品时，己方最左侧的剧毒物品获得2,出售此物品时，己方最左侧的灼烧物品获得2,,出售此物品时，己方最左侧的物品获得10%暴击率,,出售此物品时，己方最左侧的武器获得10
59965b1c-7250-4d19-90c7-490e75d7a396,Tomb of the Ancients,先祖墓,Item / 物品,Large / 大型,Silver / 白银,Silver/Gold/Diamond,Mak / 马克,Relic / 遗物 | Property / 地产,Regen / 再生 | Quest,6.0,6,0,,0,,0,,0,,0,,0,,0,,0,,5,5/10/15,0,,0,0,0,0,"[主动] 生命再生量提高5/10/15
[被动] 己方其他遗物每拥有一件，就使此物品+1多重释放","目标: 在其他物品上完成一个任务 | 奖励: 造成剧毒
目标: 在其他物品上完成2个任务 | 奖励: 冻结一件物品秒",此物品的价值翻倍,减速一件物品1秒,此物品的冻结持续时间翻倍,加速一件物品1秒,获得护盾，等量于此物品生命再生量的5倍,获得治疗，等量于此物品生命再生量的5倍,此物品的剧毒翻倍,造成灼烧，等量于此物品的生命再生量,此物品+1多重释放,此物品+50%暴击率,此物品免疫冻结、减速和摧毁,造成伤害，等量于此物品生命再生的5倍
599c27bd-2e78-45a6-9390-aeb349a20e29,[LARGE ITEM TEMPLATE],,Item / 物品,Large / 大型,Bronze / 青铜,Bronze/Silver/Gold/Diamond,Vanessa / 瓦内莎 | Dooley / 杜利 | Jules / 朱尔斯 | Stelle / 斯黛尔 | Mak / 马克 | Pygmalien / 皮格马利翁,,,6.0,6,0,,0,,0,,0,,0,,1,1,0,,0,,0,,0,,0,0,0,0,[主动] 这是一个大型物品模板,null,此物品的价值翻倍,减速3件物品2秒,冻结一件物品1秒,加速3件物品2秒,获得30护盾,治疗30生命值,造成3剧毒,造成3灼烧,此物品+1多重释放,此物品+50%暴击率,此物品免疫冻结、减速和摧毁,造成30伤害
59a494e4-66b2-4412-8934-dcf7d19585bf,Diana-Saur,小黛暴龙,Item / 物品,Medium / 中型,Silver / 白银,Silver/Gold/Diamond,Dooley / 杜利,Weapon / 武器 | Friend / 伙伴 | Dinosaur / 恐龙,Damage / 伤害,6.0,6,50,50,0,,0,,0,,0,,1,1,0,,0,,0,,0,,0,0,0,0,"[主动] 造成50伤害
[被动] 每场战斗中首次使用此物品时，摧毁一件小型敌方物品
[被动] 当你摧毁物品时，己方恐龙和遗物物品获得20/40/80伤害",null,此物品的价值翻倍,减速2件物品2秒,冻结一件物品1秒,加速2件物品2秒,获得护盾，等量于此物品伤害量,获得治疗，等量于此物品伤害,造成剧毒，等量于此物品伤害的10%,造成灼烧，等量于此物品伤害的10%,此物品+1多重释放,此物品+50%暴击率,此物品免疫冻结、减速和摧毁,此物品的伤害翻倍
59bdb325-a2b0-4932-a683-f7f906a1c2a4,Wrist Blade,腕刃,Item / 物品,Medium / 中型,Bronze / 青铜,Bronze/Silver/Gold/Diamond,Karnok,Weapon / 武器,Damage / 伤害 | Crit / 暴击 | Rage | RageReference,8.0,8,30,30/60/120/240,0,,0,,0,,0,,1,1,0,,0,,0,,0,,0,0,0,0,"[主动] 造成30/60/120/240伤害
[被动] 此物品暴击时，获得怒火
[被动] 获得怒火时，此物品+5/10/15/20%暴击率",null,此物品的价值翻倍,减速2件物品2秒,冻结一件物品1秒,加速2件物品2秒,获得护盾，等量于此物品伤害量,获得治疗，等量于此物品伤害,造成剧毒，等量于此物品伤害的10%,造成灼烧，等量于此物品伤害的10%,此物品+1多重释放,此物品+50%暴击率,此物品免疫冻结、减速和摧毁,此物品的伤害翻倍
5a162b5d-4802-4f56-a30e-19b3c8ef677c,Stinger,毒刺,Item / 物品,Small / 小型,Bronze / 青铜,Bronze/Silver/Gold/Diamond,Common / 通用,Weapon / 武器,Damage / 伤害 | Slow / 减速,7.0,7,5,5/10/20/40,0,,0,,0,,0,,1,1,0,,0,,0,,100,100,0,0,0,0,"[主动] 造成5/10/20/40伤害
[主动] 减速1/2/3/4件物品1秒",null,此物品的价值翻倍,此物品的减速持续时间翻倍,冻结一件物品0.5秒,加速一件物品3秒,获得护盾，等量于此物品伤害量,获得治疗，等量于此物品伤害,造成剧毒，等量于此物品伤害的10%,造成灼烧，等量于此物品伤害的10%,此物品+1多重释放,此物品+50%暴击率,此物品免疫冻结、减速和摧毁,此物品的伤害翻倍
5a1bad84-4b20-44b2-a218-dbe0e15b557a,Unstable Grav Well,不稳定重力井,Item / 物品,Medium / 中型,Gold / 黄金,Gold/Diamond,Dooley / 杜利,Tech / 科技,Flying / 飞行,6.0,6/5,0,,0,,0,,0,,0,,1,1,0,,0,,0,,0,,0,0,0,0,"[主动] 所有己方物品开始飞行
[主动] 摧毁此物品和一件没有冷却时间的敌方物品",null,此物品的价值翻倍,减速2件物品1秒,冻结一件物品1秒,加速2件物品1秒,获得150护盾,治疗150生命值,造成15剧毒,造成15灼烧,此物品+1多重释放,此物品被摧毁时，己方物品+50%暴击率,此物品免疫冻结、减速和摧毁,造成150伤害
5a4c4c98-d41e-43f8-aa39-a74847e2ff3c,Ledger,账本,Item / 物品,Medium / 中型,Silver / 白银,Silver/Gold/Diamond,Pygmalien / 皮格马利翁,,Value / 价值 | EconomyRef / 经济引用,0.0,,0,,0,,0,,0,,0,,0,,0,,0,,0,,0,,0,0,0,0,"[被动] 出售松露时，相邻物品永久获得1/2/3价值
[被动] 当你购买此物品时以及每天开始时，获得一颗松露",null,此物品获得的价值翻倍,使用相邻物品时，减速一件物品1秒,使用相邻物品时，冻结一件物品0.5秒,使用相邻物品时，加速一件物品1秒,当你使用相邻物品时，获得20护盾,当你使用相邻物品时，治疗20,当你使用相邻物品时，剧毒2,当你使用相邻物品时，灼烧2,此物品的价值获取翻倍,相邻物品+40%暴击率,相邻物品受冻结和减速影响的时间减半,当你使用相邻物品时，造成20伤害
5a94a820-1b13-4164-bae9-f6abbd59eb2d,Dragon's Breath,巨龙吐息,Item / 物品,Medium / 中型,Silver / 白银,Silver/Gold/Diamond,Mak / 马克,Dragon / 龙 | Potion / 药水 | Relic / 遗物,Burn / 灼烧 | Ammo / 弹药 | FlyingRef / 飞行引用,8.0,8/7/6,0,,0,,0,,1,1,0,,1,1,10,10,0,,0,,0,,0,0,0,0,"[主动] 造成10灼烧
[主动] 弹药: 1
[被动] 使用相邻物品或飞行物品时，此物品获得5/10/15
[被动] 当你购买此物品时，获得一件来自任意英雄的小型灼烧物品",null,此物品的价值翻倍,减速2件物品4秒,冻结2件物品1秒,加速2件物品4秒,获得护盾，等量于此物品灼烧的5倍,获得治疗，等量于此物品灼烧的5倍,造成剧毒，等量于此物品灼烧,此物品的灼烧翻倍,此物品+1多重释放,此物品+50%暴击率,此物品免疫冻结、减速和摧毁,造成伤害，等量于此物品灼烧的5倍
5a9bd869-4614-4edf-941d-5f44e0bb1519,Bar of Gold,金条,Item / 物品,Small / 小型,Bronze / 青铜,Bronze/Silver/Gold/Diamond,Common / 通用,,,0.0,,0,,0,,0,,0,,0,,0,,0,,0,,0,,0,,5,5/10/20/40,5,5/10/20/40,[被动] 可出售换得金币,null,,,,,,,,,,,,
5aa3022a-2e75-46a8-9cfb-983a97139d05,Necronomicon,死灵书,Item / 物品,Medium / 中型,Legendary / 传奇,Diamond/Legendary,Common / 通用,Relic / 遗物,Poison / 剧毒 | Regen / 再生,6.0,6,0,,0,,0,,0,,0,,1,1,0,,10,10,10,10,0,,0,0,0,0,"[主动] 造成10剧毒
[主动] 生命再生量提高10
[被动] 当任意非武器物品被使用时，充能此物品1秒",null,此物品的价值翻倍,减速2件物品1秒,冻结一件物品1秒,加速2件物品1秒,获得护盾，等量于此物品剧毒的5倍,获得治疗，等量于此物品剧毒的5倍,此物品的剧毒翻倍,造成灼烧，等量于此物品的剧毒,此物品+1多重释放,此物品+50%暴击率,此物品免疫冻结、减速和摧毁,造成伤害，等量于此物品剧毒的5倍
5abf3441-11cb-4dbd-8d69-d4829f8df687,Star Chart,星图,Item / 物品,Medium / 中型,Bronze / 青铜,Bronze/Silver/Gold/Diamond,Vanessa / 瓦内莎,Tool / 工具 | Relic / 遗物,Cooldown / 冷却 | Crit / 暴击,0.0,,0,,0,,0,,0,,0,,0,,0,,0,,0,,0,,0,0,0,0,"[被动] 相邻物品+10/15/20/25%暴击率
[被动] 相邻物品的冷却时间缩短5/10/15/20%",null,此物品的价值翻倍,当相邻物品暴击时，减速一件物品2秒,使用相邻物品造成暴击时，冻结一件物品1秒。,当相邻物品暴击时，加速一件物品2秒,使用相邻物品造成暴击时，获得40护盾,使用相邻物品造成暴击时，获得40治疗。,使用相邻物品造成暴击时，造成4剧毒。,使用相邻物品造成暴击时，造成4灼烧。,此物品的暴击率和冷却缩减加成翻倍,此物品的暴击率加成翻倍,相邻物品受冻结和减速影响的时间减半,当相邻物品暴击时，造成40伤害
5b1af837-bae6-4a78-ab2a-ac711f87db49,Rice Cooker,电饭煲,Item / 物品,Medium / 中型,Bronze / 青铜,Bronze/Silver/Gold/Diamond,Jules / 朱尔斯,Tool / 工具,Haste / 加速 | HeatedReference,4.0,4,0,,0,,0,,0,,0,,1,1,0,,0,,0,,0,,0,0,0,0,[主动] 加速高温物品1/2/3/4秒,null,此物品的价值翻倍,减速2件物品1秒,冻结一件物品1秒,此物品的加速持续时间翻倍,获得75护盾,治疗75生命值,造成7剧毒,造成7灼烧,此物品+1多重释放,己方高温物品+30%暴击率,此物品免疫冻结、减速和摧毁,造成16伤害
5b4b3685-aa1d-477e-aed5-805813faa2b2,Eagle Sigil,鹰之符印,Item / 物品,Small / 小型,Silver / 白银,Silver/Gold/Diamond,Karnok,,Rage | RageReference | Crit / 暴击,0.0,,0,,0,,0,,0,,0,,0,,0,,0,,0,,0,,0,0,0,0,"[被动] 当你暴击时，获得30/40/50怒火
[被动] 当你进入暴怒状态时，相邻物品获得30/40/50%暴击率",null,此物品的价值翻倍,当你进入暴怒状态时，减速一件物品4秒,当你进入暴怒状态时，冻结一件物品2秒,当你进入暴怒状态时，加速一件物品4秒,当你进入暴怒状态时，获得100护盾,当你进入暴怒状态时，治疗100,当你进入暴怒状态时，造成10剧毒,当你进入暴怒状态时，造成10灼烧,此物品的怒火获取值翻倍,己方物品+20%暴击率,相邻物品受冻结和减速影响的时间减半,当你进入暴怒状态时，造成100伤害
5b4ff0c0-ca13-4606-9db3-4219d33ab2a0,Powder Keg,火药桶,Item / 物品,Medium / 中型,Gold / 黄金,Gold/Diamond,Vanessa / 瓦内莎,Weapon / 武器,Damage / 伤害 | BurnRef / 灼烧引用,24.0,24,0,0,0,,0,,0,,0,,1,1,0,,0,,0,,0,,0,0,0,0,"[主动] 造成伤害，等量于一位敌人最大生命值的30/40%，随后摧毁此物品
[被动] 触发灼烧时，充能此物品2秒",null,此物品的价值翻倍,减速4件物品4秒,冻结2件物品4秒,加速4件物品4秒,获得护盾，等量于此物品伤害量,获得治疗，等量于此物品伤害,造成剧毒，等量于此物品伤害的10%,造成灼烧，等量于此物品伤害的10%,此物品的伤害翻倍,此物品+50%暴击率,此物品免疫冻结、减速和摧毁,此物品的伤害翻倍
5b6c7d8e-9f0a-1b2c-3d4e-5f6a7b8c9d0e,Makroscope,马克显微镜,Item / 物品,Small / 小型,Silver / 白银,Silver/Gold/Diamond,Mak / 马克,Tool / 工具,Slow / 减速,7.0,7/6/5,0,,0,,0,,0,,0,,1,1,0,,0,,0,,0,,0,0,0,0,"[主动] 减速一件物品1秒
[被动] 此物品以外，每拥有一件遗物、任务、伙伴或附魔物品，此物品就+1多重释放",null,此物品的价值翻倍,此物品的减速持续时间翻倍,冻结一件物品0.5秒,加速一件物品1秒,获得10护盾,治疗10生命值,造成1剧毒,造成1灼烧,此物品+1多重释放,己方物品+20%暴击率,此物品免疫冻结、减速和摧毁,造成10伤害
5bd0a69d-420c-4cd0-93ec-07582c688a5b,Crash Site Ticket,坠落地点探险券,Item / 物品,Small / 小型,Legendary / 传奇,Diamond/Legendary,Common / 通用,,Ticket,0.0,,0,,0,,0,,0,,0,,0,,0,,0,,0,,0,,12,12,6,6,[被动] 在第6天，允许你参加坠落地点探险,null,,,,,,,,,,,,
5bd6513a-85ab-4ba6-b82d-af875da697cf,Remote Control,遥控装置,Item / 物品,Small / 小型,Silver / 白银,Silver/Gold/Diamond,Dooley / 杜利,Tech / 科技,,7.0,7/6/5,0,,0,,0,,0,,0,,1,1,0,,0,,0,,0,,0,0,0,0,[主动] 使用己方所有中型核心物品,null,此物品的价值翻倍,减速一件物品3秒,冻结一件物品0.5秒,加速一件物品3秒,获得80护盾,治疗80生命值,造成8剧毒,造成8灼烧,此物品+1多重释放,己方核心+50%暴击率,此物品免疫冻结、减速和摧毁,造成80伤害
5c8f6b67-ebe2-4f8e-9e2e-cef4e623c01c,Premium Green Piggles,高级绿色小圆猪,Item / 物品,Small / 小型,Bronze / 青铜,Bronze/Silver/Gold/Diamond,Pygmalien / 皮格马利翁,Toy / 玩具,Heal / 治疗 | Value / 价值,5.0,5,0,,0,0,0,,0,,0,,1,1,0,,0,,0,,0,,0,0,0,0,[主动] 获得治疗，等量于此物品价值的三倍,null,此物品的价值翻倍,减速一件物品2秒,冻结一件物品0.5秒,加速一件物品2秒,获得护盾，等量于此物品治疗量,此物品的治疗翻倍,造成剧毒，等量于此物品治疗量的10%,造成灼烧，等量于此物品治疗量的10%,此物品+1多重释放,此物品+50%暴击率,此物品免疫冻结、减速和摧毁,造成伤害，等量于此物品治疗量
5d637b81-2f68-4b5b-b946-2bd66696f562,Rimestone Amulet,霜石护符,Item / 物品,Small / 小型,Legendary / 传奇,Diamond,Common / 通用,Relic / 遗物 | Apparel / 服饰,FreezeRef / 冻结引用 | Charge / 充能,0.0,,0,,0,,0,,0,,0,,0,,0,,0,,0,,0,,0,0,0,0,[被动] 当你通过相邻物品触发冻结时，充能己方一件武器1秒,null,此物品的价值翻倍,当你通过相邻物品触发冻结时，减速1件物品1秒,相邻物品冻结的持续时间变为两倍,当你通过相邻物品触发冻结时，加速一件物品1秒,当你通过相邻物品触发冻结时，获得20护盾,当你通过相邻物品触发冻结时，获得20治疗,当你通过相邻物品触发冻结时，造成2剧毒,当你通过相邻物品触发冻结时，造成2灼烧,此物品的充能量翻倍,相邻物品+25%暴击率,相邻物品受冻结和减速影响的时间减半,当你通过相邻物品触发冻结时，造成20伤害
5ded844c-5279-4c30-9198-309fba0b651b,Bag of Jewels,珠宝袋,Item / 物品,Small / 小型,Bronze / 青铜,Bronze/Silver/Gold/Diamond,Common / 通用,Loot / 战利品,,0.0,,0,,0,,0,,0,,0,,0,,0,,0,,0,,0,,3,3/6/12/24,3,3/6/12/24,[被动] 可出售换得金币,null,,,,,,,,,,,,
5e17cfc3-25c0-4a74-8a33-07ee972e6f6e,Concealed Dagger,藏刃匕首,Item / 物品,Small / 小型,Bronze / 青铜,Bronze/Silver/Gold/Diamond,Vanessa / 瓦内莎,Weapon / 武器,Damage / 伤害 | Gold / 金币 | Haste / 加速,4.0,4,10,10/20/40/80,0,,0,,0,,0,,1,1,0,,0,,0,,0,,0,0,0,0,"[主动] 造成10/20/40/80伤害
[主动] 加速一件物品1/2/3/4秒
[被动] 每场携带此物品的战斗开始时，获得1金币",null,此物品的金币获取翻倍,减速一件物品1秒,冻结一件物品0.5秒,此物品的加速持续时间翻倍,获得护盾，等量于此物品伤害量,获得治疗，等量于此物品伤害,造成剧毒，等量于此物品伤害的10%,造成灼烧，等量于此物品伤害的10%,此物品+1多重释放,此物品+50%暴击率,此物品免疫冻结、减速和摧毁,此物品的伤害翻倍
5e7abe19-0087-4bb1-a8bf-617706cc67c9,Musket,火枪,Item / 物品,Medium / 中型,Silver / 白银,Silver/Gold/Diamond,Vanessa / 瓦内莎,Weapon / 武器,Damage / 伤害 | Ammo / 弹药 | BurnRef / 灼烧引用,6.0,6,100,100/150/300,0,,0,,1,1,0,,1,1,0,,0,,0,,0,,0,0,0,0,"[主动] 造成100/150/300伤害
[主动] 弹药: 1
[被动] 当你使用相邻物品造成灼烧时，装填此物品并使其获得25/50/75",null,此物品的价值翻倍,减速2件物品2秒,冻结一件物品1秒,加速2件物品2秒,获得护盾，等量于此物品伤害量,获得治疗，等量于此物品伤害,造成剧毒，等量于此物品伤害的10%,造成灼烧，等量于此物品伤害的10%,此物品+1多重释放,此物品造成双倍暴击伤害,此物品免疫冻结、减速和摧毁,此物品的伤害翻倍
5e95fcfd-bacb-4bb6-bf65-fb16ba602b3d,Jambalaya,什锦饭,Item / 物品,Medium / 中型,Silver / 白银,Silver/Gold/Diamond,Jules / 朱尔斯,Food / 食物,Regen / 再生 | Burn / 灼烧 | BurnRef / 灼烧引用,6.0,6,0,,0,,0,,0,,0,,1,1,2,2/4/6,0,,2,2/4/6,0,,0,0,0,0,"[主动] 生命再生量提高2/4/6
[主动] 造成2/4/6灼烧
[被动] 触发生命再生时，一件灼烧物品获得2/4/6",null,此物品的价值翻倍,减速2件物品2秒,冻结一件物品1秒,加速2件物品2秒,获得护盾，等量于此物品灼烧的5倍,获得治疗，等量于此物品灼烧的5倍,造成剧毒，等量于此物品灼烧,此物品的灼烧翻倍,此物品+1多重释放,此物品+50%暴击率,此物品免疫冻结、减速和摧毁,造成伤害，等量于此物品灼烧的5倍
5ee8749e-0274-4516-bbea-0830bb2953b7,Cake Batter,蛋糕糊,Item / 物品,Medium / 中型,Silver / 白银,Silver/Gold/Diamond,Jules / 朱尔斯,Food / 食物,Shield / 护盾 | ShieldRef / 护盾引用 | RegenRef / 再生引用 | HeatedReference | ChilledReference,6.0,6,0,,0,,20,20,0,,0,,1,1,0,,0,,0,,0,,0,0,0,0,"[主动] 获得20护盾
[被动] 当你使用工具时，己方高温或霜冻物品获得10/20/30和1/2/3",null,此物品的价值翻倍,减速2件物品2秒,冻结一件物品1秒,加速2件物品2秒,此物品的护盾翻倍,获得治疗，等量于此物品护盾值,造成剧毒，等量于此物品护盾值的10%,造成灼烧，等量于此物品护盾值的10%,此物品+1多重释放,此物品+50%暴击率,此物品免疫冻结、减速和摧毁,造成伤害，等量于此物品护盾
5f9d168c-e537-4077-ae2d-df6ad0dde305,Darkstone Focuser,暗黑秘石聚能器,Item / 物品,Small / 小型,Legendary / 传奇,Diamond/Legendary,Common / 通用,Relic / 遗物 | Weapon / 武器,Damage / 伤害,8.0,8,0,0,0,,0,,0,,0,,1,1,0,,0,,0,,100,100,0,0,0,0,"[主动] 每拥有一件武器，就造成50伤害
[被动] 己方每拥有一件其他遗物，此物品冷却时间缩短1000秒
[被动] 出售此物品时，为你最左侧的物品赋予黑曜石附魔",null,此物品的价值翻倍,减速一件物品4秒,冻结一件物品1秒,加速一件物品4秒,获得护盾，等量于此物品伤害量,获得治疗，等量于此物品伤害,造成剧毒，等量于此物品伤害的10%,造成灼烧，等量于此物品伤害的10%,此物品+1多重释放,此物品+50%暴击率,此物品免疫冻结、减速和摧毁,此物品的伤害翻倍
5ff4d4c3-5a31-42d9-9b82-608f237e9e40,Caracara,卡拉飞艇,Item / 物品,Medium / 中型,Bronze / 青铜,Bronze/Silver/Gold/Diamond,Stelle / 斯黛尔,Weapon / 武器 | Vehicle / 载具,Damage / 伤害 | Flying / 飞行,5.0,5,5,5,0,,0,,0,,0,,1,1,0,,0,,0,,0,,0,0,0,0,"[主动] 此物品与一件相邻物品开始飞行
[主动] 造成5伤害
[被动] 己方飞行物品+15/25/35/45",null,此物品的价值翻倍,减速2件物品1秒,冻结一件物品1秒,加速2件物品1秒,获得护盾，等量于此物品伤害量,获得治疗，等量于此物品伤害,造成剧毒，等量于此物品伤害的10%,造成灼烧，等量于此物品伤害的10%,此物品+1多重释放,己方飞行物品+40%暴击率,此物品免疫冻结、减速和摧毁,此物品的伤害翻倍
6028b902-ccf6-4cca-bc37-de4649806460,Biomerge Arm,生体融合臂,Item / 物品,Medium / 中型,Gold / 黄金,Gold/Diamond,Common / 通用,Weapon / 武器 | Tool / 工具,Damage / 伤害 | Crit / 暴击 | Ammo / 弹药,0.0,,100,100/200,0,,0,,0,,0,,0,,0,,0,,0,,0,,0,0,0,0,"[被动] 己方物品弹药耗尽时，造成100/200伤害
[被动] 左侧相邻的弹药物品+100%暴击率和+1最大弹药量",null,此物品的价值翻倍,己方物品弹药耗尽时，减速一件物品1秒,己方物品弹药耗尽时，冻结一件物品0.5秒,己方物品弹药耗尽时，加速一件物品1秒,己方物品弹药耗尽时，获得护盾，等量于此物品的伤害,己方物品弹药耗尽时，获得治疗，等量于此物品的伤害,己方物品弹药耗尽时，造成剧毒，等量于此物品伤害的10%,己方物品弹药耗尽时，造成灼烧，等量于此物品伤害的10%,此物品的伤害翻倍,左侧相邻的物品暴击伤害翻倍,此物品左侧相邻的物品受冻结和减速影响的时间减半,此物品的伤害翻倍
6031a849-e93e-41fb-a41f-a2c4d8be8929,Venom,毒液,Item / 物品,Small / 小型,Bronze / 青铜,Bronze/Silver/Gold/Diamond,Mak / 马克,,Poison / 剧毒,0.0,,0,,0,,0,,0,,0,,0,,0,,2,2/3/4/5,0,,0,,0,0,0,0,[被动] 当你使用左侧物品时，造成2/3/4/5剧毒,null,此物品的价值翻倍,当你使用左侧物品时，减速一件物品1秒,当你使用左侧物品时，冻结一件物品0.5秒,使用左侧相邻的物品时，加速一件物品1秒,使用左侧相邻的物品时，获得护盾，等量于此物品剧毒的5倍,使用左侧相邻的物品时，获得治疗，等量于此物品剧毒的5倍,此物品的剧毒翻倍,使用左侧相邻的物品时，造成灼烧，等量于此物品的剧毒,当你使用左侧物品时，造成{ability.0}剧毒,此物品左侧相邻的物品+30%暴击率,左侧相邻物品受冻结和减速影响的持续时间减半,使用左侧相邻的物品时，造成伤害，等量于此物品剧毒的5倍
6076200d-dc08-47a2-a7d2-dfa2e484422a,Ritual Dagger,仪式匕首,Item / 物品,Small / 小型,Gold / 黄金,Gold/Diamond,Mak / 马克,Weapon / 武器 | Relic / 遗物,Damage / 伤害 | Regen / 再生,8.0,8/6,2,2,0,,0,,0,,0,,1,1,0,,0,,0,0,0,,0,0,0,0,"[主动] 造成2伤害
[主动] 生命再生量提高，增幅等于此物品的伤害 [0]
[被动] 如果你是邪教成员，此物品的冷却时间缩短1000秒",null,此物品的价值翻倍,减速一件物品3秒,冻结一件物品0.5秒,加速一件物品3秒,获得护盾，等量于此物品伤害量,获得治疗，等量于此物品伤害,造成剧毒，等量于此物品伤害的10%,造成灼烧，等量于此物品伤害的10%,此物品+1多重释放,此物品+50%暴击率,此物品免疫冻结、减速和摧毁,此物品的伤害翻倍
60a1f7ce-4685-4f4c-86f2-5e0f23b60da0,Repeater,连发步枪,Item / 物品,Medium / 中型,Silver / 白银,Silver/Gold/Diamond,Vanessa / 瓦内莎,Weapon / 武器,Damage / 伤害 | Ammo / 弹药,5.0,5,30,30,0,,0,,2,2/3/4,0,,1,1,0,,0,,0,,0,,0,0,0,0,"[主动] 造成30伤害
[主动] 弹药: 2/3/4
[被动] 使用另一件弹药物品时，使用此物品",null,此物品的价值翻倍,减速一件物品1秒,冻结一件物品0.5秒,加速一件物品1秒,获得护盾，等量于此物品伤害量,获得治疗，等量于此物品伤害,造成剧毒，等量于此物品伤害的10%,造成灼烧，等量于此物品伤害的10%,此物品+1多重释放,此物品+50%暴击率,此物品免疫冻结、减速和摧毁,此物品的伤害翻倍
60ee95b7-92bb-4ef6-9c42-2fd52c820b95,Rainbow Staff,彩虹法杖,Item / 物品,Medium / 中型,Silver / 白银,Silver/Gold/Diamond,Mak / 马克,Relic / 遗物,Burn / 灼烧 | Poison / 剧毒 | Freeze / 冻结 | Slow / 减速,6.0,6,0,,0,,0,,0,,0,,1,1,6,6/9/12,6,6/9/12,0,,0,,0,0,0,0,"[主动] 造成6/9/12灼烧
 
造成6/9/12剧毒
[主动] 冻结一件物品1秒

减速一件物品2秒
[被动] 购买此物品时以及每天开始时，为此物品附魔",null,此物品的价值翻倍,此物品的减速持续时间翻倍,此物品的冻结持续时间翻倍,加速2件物品2秒,获得护盾，等量于此物品灼烧的5倍,获得治疗，等量于此物品灼烧的5倍,此物品的剧毒翻倍,此物品的灼烧翻倍,此物品+1多重释放,此物品+50%暴击率,此物品免疫冻结、减速和摧毁,造成伤害，等量于此物品灼烧的5倍
60fc7e96-c754-40be-803b-e9237aeb920d,Yetarian Club,耶塔里亚大棒,Item / 物品,Large / 大型,Gold / 黄金,Gold/Diamond,Pygmalien / 皮格马利翁,Weapon / 武器 | Relic / 遗物,Damage / 伤害 | Freeze / 冻结,10.0,10,750,750/1500,0,,0,,0,,0,,1,1,0,,0,,0,,0,,0,0,0,0,"[主动] 造成750/1500伤害
[被动] 触发冻结时，充能此物品2秒
[被动] 每场战斗中首次生命值降至一半以下时，冻结1件物品99秒",null,此物品的价值翻倍,减速3件物品1秒,此物品+1冻结目标,加速3件物品1秒,获得护盾，等量于此物品伤害量,获得治疗，等量于此物品伤害,造成剧毒，等量于此物品伤害的10%,造成灼烧，等量于此物品伤害的10%,此物品+1多重释放,此物品+50%暴击率,此物品免疫冻结、减速和摧毁,此物品的伤害翻倍
61409fe4-62da-4259-b43a-3b06a0155a4a,Moss,青苔,Item / 物品,Small / 小型,Bronze / 青铜,Bronze/Silver/Gold/Diamond,Mak / 马克,Reagent / 试剂,RegenRef / 再生引用,5.0,5,0,,0,,0,,0,,0,,1,1,0,,0,,0,,0,,0,0,0,0,"[主动] 相邻物品获得1/2/3/4
[被动] 此物品转化时，为其赋予长青附魔（如适用）",null,此物品的价值翻倍,减速一件物品2秒,冻结一件物品0.5秒,加速一件物品2秒,获得40护盾,治疗40生命值,造成4剧毒,造成4灼烧,此物品+1多重释放,己方物品+10%暴击率,此物品免疫冻结、减速和摧毁,造成40伤害
6146cacd-202c-489f-88c0-f77ef3e0fda6,Bayonet,刺刀,Item / 物品,Small / 小型,Bronze / 青铜,Bronze/Silver/Gold/Diamond,Vanessa / 瓦内莎,Weapon / 武器,Damage / 伤害,0.0,,10,10/20/40/80,0,,0,,0,,0,,0,,0,,0,,0,,0,,0,0,0,0,[被动] 当你使用左侧武器时，造成10/20/40/80伤害。,null,此物品的价值翻倍,当你使用左侧相邻的武器时，减速一件物品1秒,当你使用左侧相邻的武器时，冻结一件物品0.5秒,当你使用左侧相邻的武器时，加速该武器1秒,当你使用左侧武器时，获得护盾，等量于此物品伤害。,当你使用左侧武器时，获得治疗，等量于此物品伤害。,当你使用左侧武器时，造成剧毒，等量于此物品伤害的10%。,当你使用左侧武器时，造成灼烧，等量于此物品伤害的10%。,此物品的伤害翻倍,左侧相邻的武器+50%暴击率,左侧相邻的武器所受冻结和减速持续时间减半,此物品的伤害翻倍
616089ae-766e-4f55-b4a1-d38f6a882ef1,Submarine,潜艇,Item / 物品,Large / 大型,Silver / 白银,Silver/Gold/Diamond,Vanessa / 瓦内莎,Aquatic / 水系 | Weapon / 武器 | Vehicle / 载具 | Tech / 科技,Damage / 伤害 | Shield / 护盾,4.0,4/3/2,60,60/120/240,0,,0,0,0,,0,,1,1,0,,0,,0,,0,,0,0,0,0,"[主动] 造成60/120/240伤害
[主动] 获得护盾，等量于此物品伤害量
[被动] 如果此物品是你唯一的武器，它受冻结和减速影响的时间减半",null,此物品的价值翻倍,减速2件物品1秒,冻结1件物品1秒,加速2件物品1秒,此物品的护盾翻倍,获得治疗，等量于此物品伤害,造成剧毒，等量于此物品伤害的10%,造成灼烧，等量于此物品伤害的10%,此物品+1多重释放,此物品+50%暴击率,此物品免疫冻结、减速和摧毁,此物品的伤害翻倍
618271c5-5721-40ac-b1c7-43aa06a02d07,Honeycomb,蜂巢蜜,Item / 物品,Small / 小型,Bronze / 青铜,Bronze/Silver/Gold/Diamond,Jules / 朱尔斯,Food / 食物,Slow / 减速 | Regen / 再生,5.0,5,0,,0,,0,,0,,0,,1,1,0,,0,,1,1/2/3/4,0,,0,0,0,0,"[主动] 减速1/2/3/4件物品1秒
[主动] 生命再生量提高1/2/3/4",null,此物品的价值翻倍,此物品的减速持续时间翻倍,冻结一件物品0.5秒,加速一件物品2秒,获得护盾，等量于此物品生命再生量的5倍,获得治疗，等量于此物品生命再生量的5倍,造成剧毒，等量于此物品生命再生量,造成灼烧，等量于此物品的生命再生量,此物品+1多重释放,此物品+50%暴击率,此物品免疫冻结、减速和摧毁,造成伤害，等量于此物品生命再生的5倍
61981752-7071-48fe-b7be-96a3e1c4653b,Cauterizing Blade,烙刀,Item / 物品,Medium / 中型,Silver / 白银,Silver/Gold/Diamond,Vanessa / 瓦内莎,Weapon / 武器 | Tech / 科技,Damage / 伤害 | Burn / 灼烧,5.0,5,20,20,0,,0,,0,,0,,1,1,2,2,0,,0,,0,,0,0,0,0,"[主动] 造成20伤害
[主动] 造成2灼烧","目标: 触发减速10次 | 奖励: 触发减速时，此物品获得10/20/30和2/4/6
目标: 触发加速10次 | 奖励: 触发加速时，此物品获得10/20/30和2/4/6",此物品的价值翻倍,减速2件物品1秒,冻结一件物品1秒,加速2件物品1秒,获得护盾，等量于此物品伤害量,获得治疗，等量于此物品伤害,造成剧毒，等量于此物品灼烧,此物品的灼烧翻倍,此物品+1多重释放,此物品+50%暴击率,此物品免疫冻结、减速和摧毁,此物品的伤害翻倍
61ddd1bd-9b9c-4a31-93bc-4fbcd148fc64,Flying Potion,飞行药水,Item / 物品,Small / 小型,Silver / 白银,Silver/Gold/Diamond,Mak / 马克,Potion / 药水,Haste / 加速 | Flying / 飞行 | FlyingRef / 飞行引用 | Ammo / 弹药,3.0,3,0,,0,,0,,1,1,0,,1,1,0,,0,,0,,0,,0,0,0,0,"[主动] 加速其他飞行物品1秒
[主动] 使2/3/4件物品开始飞行
[主动] 弹药: 1",null,此物品的价值翻倍,减速一件物品2秒,冻结一件物品0.5秒,此物品的加速持续时间翻倍,获得50护盾,治疗50生命值,造成5剧毒,造成5灼烧,此物品+1多重释放,己方飞行物品+40%暴击率,此物品免疫冻结、减速和摧毁,造成50伤害
6209e47a-d5c6-4ecb-b6e3-e41787b13345,Bear Mask,熊面具,Item / 物品,Medium / 中型,Silver / 白银,Silver/Gold/Diamond,Karnok,Apparel / 服饰,Health / 生命值 | Rage | RageReference,0.0,,0,,0,,0,,0,,0,,0,,0,,0,,0,,0,,0,0,0,0,"[被动] 每场战斗中首次使用任意物品时，获得10/15/20怒火
[被动] 当你进入暴怒状态时，获得+10/15/20%最大生命值[0]",null,此物品的价值翻倍,当你进入暴怒状态时，减速2件物品4秒,当你进入暴怒状态时，冻结2件物品2秒,当你进入暴怒状态时，加速2件物品4秒,当你进入暴怒状态时，获得护盾，等量于你最大生命值的10%,当你进入暴怒状态时，获得治疗，等量于你最大生命值的10%,当你进入暴怒状态时，造成剧毒，等量于你最大生命值的2%,当你进入暴怒状态时，造成灼烧，等量于你最大生命值的2%,此物品的怒火和最大生命值获取翻倍,己方物品+25%暴击率,相邻物品受冻结和减速影响的时间减半,当你进入暴怒状态时，造成伤害，等量于你最大生命值的10%
620ec0e8-81c1-4881-8f26-e9f96e9742f5,Scimitar of the Deep,深海弯刀,Item / 物品,Medium / 中型,Silver / 白银,Silver/Gold/Diamond,Vanessa / 瓦内莎,Weapon / 武器 | Relic / 遗物 | Aquatic / 水系,Damage / 伤害 | Poison / 剧毒 | PoisonRef / 剧毒引用 | Crit / 暴击 | HasteRef / 加速引用,5.0,5,20,20,0,,0,,0,,0,,1,1,0,,0,0,0,,0,,0,0,0,0,"[主动] 造成20伤害
[被动] 当你暴击时，造成剧毒，等量于此物品伤害的一半
[被动] 加速此物品时，己方物品获得3/6/9",null,此物品的价值翻倍,减速2件物品1秒,冻结一件物品0.5秒,加速2件物品1秒,获得护盾，等量于此物品伤害量,获得治疗，等量于此物品伤害,此物品的剧毒翻倍,造成灼烧，等量于此物品伤害的10%,此物品+1多重释放,此物品+50%暴击率,此物品免疫冻结、减速和摧毁,此物品的伤害翻倍
6254a491-e424-4573-bb8d-a7d51a26144d,Freezer,冷库,Item / 物品,Large / 大型,Gold / 黄金,Gold/Diamond,Jules / 朱尔斯,Tool / 工具 | Weapon / 武器,Damage / 伤害 | Freeze / 冻结 | ChilledReference,0.0,,100,100/200,0,,0,,0,,0,,0,,0,,0,,0,,0,,0,0,0,0,"[被动] 使用相邻食物时，冻结一件物品0.5秒
[被动] 霜冻时：触发冻结时，造成100/200伤害",null,此物品的价值翻倍,霜冻时：触发冻结时，减速1件物品1秒,此物品的冻结持续时间翻倍,霜冻时：触发冻结时，加速一件物品1秒,霜冻时：触发冻结时，获得护盾，等量于此物品伤害,霜冻时：触发冻结时，获得治疗，等量于此物品伤害量,霜冻时：触发冻结时，造成剧毒，等量于此物品伤害的10%,霜冻时：触发冻结时，造成灼烧，等量于此物品伤害的10%,此物品的伤害翻倍,己方食物+40%暴击率,己方食物所受冻结和减速持续时间减半,此物品的伤害翻倍
62595dd0-5df0-4f2a-92bb-2be97f10d3fd,Brick Buddy,砖友,Item / 物品,Medium / 中型,Bronze / 青铜,Bronze/Silver/Gold/Diamond,Dooley / 杜利,Vehicle / 载具 | Friend / 伙伴,Shield / 护盾,6.0,6,0,,0,,20,20,0,,0,,1,1,0,,0,,0,,0,,0,0,0,0,"[主动] 获得20护盾
[被动] 当你使用其他伙伴时，此物品获得10/20/30/40",null,此物品的价值翻倍,减速2件物品1秒,冻结一件物品1秒,加速2件物品1秒,此物品的护盾翻倍,获得治疗，等量于此物品护盾值,造成剧毒，等量于此物品护盾值的10%,造成灼烧，等量于此物品护盾值的10%,此物品+1多重释放,此物品+50%暴击率,此物品免疫冻结、减速和摧毁,造成伤害，等量于此物品护盾
6260416a-6433-456a-9c5c-14a18d82f940,Scorchpepper,火焰辣椒,Item / 物品,Small / 小型,Bronze / 青铜,Bronze/Silver/Gold/Diamond,Jules / 朱尔斯,Food / 食物,Burn / 灼烧,5.0,5,0,,0,,0,,0,,0,,1,1,2,2/4/6/8,0,,0,,0,,0,0,0,0,"[主动] 造成2/4/6/8灼烧
[被动] 左侧相邻的物品获得高温效果",null,此物品的价值翻倍,减速一件物品2秒,冻结一件物品0.5秒,加速一件物品2秒,获得护盾，等量于此物品灼烧的5倍,获得治疗，等量于此物品灼烧的5倍,造成剧毒，等量于此物品灼烧,此物品的灼烧翻倍,此物品+1多重释放,此物品+50%暴击率,此物品免疫冻结、减速和摧毁,造成伤害，等量于此物品灼烧的5倍
627ce721-2f70-454d-9aa2-5895ece3e6ee,Dam,大坝,Item / 物品,Large / 大型,Gold / 黄金,Gold/Diamond,Vanessa / 瓦内莎,Aquatic / 水系 | Property / 地产,,25.0,25,0,,0,,0,,0,,0,,1,1,0,,0,,0,,0,,0,0,0,0,"[主动] 摧毁此物品和所有更小的物品
[被动] 当你使用另一件水系物品时，充能此物品1/2秒",null,此物品的价值翻倍,减速敌人所有物品3秒,冻结所有敌方物品1秒,加速己方物品3秒,使用水系物品时，获得30护盾,使用水系物品时，获得30治疗,使用水系物品时，造成3剧毒,使用水系物品时，造成3灼烧,此物品的充能量翻倍,己方水系物品+50%暴击率,此物品免疫冻结、减速和摧毁,使用水系物品时，造成30伤害
628cd703-f0c6-4c76-b5bd-72c8aebf5314,Bellelista,贝拉机弩,Item / 物品,Medium / 中型,Gold / 黄金,Gold/Diamond,Dooley / 杜利,Friend / 伙伴 | Weapon / 武器,Damage / 伤害 | HasteRef / 加速引用,8.0,8,40,40,0,,0,,0,,0,,1,1,0,,0,,0,,0,,0,0,0,0,"[主动] 造成40伤害
[被动] 触发加速时，此物品+30/60伤害
[被动] 加速此物品时，充能此物品2秒",null,此物品的价值翻倍,减速2件物品1秒,冻结一件物品1秒,加速2件物品1秒,获得护盾，等量于此物品伤害量,获得治疗，等量于此物品伤害,造成剧毒，等量于此物品伤害的10%,造成灼烧，等量于此物品伤害的10%,此物品+1多重释放,此物品+50%暴击率,此物品免疫冻结、减速和摧毁,此物品的伤害翻倍
62b2855d-cd2d-46cb-963b-0c191f8b7a10,Excellent Vintage,陈年佳酿,Item / 物品,Medium / 中型,Bronze / 青铜,Bronze/Silver/Gold/Diamond,Jules / 朱尔斯,Food / 食物,Shield / 护盾 | Slow / 减速 | ChilledReference,7.0,7,0,,0,,30,30/60/120/240,0,,0,,1,1,0,,0,,0,,0,,0,0,0,0,"[主动] 获得30/60/120/240护盾
[主动] 减速2件物品2秒
[被动] 霜冻时：此物品+1多重释放",null,此物品的价值翻倍,此物品的减速持续时间翻倍,冻结一件物品1秒,加速2件物品1秒,此物品的护盾翻倍,获得治疗，等量于此物品护盾值,造成剧毒，等量于此物品护盾值的10%,造成灼烧，等量于此物品护盾值的10%,此物品+1多重释放,此物品+50%暴击率,此物品免疫冻结、减速和摧毁,造成伤害，等量于此物品护盾
62b6d48b-90e5-41a8-8fa1-aa6ba11a7303,Freefall Simulator,自由落体模拟器,Item / 物品,Medium / 中型,Bronze / 青铜,Bronze/Silver/Gold/Diamond,Stelle / 斯黛尔,Tech / 科技,Flying / 飞行,5.0,5/4/3/2,0,,0,,0,,0,,0,,1,1,0,,0,,0,,0,,0,0,0,0,[主动] 相邻物品开始或停止飞行,null,此物品的价值翻倍,减速一件物品1秒,冻结一件物品0.5秒,加速一件物品1秒,获得25护盾,治疗25生命值,造成2剧毒,造成2灼烧,此物品+1多重释放,相邻物品+40%暴击率,此物品免疫冻结、减速和摧毁,造成25伤害
63356fed-efeb-461b-a57d-e9d61c821bc8,Butter,黄油,Item / 物品,Small / 小型,Bronze / 青铜,Bronze/Silver/Gold/Diamond,Jules / 朱尔斯,Food / 食物,Haste / 加速,8.0,8/7/6/5,0,,0,,0,,0,,0,,1,1,0,,0,,0,,0,,0,0,0,0,"[主动] 加速一件物品1秒
[被动] 每相邻一件工具或食物，此物品+1多重释放。",null,此物品的价值翻倍,减速一件物品1秒,冻结一件物品0.5秒,此物品的加速持续时间翻倍,获得20护盾,治疗20生命值,造成2剧毒,造成2灼烧,此物品+1多重释放,相邻工具和食物+30%暴击率。,此物品免疫冻结、减速和摧毁,造成20伤害
638a6b50-7803-4da5-9514-ca0627fd7b5f,Gland,腺体,Item / 物品,Small / 小型,Bronze / 青铜,Bronze/Silver/Gold/Diamond,Common / 通用,Loot / 战利品,RegenRef / 再生引用,0.0,,0,,0,,0,,0,,0,,0,,0,,0,,0,,0,,0,0,0,0,[被动] 出售此物品时，生命再生量提高2/4/8/16。,null,此物品的价值翻倍,出售此物品时，己方最左侧的减速物品获得200减速持续时间,出售此物品时，己方最左侧的冻结物品获得100冻结持续时间,出售此物品时，己方最左侧的加速物品获得200加速持续时间,出售此物品时，最左侧的护盾物品+10,出售此物品时，最左侧的治疗物品+10,出售此物品时，己方最左侧的剧毒物品获得1,出售此物品时，己方最左侧的灼烧物品获得1,此物品的生命再生量获取值翻倍,出售此物品时，己方最左侧的物品获得2%暴击率,,出售此物品时，己方最左侧的武器获得10
6399efb4-f70d-4e17-977c-2f8e35a03087,Joystick,摇杆,Item / 物品,Small / 小型,Silver / 白银,Silver/Gold/Diamond,Stelle / 斯黛尔,Tool / 工具 | Tech / 科技,Charge / 充能,4.0,4,0,,0,,0,,0,,0,,1,1,0,,0,,0,,0,,0,0,0,0,[主动] 为相邻无人机充能1/2/3秒,null,此物品的价值翻倍,减速一件物品2秒,冻结一件物品0.5秒,加速一件物品2秒,获得30护盾,治疗30生命值,造成3剧毒,造成3灼烧,此物品+1多重释放,相邻物品+30%暴击率,此物品免疫冻结、减速和摧毁,造成30伤害
63ae7341-324b-4cb5-83ad-ee17719d4079,Cloud Wisp,云精灵,Item / 物品,Small / 小型,Bronze / 青铜,Bronze/Silver/Gold/Diamond,Mak / 马克,Reagent / 试剂,Haste / 加速,5.0,5,0,,0,,0,,0,,0,,1,1,0,,0,,0,,0,,0,0,0,0,"[主动] 加速左侧相邻物品1/2/3/4秒
[被动] 此物品转化时，为其赋予疾速附魔（如适用）",null,此物品的价值翻倍,减速一件物品2秒,冻结一件物品0.5秒,此物品的加速持续时间翻倍,获得40护盾,治疗40生命值,造成4剧毒,造成4灼烧,此物品+1多重释放,此物品左侧相邻的物品+30%暴击率,此物品免疫冻结、减速和摧毁,造成40伤害
63b38093-eb8a-4870-b888-de4012b34cdd,Space Suit,太空服,Item / 物品,Medium / 中型,Silver / 白银,Silver/Gold/Diamond,Common / 通用,Tech / 科技 | Apparel / 服饰,Shield / 护盾,4.0,4,0,,0,,0,0,0,,0,,1,1,0,,0,,0,,0,,0,0,0,0,[主动] 你拥有的每件其他英雄的物品使你获得50/75/100护盾,null,此物品的价值翻倍,减速2件物品1秒,冻结一件物品1秒,加速2件物品1秒,此物品的护盾翻倍,获得治疗，等量于此物品护盾值,造成剧毒，等量于此物品护盾值的10%,造成灼烧，等量于此物品护盾值的10%,此物品+1多重释放,此物品+50%暴击率,此物品免疫冻结、减速和摧毁,造成伤害，等量于此物品护盾
63e5a09e-ad7c-44ee-ba7d-d1b515ae8e9e,Fishing Net,渔网,Item / 物品,Medium / 中型,Bronze / 青铜,Bronze/Silver/Gold/Diamond,Vanessa / 瓦内莎,Aquatic / 水系 | Tool / 工具,Slow / 减速 | EconomyRef / 经济引用,6.0,6,0,,0,,0,,0,,0,,1,1,0,,0,,0,,0,,0,0,0,0,"[主动] 减速1/2/3/4件物品2秒
[被动] 每天开始时，获得一件来自任意英雄的小型水系或战利品物品",null,……并为该物品赋予黄金附魔（如适用）,……并为该物品赋予沉重附魔（如适用）,……并为该物品赋予寒冰附魔（如适用）,……并为该物品赋予疾速附魔（如适用）,……并为该物品赋予护盾附魔（如适用）,……并为该物品赋予回复附魔（如适用）,……并为该物品赋予剧毒附魔（如适用）,……并为该物品赋予炽焰附魔（如适用）,……并为该物品赋予闪亮附魔（如适用）,……并为该物品赋予致命附魔（如适用）,……并为该物品赋予辉耀附魔（如适用）,……并为该物品赋予黑曜石附魔（如适用）
63f124c0-f94c-4850-8522-215d2e72a815,Power Drill,电钻,Item / 物品,Medium / 中型,Bronze / 青铜,Bronze/Silver/Gold/Diamond,Dooley / 杜利,Weapon / 武器 | Tool / 工具,SlowRef / 减速引用 | BurnRef / 灼烧引用 | FreezeRef / 冻结引用 | HasteRef / 加速引用 | PoisonRef / 剧毒引用 | Damage / 伤害,12.0,12/10/8/6,70,70,0,,0,,0,,0,,1,1,0,,0,,0,,0,,0,0,0,0,"[主动] 造成70伤害
[被动] 触发加速、减速、冻结、剧毒或灼烧时，充能此物品2秒",null,此物品的价值翻倍,减速一件物品2秒,冻结一件物品1秒,加速一件物品2秒,获得护盾，等量于此物品伤害量,获得治疗，等量于此物品伤害,造成剧毒，等量于此物品伤害的10%,造成灼烧，等量于此物品伤害的10%,此物品+1多重释放,此物品+50%暴击率,此物品免疫冻结、减速和摧毁,此物品的伤害翻倍
64303ae9-7517-4489-b3c6-dd8f1a5cda64,Resonance Crystal,共振水晶,Item / 物品,Small / 小型,Bronze / 青铜,Bronze/Silver/Gold/Diamond,Common / 通用,Loot / 战利品,Cooldown / 冷却,0.0,,0,,0,,0,,0,,0,,0,,0,,0,,0,,0,,0,0,0,0,[被动] 出售此物品时，升级件己方来自其他英雄的物品,null,出售此物品时，获得1金币,出售此物品时，己方最左侧的减速物品获得200减速持续时间,出售此物品时，己方最左侧的冻结物品获得100冻结持续时间,出售此物品时，己方最左侧的加速物品获得200加速持续时间,出售此物品时，最左侧的护盾物品+10,出售此物品时，最左侧的治疗物品+10,出售此物品时，己方最左侧的剧毒物品获得1,出售此物品时，己方最左侧的灼烧物品获得1,,出售此物品时，己方最左侧的物品获得2%暴击率,,出售此物品时，己方最左侧的武器获得10
64c62815-9c8a-40fa-a963-3fc09a46bbae,Matchbox,火柴盒,Item / 物品,Small / 小型,Bronze / 青铜,Bronze/Silver/Gold/Diamond,Pygmalien / 皮格马利翁,,Burn / 灼烧,5.0,5,0,,0,,0,,0,,0,,1,1,4,4/5/6/7,0,,0,,0,,0,0,0,0,"[主动] 造成4/5/6/7灼烧
[被动] 使用非武器物品时，充能此物品1秒。",null,此物品的价值翻倍,减速一件物品1秒,冻结一件物品0.5秒,加速一件物品1秒,获得护盾，等量于此物品灼烧的5倍,获得治疗，等量于此物品灼烧的5倍,造成剧毒，等量于此物品灼烧,此物品的灼烧翻倍,此物品+1多重释放,此物品+50%暴击率,此物品免疫冻结、减速和摧毁,造成伤害，等量于此物品灼烧的5倍
64e3569f-e023-49a5-ab75-f9613c338d53,Oinkment,猪疗膏,Item / 物品,Small / 小型,Silver / 白银,Silver/Gold/Diamond,Pygmalien / 皮格马利翁,,Heal / 治疗 | EconomyRef / 经济引用,6.0,6/5/4,0,,0,0,0,,0,,0,,1,1,0,,0,,0,,0,,0,0,0,0,[主动] 获得治疗，等量于本次旅途中你获得的金币,null,此物品治疗量为本次冒险中你获得金币数量的两倍,减速一件物品3秒,冻结一件物品0.5秒,加速一件物品3秒,获得护盾，等量于此物品治疗量,此物品的治疗翻倍,造成剧毒，等量于此物品治疗量的10%,造成灼烧，等量于此物品治疗量的10%,此物品+1多重释放,此物品+50%暴击率,此物品免疫冻结、减速和摧毁,造成伤害，等量于此物品治疗量
6508a7c7-c5f1-445a-a822-da9c2ed10455,Riceballer,饭团机,Item / 物品,Medium / 中型,Silver / 白银,Silver/Gold/Diamond,Pygmalien / 皮格马利翁,Tool / 工具,Burn / 灼烧 | EconomyRef / 经济引用 | Value / 价值,7.0,7,0,,0,,0,,0,,0,,1,1,8,8/16/24,0,,0,,0,,0,0,0,0,"[主动] 造成8/16/24灼烧
[被动] 己方每拥有一件价值超过10的物品，此物品+1多重释放",null,,减速一件物品1秒,冻结一件物品0.5秒,加速一件物品1秒,获得护盾，等量于此物品灼烧的5倍,获得治疗，等量于此物品灼烧的5倍,造成剧毒，等量于此物品灼烧,此物品的灼烧翻倍,此物品+1多重释放,此物品+50%暴击率,此物品免疫冻结、减速和摧毁,造成伤害，等量于此物品灼烧的5倍
6546e26d-d3a2-4b57-96ca-357f4be5c375,Cold Room,冷冻间,Item / 物品,Medium / 中型,Silver / 白银,Silver/Gold/Diamond,Pygmalien / 皮格马利翁,Property / 地产,Freeze / 冻结 | Regen / 再生 | Charge / 充能,7.0,7/6/5,0,,0,,0,,0,,0,,1,1,0,,0,,2,2/4/6,0,,0,0,0,0,"[主动] 冻结2件物品1秒
[被动] 触发冻结时，生命再生量提高2/4/6
[被动] 当你使用相邻的地产或工具时，充能此物品1秒",null,此物品的价值翻倍,触发冻结时，减速一件物品1秒,此物品的冻结持续时间翻倍,触发冻结时，加速一件物品1秒,触发冻结时，获得护盾，等量于此物品生命再生的5倍,触发冻结时，获得治疗，等量于此物品生命再生量的5倍,触发冻结时，造成剧毒，等量于此物品的生命再生量,触发冻结时，造成灼烧，等量于此物品的生命再生量,此物品+1多重释放,触发冻结时，己方物品+10%暴击率,此物品免疫冻结、减速和摧毁,触发冻结时，造成伤害，等量于此物品生命再生的5倍
65527be1-b100-4a4c-98d1-4f8975368b5b,Pistol Sword,刺刀手枪,Item / 物品,Medium / 中型,Gold / 黄金,Gold/Diamond,Vanessa / 瓦内莎,Weapon / 武器,Damage / 伤害 | Ammo / 弹药,5.0,5,15,15/30,0,,0,,3,3,0,,1,1,0,,0,,0,,0,,0,0,0,0,"[主动] 造成15/30伤害
[主动] 弹药: 3
[被动] 当你使用弹药物品时，造成15/30伤害",null,此物品的价值翻倍,当你使用弹药物品时，减速一件物品1秒,使用弹药物品时，冻结一件物品0.5秒,使用弹药物品时，加速一件物品1秒,使用弹药物品时，获得护盾，等量于此物品伤害。,使用弹药物品时，获得治疗，等量于此物品伤害量,使用弹药物品时，造成剧毒，等量于此物品伤害的10%,使用弹药物品时，造成灼烧，等量于此物品伤害的10%,此物品的伤害翻倍,当你使用弹药物品时，己方物品+5%暴击率,此物品免疫冻结、减速和摧毁,此物品的伤害翻倍
66132d49-d270-49b9-899f-f5be8017b989,Box Cutter,裁纸刀,Item / 物品,Small / 小型,Bronze / 青铜,Bronze/Silver/Gold/Diamond,Stelle / 斯黛尔,Weapon / 武器 | Tool / 工具,Damage / 伤害,3.0,3,10,10/20/40/80,0,,0,,0,,0,,1,1,0,,0,,0,,0,,0,0,0,0,"[主动] 造成10/20/40/80伤害
[主动] 此物品失去1伤害",null,此物品的价值翻倍,减速一件物品2秒,冻结一件物品0.5秒,加速一件物品2秒,获得护盾，等量于此物品伤害量,获得治疗，等量于此物品伤害,造成剧毒，等量于此物品伤害的10%,造成灼烧，等量于此物品伤害的10%,此物品+1多重释放,此物品+50%暴击率,此物品免疫冻结、减速和摧毁,此物品的伤害翻倍
666f4084-48cc-4558-b678-a46ba18c1bf2,Soldering Gun,焊接枪,Item / 物品,Small / 小型,Bronze / 青铜,Bronze/Silver/Gold/Diamond,Dooley / 杜利,Tool / 工具,Burn / 灼烧,6.0,6,0,,0,,0,,0,,0,,1,1,1,1/2/3/4,0,,0,,0,,0,0,0,0,"[主动] 造成1/2/3/4灼烧
[被动] 如果此物品与伙伴相邻，+1多重释放
[被动] 如果此物品与工具相邻，+1多重释放",null,,减速一件物品1秒,冻结一件物品0.5秒,加速一件物品1秒,获得护盾，等量于此物品灼烧的5倍,获得治疗，等量于此物品灼烧的5倍,造成剧毒，等量于此物品灼烧,此物品的灼烧翻倍,此物品+1多重释放,此物品+50%暴击率,此物品免疫冻结、减速和摧毁,造成伤害，等量于此物品灼烧的5倍
6676145e-d1e2-469a-b111-d5c4edfc0a30,Beehive,蜂巢,Item / 物品,Medium / 中型,Gold / 黄金,Gold/Diamond,Pygmalien / 皮格马利翁,Property / 地产,DamageRef / 伤害引用 | Charge / 充能,0.0,,0,,0,,0,,0,,0,,0,,0,,0,,0,,0,,0,0,0,0,"[被动] 当敌人使用武器时，充能己方无人机（雄蜂）2秒
[被动] 当你购买此物品时和每天开始时，获得一个忙碌蜜蜂
[被动] 购买地产时，己方小型无人机（雄蜂）永久获得20/30",null,此物品的价值翻倍,使用无人机时，减速一件物品1秒,使用无人机时，冻结一件物品0.5秒,使用无人机时，加速一件物品1秒,当己方无人机（雄蜂）造成伤害时，获得护盾，等量于其伤害,当己方无人机（雄蜂）造成伤害时，获得治疗，等量于其伤害,当己方无人机（雄蜂）造成伤害时，造成剧毒，等量于其伤害的10%,当己方无人机（雄蜂）造成伤害时，造成灼烧，等量于其伤害的10%,己方忙碌蜜蜂+1多重释放,己方忙碌蜜蜂+50%暴击率,相邻忙碌蜜蜂受冻结和减速影响的时间减半,己方忙碌蜜蜂伤害翻倍
6693a3f1-cc7c-4a3a-942f-d2e308b22338,Sulphur,硫磺,Item / 物品,Small / 小型,Bronze / 青铜,Bronze/Silver/Gold/Diamond,Mak / 马克,Reagent / 试剂,Burn / 灼烧,6.0,6,0,,0,,0,,0,,0,,1,1,2,2/3/4/5,0,,0,,0,,0,0,0,0,"[主动] 造成2/3/4/5灼烧
[被动] 此物品转化时，为其赋予炽焰附魔（如适用）",null,此物品的价值翻倍,减速一件物品3秒,冻结一件物品0.5秒,加速一件物品3秒,获得护盾，等量于此物品灼烧的5倍,获得治疗，等量于此物品灼烧的5倍,造成剧毒，等量于此物品灼烧,此物品的灼烧翻倍,此物品+1多重释放,此物品+50%暴击率,此物品免疫冻结、减速和摧毁,造成伤害，等量于此物品灼烧的5倍
67bb5a74-fd52-4d74-8f15-982d6c4f48c5,Staff of the Wise,智者之杖,Item / 物品,Medium / 中型,Silver / 白银,Silver/Gold/Diamond,Mak / 马克,Weapon / 武器 | Relic / 遗物,Damage / 伤害,10.0,10,0,0,0,,0,,0,,0,,1,1,0,,0,,0,,0,,0,0,0,0,[主动] 每拥有一个技能，造成50/100/150伤害。,null,此物品的价值翻倍,减速2件物品4秒,冻结2件物品1秒,加速2件物品4秒,获得护盾，等量于此物品伤害量,获得治疗，等量于此物品伤害,造成剧毒，等量于此物品伤害的10%,造成灼烧，等量于此物品伤害的10%,此物品+1多重释放,此物品+50%暴击率,此物品免疫冻结、减速和摧毁,此物品的伤害翻倍
6870c295-6a4d-4175-b378-c961df9933de,Captain's Wheel,船舵,Item / 物品,Medium / 中型,Silver / 白银,Silver/Gold/Diamond,Vanessa / 瓦内莎,Aquatic / 水系 | Tool / 工具,Haste / 加速,5.0,5,0,,0,,0,,0,,0,,1,1,0,,0,,0,,0,,0,0,0,0,"[主动] 加速相邻物品1/2/3秒
[被动] 如果己方拥有载具或大型物品，此物品的冷却时间减半",null,此物品的价值翻倍,使用相邻物品时，减速一件物品1秒,使用相邻物品时，冻结一件物品0.5秒,此物品的加速持续时间翻倍,当你使用相邻物品时，获得20护盾,当你使用相邻物品时，治疗20,当你使用相邻物品时，剧毒2,当你使用相邻物品时，灼烧2,此物品+1多重释放,相邻物品+50%暴击率,此物品免疫冻结、减速和摧毁,当你使用相邻物品时，造成20伤害
68fac67c-8319-40be-a86b-8c2cda5559e5,Runic Daggers,符文匕首,Item / 物品,Medium / 中型,Silver / 白银,Silver/Gold/Diamond,Mak / 马克,Weapon / 武器 | Relic / 遗物,Damage / 伤害 | CritReference,6.0,6/5/4,10,10,0,,0,,0,,0,,2,2,0,,0,,0,,100,100,0,0,0,0,"[主动] 造成10伤害
[被动] 当另一件物品暴击时，充能此物品1秒",null,此物品的价值翻倍,减速一件物品1秒,冻结一件物品0.5秒,加速一件物品1秒,获得护盾，等量于此物品伤害量,获得治疗，等量于此物品伤害,造成剧毒，等量于此物品伤害的10%,造成灼烧，等量于此物品伤害的10%,此物品+1多重释放,此物品+50%暴击率,此物品免疫冻结、减速和摧毁,此物品的伤害翻倍
694a08fe-e8ff-4a45-9693-4c68f11a1f8b,Catalyst,催化剂,Item / 物品,Small / 小型,Bronze / 青铜,Bronze/Silver/Gold/Diamond,Mak / 马克,Loot / 战利品,,0.0,,0,,0,,0,,0,,0,,0,,0,,0,,0,,0,,0,0,0,0,[被动] 出售此物品时，转化你最左侧的物品,null,,,,,,,,,,,,
6965d291-610d-46b7-a10d-83578b0e1981,Dog,狗,Item / 物品,Medium / 中型,Bronze / 青铜,Bronze/Silver/Gold/Diamond,Pygmalien / 皮格马利翁,Weapon / 武器 | Friend / 伙伴,Damage / 伤害 | Quest,9.0,9/8/7/6,100,100,0,,0,,0,,0,,0,,0,,0,,0,,0,,0,0,0,0,[主动] 造成100伤害,"目标: 出售15个食物或玩具 | 奖励: 此物品+200伤害
目标: 出售30个食物或玩具 | 奖励: 此物品的冷却时间缩短秒
目标: 出售45个食物或玩具 | 奖励: 此物品+1多重释放",己方小型物品+1价值,减速一件物品1秒,冻结一件物品0.5秒,加速一件物品1秒,获得护盾，等量于此物品伤害量,获得治疗，等量于此物品伤害,造成剧毒，等量于此物品伤害的10%,造成灼烧，等量于此物品伤害的10%,此物品+1多重释放,此物品+50%暴击率,此物品免疫冻结、减速和摧毁,此物品的伤害翻倍
69688b74-fd2b-42a2-a018-2b720a13f95a,Swash Buckle,逞威风腰带扣,Item / 物品,Medium / 中型,Gold / 黄金,Gold/Diamond,Vanessa / 瓦内莎,Apparel / 服饰,Crit / 暴击 | DamageRef / 伤害引用 | HealRef / 治疗引用 | ShieldRef / 护盾引用,0.0,,0,,0,,0,,0,,0,,0,,0,,0,,0,,0,,0,0,0,0,"[被动] 相邻物品+20/40%暴击率
[被动] 相邻物品+伤害、治疗或护盾，增幅等于各自的暴击率",null,此物品的价值翻倍,相邻物品暴击时，减速2件物品1秒,相邻物品暴击时，冻结2件物品0.5秒,相邻物品暴击时，加速2件物品1秒,使用相邻物品造成暴击时，获得40护盾,使用相邻物品造成暴击时，获得40治疗。,使用相邻物品造成暴击时，造成4剧毒。,使用相邻物品造成暴击时，造成4灼烧。,此物品的暴击率加成翻倍,此物品的暴击率加成翻倍,相邻物品受冻结和减速影响的时间减半,当相邻物品暴击时，造成40伤害
6aa8be90-55f4-4fec-bd92-811e175657a1,Keychain,钥匙串,Item / 物品,Small / 小型,Gold / 黄金,Gold/Diamond,Pygmalien / 皮格马利翁,,,8.0,8/7,0,,0,,0,,0,,0,,1,1,0,,0,,0,,0,,0,0,0,0,[主动] 使用另一处地产,null,此物品的价值翻倍,使用一件减速物品,使用一件冻结物品,使用一件加速物品,使用一件护盾物品,使用一件治疗物品,使用一件剧毒物品,使用一件灼烧物品,此物品+1多重释放,己方地产+30%暴击率,此物品免疫冻结、减速和摧毁,使用一件武器
6ab1ee94-ce35-46be-9e38-6e1da374de3e,Stealth Glider,潜行滑翔机,Item / 物品,Large / 大型,Silver / 白银,Silver/Gold/Diamond,Vanessa / 瓦内莎,Vehicle / 载具 | Tech / 科技,Flying / 飞行,4.0,4/3/2,0,,0,,0,,0,,0,,0,,0,,0,,0,,0,,0,0,0,0,"[主动] 一件物品开始飞行
[被动] 你每拥有一件非滑翔机的飞行物品，你受到的伤害便降低10%[%]",null,此物品的价值翻倍,减速2件物品1秒,冻结一件物品1秒,加速2件物品1秒,获得80护盾,治疗80生命值,造成8剧毒,造成8灼烧,此物品+1多重释放,己方飞行物品+40%暴击率,此物品免疫冻结、减速和摧毁,造成80伤害
6ada601b-88a5-4eaf-8813-805bd51c7f9b,Regal Blade,帝王之刃,Item / 物品,Medium / 中型,Bronze / 青铜,Bronze/Silver/Gold/Diamond,Pygmalien / 皮格马利翁,Weapon / 武器,Damage / 伤害 | Quest,9.0,9/8/7/6,50,50/100/150/200,0,,0,,0,,0,,1,1,0,,0,,0,,0,,0,0,0,0,[主动] 造成50/100/150/200伤害,"目标: 购买8件武器 | 奖励: 此物品+150。
目标: 购买6件服饰 | 奖励: 此物品 + 伤害，增幅等于最大生命值的10%
目标: 购买5件地产 | 奖励: 此物品和相邻物品+20%暴击率。",己方物品+1价值,减速2件物品2秒,冻结一件物品1秒,加速2件物品2秒,获得护盾，等量于此物品伤害量,获得治疗，等量于此物品伤害,造成剧毒，等量于此物品伤害的10%,造成灼烧，等量于此物品伤害的10%,此物品+1多重释放,此物品+50%暴击率,此物品免疫冻结、减速和摧毁,此物品的伤害翻倍
6b02f653-a294-443e-8b85-2be47b6a1c12,Venomander,毒蜥,Item / 物品,Small / 小型,Bronze / 青铜,Bronze/Silver/Gold/Diamond,Mak / 马克,Friend / 伙伴,Poison / 剧毒 | Regen / 再生,4.0,4,0,,0,,0,,0,,0,,1,1,0,,3,3/5/7/9,1,1/2/3/4,0,,0,0,0,0,"[主动] 造成3/5/7/9剧毒
[主动] 生命再生量提高1/2/3/4",null,此物品的价值翻倍,减速一件物品3秒,冻结一件物品0.5秒,加速一件物品3秒,获得护盾，等量于此物品剧毒的5倍,获得治疗，等量于此物品剧毒的5倍,此物品的剧毒翻倍,造成灼烧，等量于此物品的剧毒,此物品+1多重释放,此物品+50%暴击率,此物品免疫冻结、减速和摧毁,造成伤害，等量于此物品剧毒的5倍
6b49b81d-aac0-4fb6-95f4-5bfc32a19dd3,Show Globe,展示玻璃球,Item / 物品,Medium / 中型,Bronze / 青铜,Bronze/Silver/Gold/Diamond,Mak / 马克,,Regen / 再生 | PotionRef / 药水引用 | Burn / 灼烧,7.0,7,0,,0,,0,,0,,0,,1,1,2,2,0,,2,2,0,,0,0,0,0,"[主动] 造成2灼烧
[主动] 生命再生量提高2
[被动] 使用药水时，此物品获得2/4/8/12和2/4/8/12。",null,此物品的价值翻倍,减速2件物品2秒,冻结一件小型物品1秒,加速2件物品2秒,获得护盾，等量于此物品灼烧的5倍,获得治疗，等量于此物品灼烧的5倍,造成剧毒，等量于此物品灼烧,此物品的灼烧翻倍,此物品+1多重释放,此物品+50%暴击率,相邻物品受冻结和减速影响的时间减半,造成伤害，等量于此物品灼烧的5倍
6b5b3ef1-d312-4cfc-8e44-a032a231e15a,Pontoon Skimmer,浮筒滑翔艇,Item / 物品,Large / 大型,Silver / 白银,Silver/Gold/Diamond,Pygmalien / 皮格马利翁,Vehicle / 载具 | Aquatic / 水系,Flying / 飞行 | FlyingRef / 飞行引用 | Shield / 护盾 | Charge / 充能,4.0,4,0,,0,,25,25/50/100,0,,0,,1,1,0,,0,,0,,0,,0,0,0,0,"[主动] 此物品和另一件物品开始飞行
[被动] 当你使用另一件飞行物品时，此物品和该物品停止飞行
[被动] 当有物品开始飞行时，获得25/50/100护盾，并充能该物品1秒",null,此物品的价值翻倍,当己方物品开始飞行时，减速一件物品1秒,当己方物品开始飞行时，冻结一件物品0.5秒,己方物品开始飞行时，加速一件物品{ability.e1}秒,此物品的护盾翻倍,己方物品开始飞行时，获得治疗，等量于此物品护盾,己方物品开始飞行时，造成剧毒，等量于此物品护盾值的10%,己方物品开始飞行时，造成灼烧，等量于此物品护盾值的10%,此物品+1多重释放,己方物品+40%暴击率,此物品免疫冻结、减速和摧毁,己方物品开始飞行时，造成伤害，等量于此物品护盾
6b8ca1d0-f4ff-440d-8a9e-51efc4d7ce01,Harmadillo,铁甲犰狳,Item / 物品,Medium / 中型,Bronze / 青铜,Bronze/Silver/Gold/Diamond,Dooley / 杜利,Friend / 伙伴 | Weapon / 武器,ShieldRef / 护盾引用 | Damage / 伤害,9.0,9/8/7/6,50,50/100/150/200,0,,0,,0,,0,,1,1,0,,0,,0,,0,,0,0,0,0,"[主动] 造成50/100/150/200伤害
[被动] 获得护盾时，充能此物品2秒",null,此物品的价值翻倍,减速一件物品1秒,冻结一件物品0.5秒,加速一件物品1秒,获得护盾，等量于此物品伤害量,获得治疗，等量于此物品伤害,造成剧毒，等量于此物品伤害的10%,造成灼烧，等量于此物品伤害的10%,此物品+1多重释放,此物品+50%暴击率,此物品免疫冻结、减速和摧毁,此物品的伤害翻倍
6ba3778c-e760-44f3-b3b4-a4b4ca267cc2,Scrap,废料,Item / 物品,Small / 小型,Bronze / 青铜,Bronze/Silver/Gold/Diamond,Common / 通用,Loot / 战利品,ShieldRef / 护盾引用,0.0,,0,,0,,0,,0,,0,,0,,0,,0,,0,,0,,0,0,0,0,[被动] 出售此物品时，己方最左侧的护盾物品永久获得4/8/16/32,null,此物品的价值翻倍,出售此物品时，己方最左侧的减速物品获得200减速持续时间,出售此物品时，己方最左侧的冻结物品获得100冻结持续时间,出售此物品时，己方最左侧的加速物品获得200加速持续时间,此物品的护盾加成翻倍,出售此物品时，最左侧的治疗物品+10,出售此物品时，己方最左侧的剧毒物品获得1,出售此物品时，己方最左侧的灼烧物品获得1,此物品的护盾获取值翻倍,出售此物品时，己方最左侧的物品获得2%暴击率,,出售此物品时，己方最左侧的武器获得10
6c0af8cf-273f-43c5-afb5-ef00c87ffcc8,Snowmobile,机动雪橇,Item / 物品,Medium / 中型,Silver / 白银,Silver/Gold/Diamond,Pygmalien / 皮格马利翁,Vehicle / 载具 | Weapon / 武器,Damage / 伤害 | FreezeRef / 冻结引用 | Charge / 充能,6.0,6,20,20,0,,0,,0,,0,,1,1,0,,0,,0,,0,,0,0,0,0,"[主动] 造成20伤害
[被动] 触发冻结时，充能此物品3秒，且此物品获得10/20/30",null,此物品的价值翻倍,减速一件物品1秒,冻结一件物品0.5秒,加速一件物品1秒,获得护盾，等量于此物品伤害量,获得治疗，等量于此物品伤害,造成剧毒，等量于此物品伤害的10%,造成灼烧，等量于此物品伤害的10%,此物品+1多重释放,此物品+50%暴击率,此物品免疫冻结、减速和摧毁,此物品的伤害翻倍
6c57f013-ab01-4bad-a801-3818b6ecbedc,Laurel's Favorite,劳雷尔的最爱,Item / 物品,Medium / 中型,Silver / 白银,Silver/Gold/Diamond,Jules / 朱尔斯,Food / 食物 | Friend / 伙伴,Shield / 护盾 | Burn / 灼烧 | HeatedReference,4.0,4,0,,0,,25,25/50/75,0,,0,,1,1,8,8/16/24,0,,0,,0,,0,0,0,0,"[主动] 获得25/50/75护盾
[主动] 高温时：造成8/16/24灼烧
[被动] 如果此物品是己方唯一的食物，其护盾和灼烧翻倍
[被动] 当你使用相邻食物时，充能此物品1秒",null,此物品的价值翻倍,减速一件物品1秒,冻结一件物品0.5秒,加速一件物品1秒,此物品的护盾翻倍,获得治疗，等量于此物品护盾值,造成剧毒，等量于此物品灼烧,此物品的灼烧翻倍,此物品+1多重释放,此物品+50%暴击率,此物品免疫冻结、减速和摧毁,造成伤害，等量于此物品护盾
6c77228f-9a62-4274-a4a5-cee77f88f6ec,Stained Glass Window,彩绘玻璃窗,Item / 物品,Medium / 中型,Gold / 黄金,Gold/Diamond,Pygmalien / 皮格马利翁,Property / 地产,Value / 价值 | Cooldown / 冷却,0.0,,0,,0,,0,,0,,0,,0,,0,,0,,0,,0,,0,0,0,0,"[被动] 当你携带此物品赢得一场战斗时，己方地产永久获得5/10价值（含储存箱）
[被动] 当你携带此物品输掉战斗时，将其永久摧毁
[被动] 如果己方拥有5件或更少物品，其冷却时间缩短5/10%",null,此物品的价值加成翻倍,,,,,,,,此物品的价值加成和冷却时间缩短效果翻倍,,相邻地产受冻结和减速的持续时间减半,
6c80dddf-31ea-4e2a-8d7a-78c5cf672597,Worry Wart,忧虑疣蛙,Item / 物品,Medium / 中型,Bronze / 青铜,Bronze/Silver/Gold/Diamond,Karnok,Friend / 伙伴,Poison / 剧毒 | Slow / 减速 | Charge / 充能,7.0,7/6/5/4,0,,0,,0,,0,,0,,1,1,0,,2,2,0,,0,,0,0,0,0,"[主动] 造成2剧毒
[主动] 减速相邻物品1秒
[被动] 对手使用物品时，充能此物品1秒",null,此物品的价值翻倍,此物品造成的减速持续时间减半,冻结一件物品0.5秒,加速一件物品1秒,获得护盾，等量于此物品剧毒的5倍,获得治疗，等量于此物品剧毒的5倍,此物品的剧毒翻倍,造成灼烧，等量于此物品的剧毒,此物品+1多重释放,此物品+50%暴击率,此物品免疫冻结、减速和摧毁,造成伤害，等量于此物品剧毒的5倍
6cbeb04c-2806-42e5-942a-f79530063dbd,Cyclops Eye,,Item / 物品,Medium / 中型,Bronze / 青铜,Bronze/Silver/Gold/Diamond,Common / 通用,,Cooldown / 冷却,6.0,6,0,,0,,0,,0,,0,,1,1,0,,0,,0,,0,,0,0,0,0,[主动] None,null,,,,,,,,,,,,
6cf87784-bca9-4735-a431-15bc88c97f78,Compass,,Item / 物品,Small / 小型,Bronze / 青铜,Bronze/Silver/Gold/Diamond,Stelle / 斯黛尔,Tool / 工具,EconomyRef / 经济引用 | Value / 价值,0.0,,0,,0,,0,,0,,0,,0,,0,,0,,0,,0,,0,0,0,0,"[被动] When you visit a non-Merchant encounter, this permanently gains 1 value
[被动] When you sell this at the start of Hours 1 to 5, reroll 1/2/3/4 new Encounter(s)",null,出售此物品时，获得1金币,出售此物品时，己方最左侧的减速物品获得200减速持续时间,出售此物品时，己方最左侧的冻结物品获得100冻结持续时间,出售此物品时，己方最左侧的加速物品获得200加速持续时间,出售此物品时，最左侧的护盾物品+10,出售此物品时，最左侧的治疗物品+10,出售此物品时，己方最左侧的剧毒物品获得1,出售此物品时，己方最左侧的灼烧物品获得1,此物品的伤害加成翻倍,出售此物品时，己方最左侧的物品获得2%暴击率,,出售此物品时，己方最左侧的武器获得20
6d529d36-e679-4124-8a96-d0b74dc767ee,Open Sign,“营业中”标牌,Item / 物品,Medium / 中型,Gold / 黄金,Gold/Diamond,Pygmalien / 皮格马利翁,,EconomyRef / 经济引用 | Value / 价值,0.0,,0,,0,,0,,0,,0,,0,,0,,0,,0,,0,,0,0,0,0,[被动] 当你使用地产时，该地产价值提升此物品价值的2/3倍,null,此物品的价值翻倍,当你使用相邻地产时，减速一件物品1秒,当你使用相邻地产时，冻结一件物品0.5秒,当你使用相邻地产时，加速一件物品1秒,当你使用相邻地产时，获得20护盾,当你使用相邻地产时，获得20治疗,当你使用相邻地产时，造成2剧毒,当你使用相邻地产时，造成2灼烧,使该地产的价值额外提升100%,己方相邻地产+暴击率，增幅等于己方价值最高物品的价值,己方相邻地产受冻结和减速影响的时间减半,当你使用相邻地产时，造成20伤害
6d6199b4-82a4-441d-9329-f4164737ac6b,Red Gumball,红色口香糖球,Item / 物品,Small / 小型,Bronze / 青铜,Bronze/Silver/Gold/Diamond,Common / 通用,Food / 食物,DamageRef / 伤害引用,0.0,,0,,0,,0,,0,,0,,0,,0,,0,,0,,0,,0,0,0,0,[被动] 出售此物品时，己方物品永久获得1/2/3/4,null,,出售此物品时，己方最左侧的减速物品获得200减速持续时间,出售此物品时，己方最左侧的冻结物品获得100冻结持续时间,出售此物品时，己方最左侧的加速物品获得200加速持续时间,出售此物品时，最左侧的护盾物品+10,出售此物品时，最左侧的治疗物品+10,出售此物品时，己方最左侧的剧毒物品获得1,出售此物品时，己方最左侧的灼烧物品获得1,此物品的伤害加成翻倍,出售此物品时，己方最左侧的物品获得2%暴击率,,此物品的伤害加成翻倍
6e576444-85ce-4922-84e1-8ad88c5b83f1,Gatling Gun,加特林机枪,Item / 物品,Medium / 中型,Silver / 白银,Silver/Gold/Diamond,Stelle / 斯黛尔,Weapon / 武器,Damage / 伤害 | Crit / 暴击,6.0,6/5/4,25,25,0,,0,,0,,0,,2,2,0,,0,,0,,0,,0,0,0,0,"[主动] 造成25伤害
[主动] 此物品+5/10/15%暴击率
[被动] 首次使用此物品时，此物品的冷却时间减半",null,此物品的价值翻倍,减速一件物品1秒,冻结一件物品0.5秒,加速一件物品1秒,获得护盾，等量于此物品伤害量,获得治疗，等量于此物品伤害,造成剧毒，等量于此物品伤害的10%,造成灼烧，等量于此物品伤害的10%,此物品+1多重释放,此物品+50%暴击率,此物品免疫冻结、减速和摧毁,此物品的伤害翻倍
6e633f92-81a3-4157-912c-bcdb1b9e28f1,Hunter's Pack,猎人背包,Item / 物品,Medium / 中型,Silver / 白银,Silver/Gold/Diamond,Karnok,Apparel / 服饰,Health / 生命值 | Crit / 暴击,0.0,,0,,0,,0,,0,,0,,0,,0,,0,,0,,0,,0,0,0,0,"[被动] 此物品每有一种类型，你就+3/4/5%最大生命值 [%]
[被动] 此物品每有一种类型，己方物品就+2/3/4%暴击率 [%]
[被动] 此物品拥有你储存箱内物品的类型",null,此物品的价值翻倍,每场战斗中首次生命值降至一半以下时，减速4件物品4秒,每场战斗中首次生命值降至一半以下时，冻结2件敌方物品4秒,每场战斗中首次生命值降至一半以下时，加速4件物品4秒,每场战斗中首次生命值降至一半以下时，获得护盾，等量于你最大生命值的20%,每场战斗中首次生命值降至一半以下时，获得治疗，等量于你最大生命值的20%,每场战斗中首次生命值降至一半以下时，造成剧毒，等量于你最大生命值的5%,每场战斗中首次生命值降至一半以下时，造成灼烧，等量于你最大生命值的5%,此物品的最大生命值和暴击率加成翻倍,此物品的暴击率加成翻倍,相邻物品受冻结和减速影响的时间减半,每场战斗中首次生命值降至一半以下时，造成伤害，等量于你最大生命值的20%
6f70e0cf-8349-4f14-a121-6c9065dc514c,Shadowed Cloak,暗影斗篷,Item / 物品,Medium / 中型,Bronze / 青铜,Bronze/Silver/Gold/Diamond,Common / 通用,Apparel / 服饰,Haste / 加速 | DamageRef / 伤害引用,0.0,,0,,0,,0,,0,,0,,0,,0,,0,,0,,0,,0,0,0,0,[被动] 使用右侧相邻的物品时，使其加速1/2/3/4秒并获得3/5/7/9,null,此物品的价值翻倍,……并减速一件物品1秒,……并冻结一件物品0.5秒,此物品的加速持续时间翻倍,……并获得护盾，等量于该物品的伤害,……并获得治疗，等量于该物品的伤害,……并造成剧毒，等量于该物品伤害的10%,……并造成灼烧，等量于该物品伤害的10%,此物品的伤害加成翻倍,右侧相邻物品+40%暴击率,右侧相邻物品受到的冻结和减速效果持续时间减半,此物品的伤害加成翻倍
7033da61-20af-46ab-bd14-0bbe91ec6af5,C.O.R.A,C.O.R.A,Item / 物品,Large / 大型,Silver / 白银,Silver/Gold/Diamond,Dooley / 杜利,Core / 核心 | Tech / 科技 | Weapon / 武器,Poison / 剧毒 | Damage / 伤害,8.0,8/7/6,0,0,0,,0,,0,,0,,1,1,0,,3,3/6/9,0,,0,,0,0,0,0,"[主动] 造成伤害，等量于敌人剧毒的3/4/5倍
[被动] 当你使用右侧任意物品时，造成3/6/9剧毒
[被动] 当你使用左侧的任意物品时，充能此物品1秒",null,此物品的价值翻倍,减速2件物品1秒,冻结1件物品1秒,加速2件物品1秒,获得护盾，等量于此物品伤害量,获得治疗，等量于此物品伤害,此物品的剧毒翻倍,造成灼烧，等量于此物品伤害的10%,此物品+1多重释放,此物品+50%暴击率,此物品免疫冻结、减速和摧毁,此物品的伤害翻倍
71231a4d-4ba5-48ee-8d6d-4a533d08bebf,Lens,透镜,Item / 物品,Small / 小型,Silver / 白银,Silver/Gold/Diamond,Dooley / 杜利,Tech / 科技,TechReference | HasteRef / 加速引用 | Charge / 充能,6.0,6,0,,0,,0,,0,,0,,1,1,0,,0,,0,,0,,0,0,0,0,"[主动] 充能右侧相邻的科技物品1/2/3秒
[被动] 加速此物品时，充能此物品1/2/3秒",null,此物品的价值翻倍,减速一件物品2秒,冻结一件物品0.5秒,加速一件物品2秒,获得30护盾,治疗30生命值,造成3剧毒,造成3灼烧,此物品+1多重释放,右侧相邻物品+10%暴击率,此物品免疫冻结、减速和摧毁,造成30伤害
7153afb9-c4c6-4449-8d70-d1b88fc86c1a,Money Furnace,烧钱炉,Item / 物品,Medium / 中型,Bronze / 青铜,Bronze/Silver/Gold/Diamond,Pygmalien / 皮格马利翁,Tool / 工具,Burn / 灼烧 | EconomyRef / 经济引用 | Value / 价值 | Quest,7.0,7,0,,0,,0,,0,,0,,1,1,0,0,0,,0,,0,,0,0,0,0,"[主动] 造成灼烧，等量于此物品价值
[被动] 出售零钱时，此物品永久获得+2/3/4/5价值
[被动] 零钱价值0","目标: 参加一场经济研讨会 | 奖励: 出售零钱时，获得1金币
目标: 拜访瓦尔帕克 | 奖励: 出售零钱时，获得1金币",此物品的价值翻倍,减速2件物品3秒,冻结2件物品1秒,加速2件物品3秒,获得护盾，等量于此物品价值的5倍,获得治疗，等量于此物品价值的5倍,造成剧毒，等量于此物品价值,此物品的灼烧翻倍,此物品+1多重释放,此物品+50%暴击率,此物品免疫冻结、减速和摧毁,造成伤害，等量于此物品价值的5倍
7206e518-ec85-4524-aa55-ce98fa2f3fad,Torch,火把,Item / 物品,Small / 小型,Bronze / 青铜,Bronze/Silver/Gold/Diamond,Karnok,Tool / 工具,Burn / 灼烧 | RageReference,5.0,5,0,,0,,0,,0,,0,,1,1,4,4/8/12/16,0,,0,,0,,0,0,0,0,"[主动] 造成4/8/12/16灼烧
[被动] 当你进入暴怒状态时，此物品的灼烧翻倍",null,此物品的价值翻倍,减速一件物品2秒,冻结一件物品0.5秒,加速一件物品2秒,获得护盾，等量于此物品灼烧的5倍,获得治疗，等量于此物品灼烧的5倍,造成剧毒，等量于此物品灼烧,此物品的灼烧翻倍,此物品+1多重释放,此物品+50%暴击率,此物品免疫冻结、减速和摧毁,造成伤害，等量于此物品灼烧的5倍
720765c7-c0c5-4059-b3b4-53758f61338f,Thurible,香炉,Item / 物品,Small / 小型,Bronze / 青铜,Bronze/Silver/Gold/Diamond,Mak / 马克,Tool / 工具 | Relic / 遗物,Regen / 再生 | Burn / 灼烧,4.0,4,0,,0,,0,,0,,0,,1,1,3,3/5/7/9,0,,1,1/2/3/4,0,,0,0,0,0,"[主动] 造成3/5/7/9灼烧
[主动] 生命再生量提高1/2/3/4",null,此物品的价值翻倍,减速一件物品3秒,冻结一件物品0.5秒,加速一件物品3秒,获得护盾，等量于此物品灼烧的5倍,获得治疗，等量于此物品灼烧的5倍,造成剧毒，等量于此物品灼烧,此物品的灼烧翻倍,此物品+1多重释放,此物品+50%暴击率,此物品免疫冻结、减速和摧毁,造成伤害，等量于此物品灼烧的5倍
723880db-8a97-4833-a9a1-80c75cde4c17,3D Printer,3D 打印机,Item / 物品,Large / 大型,Gold / 黄金,Gold/Diamond,Dooley / 杜利,Tool / 工具 | Tech / 科技,,5.0,5/4,0,,0,,0,,0,,0,,0,,0,,0,,0,,0,,0,0,0,0,[主动] 转化为左侧小型物品的3件副本,null,……并为转化后的物品赋予黄金附魔（如适用）,……并为转化后的物品赋予沉重附魔（如适用）,……并为转化后的物品赋予寒冰附魔（如适用）,……并为转化后的物品赋予疾速附魔（如适用）,……并为转化后的物品赋予护盾附魔（如适用）,……并为转化后的物品赋予回复附魔（如适用）,……并为转化后的物品赋予剧毒附魔（如适用）,……并为转化后的物品赋予炽焰附魔（如适用）,……并为转化后的物品赋予闪亮附魔（如适用）,……并为转化后的物品赋予致命附魔（如适用）,……并为转化后的物品赋予辉耀附魔（如适用）,……并为转化后的物品赋予黑曜石附魔（如适用）
7317d6a2-adea-442c-9e97-7f7bbf64ae99,Unibou,独角驯,Item / 物品,Medium / 中型,Bronze / 青铜,Bronze/Silver/Gold/Diamond,Karnok,Friend / 伙伴,Shield / 护盾 | Heal / 治疗 | RageReference,6.0,6,0,,0,0,25,25,0,,0,,1,1,0,,0,,0,,0,,0,0,0,0,"[主动] 获得25护盾
[被动] 当你进行治疗时，此物品获得5/10/15/20
[被动] 当你进入暴怒状态时，获得治疗，等量于此物品护盾",null,此物品的价值翻倍,减速2件物品2秒,冻结1件物品1秒,加速2件物品2秒,此物品的护盾翻倍,获得治疗，等量于此物品护盾值,造成剧毒，等量于此物品护盾值的10%,造成灼烧，等量于此物品护盾值的10%,此物品+1多重释放,此物品+50%暴击率,此物品免疫冻结、减速和摧毁,造成伤害，等量于此物品护盾
7326c177-d5c8-4e27-b8b4-acf565745019,Iceberg,冰山,Item / 物品,Large / 大型,Diamond / 钻石,Diamond,Vanessa / 瓦内莎,Aquatic / 水系 | Property / 地产,Freeze / 冻结,0.0,,0,,0,,0,,0,,0,,0,,0,,0,,0,,0,,0,0,0,0,[被动] 当敌人使用物品时，冻结该物品1秒,null,此物品的价值翻倍,敌人使用物品时，减速一件物品1秒,此物品的冻结持续时间翻倍,敌人使用物品时，加速一件物品1秒,敌人使用物品时，获得10护盾,敌人使用物品时，获得10治疗,敌人使用物品时，造成1剧毒,敌人使用物品时，造成1灼烧,此物品的冻结持续时间翻倍,敌方物品-50%暴击率,己方物品受冻结和减速影响的时间减半,敌人使用物品时，造成10伤害
738d25fa-2c44-4ba7-b186-689c8dda3b0b,Bar of Soap,肥皂块,Item / 物品,Small / 小型,Bronze / 青铜,Bronze/Silver/Gold/Diamond,Common / 通用,,Heal / 治疗 | Ammo / 弹药,2.0,2,0,,20,20/40/80/160,0,,6,6,0,,1,1,0,,0,,0,,0,,0,0,0,0,"[主动] 治疗20/40/80/160生命值
[主动] 弹药: 6",null,,减速1件物品1秒,冻结1件物品0.5秒,加速1件物品1秒,获得护盾，等量于此物品治疗量,此物品的治疗翻倍,造成剧毒，等量于此物品治疗量的10%,造成灼烧，等量于此物品治疗量的10%,此物品+1多重释放,此物品+50%暴击率,此物品免疫冻结、减速和摧毁,造成伤害，等量于此物品治疗量
73998555-1f68-440b-b28f-84c0f9f07579,Blue Gumball,蓝色口香糖球,Item / 物品,Small / 小型,Bronze / 青铜,Bronze/Silver/Gold/Diamond,Common / 通用,Food / 食物,Crit / 暴击,0.0,,0,,0,,0,,0,,0,,0,,0,,0,,0,,0,,0,0,0,0,[被动] 出售此物品时，己方物品永久获得1/2/3/4%暴击率,null,,出售此物品时，己方最左侧的减速物品获得200减速持续时间,出售此物品时，己方最左侧的冻结物品获得100冻结持续时间,出售此物品时，己方最左侧的加速物品获得200加速持续时间,出售此物品时，最左侧的护盾物品+10,出售此物品时，最左侧的治疗物品+10,出售此物品时，己方最左侧的剧毒物品获得1,出售此物品时，己方最左侧的灼烧物品获得1,此物品的暴击率加成翻倍,此物品的暴击率加成翻倍,,出售此物品时，己方最左侧的武器获得10
73ca1d2f-f4d3-42c4-8980-0255f5ecd472,Trebuchet,抛石机,Item / 物品,Large / 大型,Silver / 白银,Silver/Gold/Diamond,Vanessa / 瓦内莎,Weapon / 武器,Burn / 灼烧 | Damage / 伤害 | HasteRef / 加速引用,10.0,10,75,75/150/300,0,,0,,0,,0,,1,1,8,8/16/24,0,,0,,0,,0,0,0,0,"[主动] 造成75/150/300伤害
[主动] 造成8/16/24灼烧
[被动] 当你使用其他武器或加速物品时，充能此物品2秒",null,此物品的价值翻倍,减速2件物品2秒,冻结2件物品1秒,加速2件物品2秒,获得护盾，等量于此物品伤害量,获得治疗，等量于此物品伤害,造成剧毒，等量于此物品灼烧,此物品的灼烧翻倍,此物品+1多重释放,此物品+50%暴击率,此物品免疫冻结、减速和摧毁,此物品的伤害翻倍
74015476-fea8-4aed-ae77-01e66b28cbfe,Durian,榴莲,Item / 物品,Medium / 中型,Silver / 白银,Silver/Gold/Diamond,Jules / 朱尔斯,Food / 食物 | Weapon / 武器,Slow / 减速 | Shield / 护盾 | Damage / 伤害 | HeatedReference | ChilledReference,6.0,6,0,0,0,,20,20/40/80,0,,0,,1,1,0,,0,,0,,0,,0,0,0,0,"[主动] 获得20/40/80护盾
[主动] 霜冻时：造成伤害，等量于己方护盾
[主动] 高温时：减速3/4/5件物品1秒",null,此物品的价值翻倍,此物品的减速持续时间翻倍,冻结一件物品1秒,加速2件物品1秒,此物品的护盾翻倍,获得治疗，等量于此物品护盾值,造成剧毒，等量于此物品护盾值的10%,造成灼烧，等量于此物品护盾值的10%,此物品+1多重释放,此物品+50%暴击率,此物品免疫冻结、减速和摧毁,此物品的伤害翻倍
7434203a-9b5c-472e-8208-c1e17e5d7bb3,Utility Belt,工具腰带,Item / 物品,Medium / 中型,Silver / 白银,Silver/Gold/Diamond,Karnok,Apparel / 服饰,Charge / 充能 | Rage | Shield / 护盾 | Haste / 加速 | CritReference | SlowRef / 减速引用 | AmmoRef / 弹药引用,0.0,,0,,0,,10,10/20/30,0,,0,,0,,0,,0,,0,,0,,0,0,0,0,"[被动] 当你使用工具时，获得10/20/30怒火
[被动] 当你减速相邻物品时，获得10/20/30护盾
[被动] 当相邻物品暴击时，加速该物品1/2/3秒并装填另一件物品",null,此物品的价值翻倍,当你进入暴怒状态时，减速2件物品4秒,当你进入暴怒状态时，冻结2件物品2秒,当你进入暴怒状态时，加速2件物品4秒,此物品的护盾翻倍,当你进入暴怒状态时，获得治疗，等量于此物品护盾,当你进入暴怒状态时，造成剧毒，等量于此物品护盾,当你进入暴怒状态时，造成灼烧，等量于此物品护盾,此物品的怒火获取值翻倍,己方物品+25%暴击率,相邻物品受冻结和减速影响的时间减半,当你进入暴怒状态时，造成伤害，等量于此物品护盾的5倍
74d0780a-4d98-478e-b136-f1810bc88346,Forklift,叉车,Item / 物品,Large / 大型,Gold / 黄金,Gold/Diamond,Dooley / 杜利,Vehicle / 载具 | Tool / 工具 | Weapon / 武器,Damage / 伤害,20.0,20/14,50,50,0,,0,,0,,0,,1,1,0,,0,,0,,0,,0,0,0,0,"[主动] 造成50伤害
[被动] 使用相邻物品时，充能此物品2秒
[被动] 你的其他物品每拥有一种独特类型，此物品就+125/250伤害",null,此物品的价值翻倍,减速3件物品3秒,冻结一件物品4秒,加速3件物品3秒,获得护盾，等量于此物品伤害量,获得治疗，等量于此物品伤害,造成剧毒，等量于此物品伤害的10%,造成灼烧，等量于此物品伤害的10%,此物品+1多重释放,此物品+50%暴击率,此物品免疫冻结、减速和摧毁,此物品的伤害翻倍
75af1b66-8415-4db3-b836-c4ab752cd832,Pyro Gauntlet,,Item / 物品,Small / 小型,Bronze / 青铜,Bronze/Silver/Gold/Diamond,Common / 通用,,Burn / 灼烧 | Damage / 伤害,5.0,5,2,2,0,,0,,0,,0,,1,1,6,6,0,,0,,0,,0,0,0,0,"[主动] None
[主动] None",null,,,,,,,,,,,,
7607b1b9-4982-422d-b84a-edd9334c92c3,Skill Voucher,技能兑换券,Item / 物品,Small / 小型,Bronze / 青铜,Bronze/Silver/Gold/Diamond,Common / 通用,Loot / 战利品,,0.0,,0,,0,,0,,0,,0,,0,,0,,0,,0,,0,,0,0,0,0,[被动] 出售此物品时，学习来自任意英雄的一个技能,null,,出售此物品时，己方最左侧的减速物品获得200减速持续时间,出售此物品时，己方最左侧的冻结物品获得100冻结持续时间,出售此物品时，己方最左侧的加速物品获得200加速持续时间,出售此物品时，最左侧的护盾物品+10,出售此物品时，最左侧的治疗物品+10,出售此物品时，己方最左侧的剧毒物品获得1,出售此物品时，己方最左侧的灼烧物品获得1,获得第二个技能,出售此物品时，己方最左侧的物品获得2%暴击率,,出售此物品时，己方最左侧的武器获得10
7616c8b5-17d0-40fb-bc34-d663b8633e84,Ice Claw,冰爪,Item / 物品,Medium / 中型,Silver / 白银,Silver/Gold/Diamond,Mak / 马克,Weapon / 武器 | Relic / 遗物,Damage / 伤害 | Freeze / 冻结,7.0,7,60,60,0,,0,,0,,0,,1,1,0,,0,,0,,0,,0,0,0,0,"[主动] 造成60伤害
[主动] 冻结1/2/3件物品1秒
[被动] 触发冻结时，此物品获得60/90/120",null,此物品的价值翻倍,减速2件物品2秒,此物品的冻结持续时间翻倍,加速2件物品2秒,获得护盾，等量于此物品伤害量,获得治疗，等量于此物品伤害,造成剧毒，等量于此物品伤害的10%,造成灼烧，等量于此物品伤害的10%,此物品+1多重释放,此物品+50%暴击率,此物品免疫冻结、减速和摧毁,此物品的伤害翻倍
764ad6f5-f9a0-4edc-8692-fa166abe2ba3,Nanobot,纳米机器人,Item / 物品,Small / 小型,Silver / 白银,Silver/Gold/Diamond,Common / 通用,Friend / 伙伴 | Weapon / 武器,Damage / 伤害,6.0,6,0,0,0,,0,,0,,0,,1,1,0,,0,,0,,0,,0,0,0,0,"[主动] 每拥有一位伙伴，就造成15/20/25伤害
[被动] 每有一件相邻的伙伴物品，此物品的冷却时间缩短1000秒",null,,减速一件物品3秒,冻结一件物品0.5秒,加速一件物品3秒,获得护盾，等量于此物品伤害量,获得治疗，等量于此物品伤害,造成剧毒，等量于此物品伤害的10%,造成灼烧，等量于此物品伤害的10%,此物品+1多重释放,此物品+50%暴击率,此物品免疫冻结、减速和摧毁,此物品的伤害翻倍
77538c26-6234-4db2-8eef-3414849272e9,Infused Arm Wraps,灌能臂缠,Item / 物品,Medium / 中型,Silver / 白银,Silver/Gold/Diamond,Karnok,Apparel / 服饰,DamageRef / 伤害引用 | ShieldRef / 护盾引用,0.0,,0,,0,,0,,0,,0,,0,,0,,0,,0,,0,,0,0,0,0,"[被动] 造成伤害时，此物品右侧的所有物品获得10/20/30
[被动] 获得护盾时，此物品左侧的所有物品获得10/20/30",null,此物品的价值翻倍,使用相邻物品时，减速一件物品1秒,使用相邻物品时，冻结一件物品0.5秒,使用相邻物品时，加速一件物品1秒,此物品的护盾获取值翻倍,造成伤害时，此物品右侧的所有物品获得0,获得护盾时，此物品左侧的所有物品获得0,获得护盾时，此物品左侧的所有物品获得0,此物品的伤害和护盾加成翻倍,相邻物品+40%暴击率,相邻物品受冻结和减速影响的时间减半,此物品的伤害提升翻倍
77c8ef2d-62c8-4214-993d-648915c93e83,Temple Expedition Ticket,神庙探险券,Item / 物品,Small / 小型,Legendary / 传奇,Diamond/Legendary,Common / 通用,,Ticket,0.0,,0,,0,,0,,0,,0,,0,,0,,0,,0,,0,,12,12,6,6,[被动] 在第9天，允许你参加神庙探险,null,,,,,,,,,,,,
77d06221-da32-4545-acb5-2976b2efa8de,Dino Disguise,恐龙伪装,Item / 物品,Medium / 中型,Silver / 白银,Silver/Gold/Diamond,Dooley / 杜利,Dinosaur / 恐龙 | Relic / 遗物 | Apparel / 服饰,Shield / 护盾,9.0,9/8/7,0,,0,,20,20/40/60,0,,0,,1,1,0,,0,,0,,0,,0,0,0,0,"[主动] 获得20/40/60护盾
[被动] 相邻物品视为恐龙
[被动] 你每拥有一件其他遗物或恐龙物品，此物品就+1多重释放",null,此物品的价值翻倍,减速一件物品1秒,冻结一件物品0.5秒,加速一件物品1秒,此物品的护盾翻倍,获得治疗，等量于此物品护盾值,造成剧毒，等量于此物品护盾值的10%,造成灼烧，等量于此物品护盾值的10%,相邻的恐龙+1多重释放,此物品+50%暴击率,此物品免疫冻结、减速和摧毁,造成伤害，等量于此物品护盾
77df36bf-a1d0-4815-9f07-5c330542e76a,Geyser,间歇泉,Item / 物品,Medium / 中型,Silver / 白银,Silver/Gold/Diamond,Karnok,Property / 地产,Burn / 灼烧 | RageReference,9.0,9/8/7,0,,0,,0,,0,,0,,0,,0,0,0,,0,,0,,0,0,0,0,[主动] 造成灼烧，等量于本场战斗中你获得的怒火总值,null,此物品的价值翻倍,减速2件物品2秒,冻结一件物品1秒,加速2件物品2秒,获得护盾，等量于此物品灼烧的5倍,获得治疗，等量于此物品灼烧的5倍,造成剧毒，等量于此物品灼烧,此物品的灼烧翻倍,此物品+1多重释放,此物品+50%暴击率,此物品免疫冻结、减速和摧毁,造成伤害，等量于此物品灼烧的5倍
7827d946-0204-4897-b3e4-bd7cec8e3979,Vending Machine,自动售货机,Item / 物品,Medium / 中型,Silver / 白银,Silver/Gold/Diamond,Pygmalien / 皮格马利翁,Property / 地产,EconomyRef / 经济引用,0.0,,0,,0,,0,,0,,0,,0,,0,,0,,0,,0,,0,0,0,0,[被动] 每天开始时，获得一根巧克力棒、一枚零钱和一颗松露,null,……并为该物品赋予黄金附魔（如适用）,……并为该物品赋予沉重附魔（如适用）,……并为该物品赋予寒冰附魔（如适用）,……并为该物品赋予疾速附魔（如适用）,……并为该物品赋予护盾附魔（如适用）,……并为该物品赋予回复附魔（如适用）,……并为该物品赋予剧毒附魔（如适用）,……并为该物品赋予炽焰附魔（如适用）,,……并为该物品赋予致命附魔（如适用）,,……并为该物品赋予黑曜石附魔（如适用）
783cda9d-1550-42d5-9651-51883da5ad66,Cargo Shorts,工装短裤,Item / 物品,Medium / 中型,Silver / 白银,Silver/Gold/Diamond,Pygmalien / 皮格马利翁,Apparel / 服饰,Shield / 护盾 | Heal / 治疗,10.0,10/9/8,0,,10,10/15/20,10,10/15/20,0,,0,,1,1,0,,0,,0,,0,,0,0,0,0,"[主动] 治疗10/15/20生命值
[主动] 获得10/15/20护盾
[被动] 此物品每拥有一种类型，就+1多重释放
[被动] 此物品拥有己方物品的类型",null,此物品的价值翻倍,减速一件物品1秒,冻结一件物品0.5秒,加速1件物品1秒,此物品的护盾翻倍,此物品的治疗翻倍,造成剧毒，等量于此物品治疗量的10%,造成灼烧，等量于此物品治疗量的10%,此物品+1多重释放,此物品+50%暴击率,此物品免疫冻结、减速和摧毁,造成伤害，等量于此物品治疗量
78e3ec16-b331-4aa7-a54c-13b2f5345e59,Fire Bomb,燃烧炸弹,Item / 物品,Small / 小型,Bronze / 青铜,Bronze/Silver/Gold/Diamond,Stelle / 斯黛尔,,Burn / 灼烧,4.0,4,0,,0,,0,,0,,0,,1,1,6,6/9/12/15,0,,0,,0,,0,0,0,0,"[主动] 造成6/9/12/15灼烧
[主动] 摧毁此物品",null,此物品的价值翻倍,减速一件物品2秒,冻结一件物品0.5秒,加速一件物品2秒,获得护盾，等量于此物品灼烧的5倍,获得治疗，等量于此物品灼烧的5倍,造成剧毒，等量于此物品灼烧,此物品的灼烧翻倍,此物品+1多重释放,此物品被摧毁时，己方物品+30%暴击率,此物品免疫冻结和减速,造成伤害，等量于此物品灼烧的5倍
793b64b2-20a8-42ca-a592-54c9c3f814f8,Colossal Popsicle,巨型冰棒,Item / 物品,Large / 大型,Silver / 白银,Silver/Gold/Diamond,Common / 通用,Weapon / 武器 | Food / 食物,Damage / 伤害 | Freeze / 冻结,9.0,9,50,50/100/200,0,,0,,0,,0,,1,1,0,,0,,0,,0,,0,0,0,0,"[主动] 造成50/100/200伤害
[主动] 冻结2件物品1/2/3秒
[被动] 出售此物品时，获得2个冰柱",null,此物品的价值翻倍,减速3件物品3秒,此物品的冻结持续时间翻倍,加速3件物品3秒,获得护盾，等量于此物品伤害量,获得治疗，等量于此物品伤害,造成剧毒，等量于此物品伤害的10%,造成灼烧，等量于此物品伤害的10%,此物品+1多重释放,此物品+50%暴击率,此物品免疫冻结、减速和摧毁,此物品的伤害翻倍
79d659b2-2329-4712-812b-abda376d87c3,Beach Umbrella,沙滩伞,Item / 物品,Medium / 中型,Gold / 黄金,Gold/Diamond,Jules / 朱尔斯,Tool / 工具,Shield / 护盾 | Regen / 再生 | ChilledReference,7.0,7/5,0,,0,,40,40,0,,0,,1,1,0,,0,,0,0,0,,0,0,0,0,"[主动] 获得+40护盾
[主动] 霜冻时：生命再生量提高，增幅等于护盾值的20%",null,此物品的价值翻倍,减速2件物品2秒,冻结一件物品1秒,加速2件物品2秒,此物品的护盾翻倍,霜冻时：获得治疗，等量于此物品生命再生量的5倍,霜冻时：造成剧毒，等量于此物品生命再生量,霜冻时：造成灼烧，等量于此物品的生命再生量,此物品+1多重释放,此物品+50%暴击率,此物品免疫冻结、减速和摧毁,霜冻时：造成伤害，等量于此物品生命再生的5倍
7a504eff-6d75-40fd-b048-70a6d69dd6d4,Boa Constrictor,蚺蛇,Item / 物品,Medium / 中型,Silver / 白银,Silver/Gold/Diamond,Karnok,Weapon / 武器 | Friend / 伙伴,Damage / 伤害 | SlowRef / 减速引用 | RageReference | Slow / 减速,6.0,6,20,20/40/80,0,,0,,0,,0,,0,,0,,0,,0,,0,,0,0,0,0,"[主动] 造成20/40/80伤害
[被动] 触发减速时，充能此物品2秒
[被动] 当你进入暴怒状态时，减速敌方所有物品1秒",null,此物品的价值翻倍,此物品的减速持续时间翻倍,冻结一件物品0.5秒,加速一件物品1秒,获得护盾，等量于此物品伤害量,获得治疗，等量于此物品伤害,造成剧毒，等量于此物品伤害的10%,造成灼烧，等量于此物品伤害的10%,此物品+1多重释放,此物品+50%暴击率,此物品免疫冻结、减速和摧毁,此物品的伤害翻倍
7a7e373f-bbbb-4085-94a8-07b4a45f9065,Heavy Crossbow,重弩,Item / 物品,Medium / 中型,Silver / 白银,Silver/Gold/Diamond,Karnok,Weapon / 武器,Damage / 伤害 | Ammo / 弹药 | HasteRef / 加速引用 | SlowRef / 减速引用,5.0,5,60,60,0,,0,,4,4/5/6,0,,1,1,0,,0,,0,,0,,0,0,0,0,"[主动] 造成60伤害
[主动] 弹药: 4/5/6
[被动] 当你加速或减速此物品时，此物品获得60/90/120",null,此物品的价值翻倍,减速2件物品1秒,冻结一件物品1秒,加速2件物品1秒,获得护盾，等量于此物品伤害量,获得治疗，等量于此物品伤害,造成剧毒，等量于此物品伤害的10%,造成灼烧，等量于此物品伤害的10%,此物品+1多重释放,此物品+50%暴击率,此物品免疫冻结、减速和摧毁,此物品的伤害翻倍
7b4b67c6-949f-48f5-87a5-8199c346fb9a,Corkscrew,开瓶器,Item / 物品,Small / 小型,Gold / 黄金,Gold/Diamond,Jules / 朱尔斯,Weapon / 武器 | Tool / 工具,Damage / 伤害,4.0,4/3,20,20,0,,0,,0,,0,,1,1,0,,0,,0,,0,,0,0,0,0,"[主动] 造成20伤害
[被动] 每场战斗中首次使用此物品时，使用此物品左侧相邻的中型食物",null,此物品的价值翻倍,减速一件物品2秒,冻结一件物品0.5秒,加速一件物品2秒,获得护盾，等量于此物品伤害量,获得治疗，等量于此物品伤害,造成剧毒，等量于此物品伤害的10%,造成灼烧，等量于此物品伤害的10%,此物品+1多重释放,此物品+50%暴击率,此物品免疫冻结、减速和摧毁,此物品的伤害翻倍
7b731de3-3598-46f4-b61f-75b7a0065d8a,Ectoplasm,灵质,Item / 物品,Small / 小型,Silver / 白银,Silver/Gold/Diamond,Common / 通用,,Poison / 剧毒 | Heal / 治疗,7.0,7,0,,0,0,0,,0,,0,,1,1,0,,10,10/20/30,0,,0,,0,0,0,0,"[主动] 造成10/20/30剧毒
[主动] 获得治疗，等量于一位敌人的剧毒",null,此物品的价值翻倍,减速一件物品3秒,冻结一件物品0.5秒,加速一件物品3秒,获得护盾，等量于此物品治疗量,此物品的治疗翻倍,此物品的剧毒翻倍,造成灼烧，等量于此物品的剧毒,此物品+1多重释放,此物品+50%暴击率,此物品免疫冻结、减速和摧毁,造成伤害，等量于此物品治疗量
7bbe85da-80cf-44a7-b33f-b6e7c4b4e256,Oni Mask,恶鬼面具,Item / 物品,Medium / 中型,Silver / 白银,Silver/Gold/Diamond,Vanessa / 瓦内莎,Apparel / 服饰 | Tech / 科技,Burn / 灼烧 | BurnRef / 灼烧引用 | CritReference,6.0,6,0,,0,,0,,0,,0,,1,1,6,6/9/12,0,,0,,0,,0,0,0,0,"[主动] 造成6/9/12灼烧
[被动] 当你暴击时，己方物品获得4/6/8",null,此物品的价值翻倍,减速2件物品1秒,冻结一件物品1秒,加速2件物品1秒,获得护盾，等量于此物品灼烧的5倍,获得治疗，等量于此物品灼烧的5倍,造成剧毒，等量于此物品灼烧,此物品的灼烧获取翻倍,此物品+1多重释放,此物品+50%暴击率,此物品免疫冻结、减速和摧毁,造成伤害，等量于此物品灼烧的5倍
7bd0e16f-71bd-4747-be77-3e7b4afa203a,Lichen,苔藓,Item / 物品,Small / 小型,Silver / 白银,Silver/Gold/Diamond,Karnok,Food / 食物,Heal / 治疗 | RageReference,0.0,,0,,500,500/1000/1500,0,,0,,0,,0,,0,,0,,0,,0,,0,0,0,0,"[被动] 你需要两倍的怒火才能进入暴怒状态
[被动] 当你进入暴怒状态时，获得500/1000/1500治疗，并移除一半的剧毒和灼烧",null,此物品的价值翻倍,当你进入暴怒状态时，减速1件物品4秒,当你进入暴怒状态时，冻结1件物品2秒,当你进入暴怒状态时，加速1件物品4秒,当你进入暴怒状态时，获得100护盾,此物品的治疗翻倍,当你进入暴怒状态时，造成10剧毒,当你进入暴怒状态时，造成10灼烧,此物品的治疗和净化效果翻倍,己方物品+20%暴击率,相邻物品受冻结和减速影响的时间减半,当你进入暴怒状态时，造成100伤害
7bff4c56-752c-47f3-89d0-e85aa917319f,Laser Pistol,激光手枪,Item / 物品,Small / 小型,Bronze / 青铜,Bronze/Silver/Gold/Diamond,Dooley / 杜利,Weapon / 武器 | Tech / 科技,Damage / 伤害,4.0,4,15,15/30/60/120,0,,0,,0,,0,,1,1,0,,0,,0,,0,,0,0,0,0,[主动] 造成15/30/60/120伤害,null,此物品的价值翻倍,减速一件物品1秒,冻结一件物品0.5秒,加速一件物品1秒,获得护盾，等量于此物品伤害量,获得治疗，等量于此物品伤害,造成剧毒，等量于此物品伤害的10%,造成灼烧，等量于此物品伤害的10%,此物品+1多重释放,此物品+50%暴击率,此物品免疫冻结、减速和摧毁,此物品的伤害翻倍
7cbc8056-482b-4ccf-887a-ddb2702c856c,Fang,獠牙,Item / 物品,Small / 小型,Bronze / 青铜,Bronze/Silver/Gold/Diamond,Common / 通用,Weapon / 武器,Damage / 伤害,3.0,3,5,5/10/20/40,0,,0,,0,,0,,1,1,0,,0,,0,,0,,0,0,0,0,[主动] 造成5/10/20/40伤害,null,此物品的价值翻倍,减速一件物品1秒,冻结一件物品0.5秒,加速一件物品1秒,获得护盾，等量于此物品伤害量,获得治疗，等量于此物品伤害,造成剧毒，等量于此物品伤害的10%,造成灼烧，等量于此物品伤害的10%,此物品+1多重释放,此物品+50%暴击率,此物品免疫冻结、减速和摧毁,此物品的伤害翻倍
7cc657b3-6a37-427a-b14e-7e12c3a2277a,Battle Balloon,作战气球,Item / 物品,Medium / 中型,Silver / 白银,Silver/Gold/Diamond,Stelle / 斯黛尔,Vehicle / 载具,Shield / 护盾 | Flying / 飞行 | BurnRef / 灼烧引用,6.0,6,0,,0,,25,25/50/75,0,,0,,1,1,0,,0,,0,,0,,0,0,0,0,"[主动] 一件物品开始飞行
[主动] 获得25/50/75护盾
[被动] 触发灼烧时，充能此物品2秒",null,此物品的价值翻倍,减速一件物品1秒,冻结一件物品0.5秒,加速一件物品1秒,此物品的护盾翻倍,获得治疗，等量于此物品护盾值,造成剧毒，等量于此物品护盾值的10%,造成灼烧，等量于此物品护盾值的10%,此物品+1多重释放,此物品+50%暴击率,此物品免疫冻结、减速和摧毁,造成伤害，等量于此物品护盾
7cc6a3ea-6820-43f5-80ae-135dc3e8624b,Inertial Dampener,惯性阻尼器,Item / 物品,Small / 小型,Silver / 白银,Silver/Gold/Diamond,Stelle / 斯黛尔,Tech / 科技 | Tool / 工具,Slow / 减速 | ShieldRef / 护盾引用 | BurnRef / 灼烧引用,7.0,7,0,,0,,0,,0,,0,,1,1,0,,0,,0,,0,,0,0,0,0,"[主动] 减速相邻物品1秒
[主动] 相邻物品获得2/4/6和5/10/15
[被动] 触发减速时，充能此物品1秒",null,此物品的价值翻倍,此物品造成的减速持续时间减半,冻结一件物品0.5秒,加速一件物品1秒,此物品的护盾获取值翻倍,相邻物品获得0,相邻物品获得0,此物品的灼烧获取翻倍,此物品+1多重释放,相邻物品+30%暴击率,此物品免疫冻结、减速和摧毁,相邻物品获得0
7ccaa9ae-c915-49f2-863a-aa333c41b7fb,Seadog's Saloon,海狗沙龙,Item / 物品,Large / 大型,Silver / 白银,Silver/Gold/Diamond,Vanessa / 瓦内莎,Aquatic / 水系 | Property / 地产,Haste / 加速 | Slow / 减速,6.0,6/5/4,0,,0,,0,,0,,0,,1,1,0,,0,,0,,0,,0,0,0,0,"[主动] 加速一件物品2秒
[主动] 减速一件物品2秒
[被动] 己方每拥有一件伙伴物品，此物品+1多重释放",null,此物品的价值翻倍,此物品的减速持续时间翻倍,冻结一件物品0.5秒,此物品的加速持续时间翻倍,获得40护盾,治疗40生命值,造成4剧毒,造成4灼烧,此物品的加速和减速持续时间加倍,己方伙伴+50%暴击率,此物品免疫冻结、减速和摧毁,造成40伤害
7ce7b11a-b7de-4c9c-9bb3-2ea15bc6a34d,Banu Leaves,巴努叶,Item / 物品,Small / 小型,Bronze / 青铜,Bronze/Silver/Gold/Diamond,Jules / 朱尔斯,Food / 食物,Shield / 护盾,6.0,6,0,,0,,15,15/30/60/120,0,,0,,1,1,0,,0,,0,,0,,0,0,0,0,"[主动] 获得15/30/60/120护盾
[被动] 当你使用另一件食物时，充能此物品1秒",null,此物品的价值翻倍,减速一件物品1秒,冻结一件物品0.5秒,加速一件物品1秒,此物品的护盾翻倍,获得治疗，等量于此物品护盾值,造成剧毒，等量于此物品护盾值的10%,造成灼烧，等量于此物品护盾值的10%,此物品+1多重释放,此物品+50%暴击率,此物品免疫冻结、减速和摧毁,造成伤害，等量于此物品护盾
7cfac919-7fc0-475e-91f4-3e869ec1f870,Dual Reaver,掠夺双刃,Item / 物品,Large / 大型,Silver / 白银,Silver/Gold/Diamond,Karnok,Weapon / 武器,Damage / 伤害 | HasteRef / 加速引用 | Crit / 暴击,7.0,7/5/3,25,25,0,,0,,0,,0,,2,2,0,,0,,0,,0,,0,0,0,0,"[主动] 造成25伤害
[被动] 触发加速时，此物品+5/10/15%暴击率
[被动] 此物品+伤害，等量于其暴击率",null,此物品的价值翻倍,减速2件物品1秒,冻结一件物品1秒,加速2件物品1秒,获得护盾，等量于此物品伤害量,获得治疗，等量于此物品伤害,造成剧毒，等量于此物品伤害的10%,造成灼烧，等量于此物品伤害的10%,此物品+1多重释放,此物品+50%暴击率,此物品免疫冻结、减速和摧毁,此物品的伤害翻倍
7d270d9f-9201-4e1a-9d66-467e11d4b5c1,Fiber Optics,光纤,Item / 物品,Small / 小型,Gold / 黄金,Gold/Diamond,Dooley / 杜利,Tech / 科技,Charge / 充能,0.0,,0,,0,,0,,0,,0,,0,,0,,0,,0,,0,,0,0,0,0,[被动] 当你使用己方最左侧的物品时，充能己方最右侧的物品1/2秒,null,此物品的价值翻倍,当你使用己方最左侧的物品时，减速一件物品1秒,当你使用己方最左侧的物品时，冻结一件物品0.5秒,当你使用己方最左侧的物品时，加速己方最右侧的物品1秒,当你使用己方最左侧的物品时，获得10护盾,当你使用己方最左侧的物品时，获得10治疗,当你使用己方最左侧的物品时，造成1剧毒,当你使用己方最左侧的物品时，造成1灼烧,此物品的充能量翻倍,当你使用最左侧的物品时，最右侧的物品+10%暴击率,己方最右侧具有冷却时间的物品受冻结和减速的影响时间减半,当你使用己方最左侧的物品时，造成10伤害
7d3b7b54-382d-4991-997d-2f78381d7690,Shot Glasses,烈酒杯,Item / 物品,Small / 小型,Silver / 白银,Silver/Gold/Diamond,Vanessa / 瓦内莎,,Ammo / 弹药 | Haste / 加速 | Slow / 减速,3.0,3,0,,0,,0,,1,1/2/3,0,,0,,0,,0,,0,,0,,0,0,0,0,"[主动] 加速手头4件物品1秒
[主动] 减速4件己方物品1秒
[主动] 弹药: 1/2/3",null,此物品的价值翻倍,此物品的减速持续时间减半,冻结一件物品0.5秒,此物品的加速持续时间翻倍,获得20护盾,治疗20生命值,造成2剧毒,造成2灼烧,此物品+1多重释放,己方物品+10%暴击率,此物品免疫冻结、减速和摧毁,造成20伤害
7d55da10-108e-43b6-bf86-4893f5b9060d,Shovel,铲子,Item / 物品,Medium / 中型,Bronze / 青铜,Bronze/Silver/Gold/Diamond,Vanessa / 瓦内莎,Weapon / 武器 | Tool / 工具,Damage / 伤害,5.0,5,25,25/50/100/200,0,,0,,0,,0,,1,1,0,,0,,0,,0,,0,0,0,0,"[主动] 造成25/50/100/200伤害
[被动] 每天开始时，获得一件来自任意英雄的小型物品",null,……并为该物品赋予黄金附魔（如适用）,……并为该物品赋予沉重附魔（如适用）,……并为该物品赋予寒冰附魔（如适用）,……并为该物品赋予疾速附魔（如适用）,……并为该物品赋予护盾附魔（如适用）,……并为该物品赋予回复附魔（如适用）,……并为该物品赋予剧毒附魔（如适用）,……并为该物品赋予炽焰附魔（如适用）,……并为该物品赋予闪亮附魔（如适用）,……并为该物品赋予致命附魔（如适用）,……并为该物品赋予辉耀附魔（如适用）,……并为该物品赋予黑曜石附魔（如适用）
7d64073a-816f-476d-b704-e58b539b9b7a,Motherboard,主板,Item / 物品,Medium / 中型,Silver / 白银,Silver/Gold/Diamond,Dooley / 杜利,Tech / 科技,TechReference | Haste / 加速,4.0,4,0,,0,,0,,0,,0,,1,1,0,,0,,0,,0,,0,0,0,0,"[主动] 加速相邻物品1/2/3秒
[被动] 当你使用另一件科技物品时，充能此物品1秒",null,此物品的价值翻倍,减速一件物品1秒,冻结一件物品0.5秒,此物品的加速持续时间翻倍,获得100护盾,治疗100生命值,造成10剧毒,造成10灼烧,此物品+1多重释放,相邻物品+40%暴击率,此物品免疫冻结、减速和摧毁,造成100伤害
7d718c5d-e50e-46dd-ada7-f3eb0f8a16b2,Chains,锁链,Item / 物品,Small / 小型,Bronze / 青铜,Bronze/Silver/Gold/Diamond,Karnok,Tool / 工具,Slow / 减速 | DamageRef / 伤害引用,3.0,3,0,,0,,0,,0,,0,,1,1,0,,0,,0,,0,,0,0,0,0,"[主动] 减速己方一把武器1秒
[被动] 当你减速己方一件武器时，该武器获得10/20/30/40",null,此物品的价值翻倍,减速一件物品1秒,冻结一件物品0.5秒,加速一件物品1秒,获得20护盾,治疗20生命值,造成2剧毒,造成2灼烧,此物品减速时长减半，且伤害加成翻倍,己方武器+30%暴击率,此物品免疫冻结、减速和摧毁,此物品的伤害加成翻倍
7d83c2f2-1971-4ec8-b730-9d12aec93d76,Cooking Mallet,料理槌,Item / 物品,Small / 小型,Bronze / 青铜,Bronze/Silver/Gold/Diamond,Jules / 朱尔斯,Weapon / 武器 | Tool / 工具,Damage / 伤害 | Burn / 灼烧 | HeatedReference | Quest,5.0,5,10,10/20/40/80,0,,0,,0,,0,,1,1,3,3/6/9/12,0,,0,,0,,0,0,0,0,"[主动] 造成10/20/40/80伤害
[主动] 高温时：造成3/6/9/12灼烧",目标: 使用60件食物 | 奖励: 此物品+1多重释放,此物品的价值翻倍,减速一件物品1秒,冻结一件物品0.5秒,加速一件物品1秒,获得护盾，等量于此物品灼烧的5倍,获得治疗，等量于此物品灼烧的5倍,造成剧毒，等量于此物品灼烧,此物品的灼烧翻倍,此物品+1多重释放,此物品+50%暴击率,此物品免疫冻结、减速和摧毁,此物品的伤害翻倍
7da204dd-87ed-45cb-b62b-61904b41baa4,Crystal Bonsai,水晶盆景,Item / 物品,Small / 小型,Silver / 白银,Silver/Gold/Diamond,Pygmalien / 皮格马利翁,Relic / 遗物,Heal / 治疗 | EconomyRef / 经济引用 | Value / 价值,3.0,3,0,,0,0,0,,0,,0,,1,1,0,,0,,0,,0,,0,0,0,0,"[主动] 获得治疗，等量于此物品价值的2/3/4倍
[被动] 每场携带此物品的战斗开始时，此物品永久获得6/9/12价值
[被动] 当你携带此物品输掉战斗时，将其永久摧毁",null,此物品的价值翻倍,减速一件物品2秒,冻结一件物品0.5秒,加速一件物品2秒,获得护盾，等量于此物品治疗量,此物品的治疗翻倍,造成剧毒，等量于此物品治疗量的10%,造成灼烧，等量于此物品治疗量的10%,此物品+1多重释放,此物品+50%暴击率,此物品免疫冻结、减速和摧毁,造成伤害，等量于此物品治疗量
7db3c773-acb1-4cd9-a40d-8661a521a801,Oil Lantern,油灯,Item / 物品,Medium / 中型,Silver / 白银,Silver/Gold/Diamond,Mak / 马克,Tool / 工具,Burn / 灼烧 | RegenRef / 再生引用,8.0,8/7/6,0,,0,,0,,0,,0,,1,1,10,10/20/30,0,,0,,0,,0,0,0,0,"[主动] 造成10/20/30灼烧
[被动] 触发生命再生时，充能此物品2秒",null,此物品的价值翻倍,减速一件物品1秒,冻结一件物品0.5秒,加速一件物品1秒,获得护盾，等量于此物品灼烧的5倍,获得治疗，等量于此物品灼烧的5倍,造成剧毒，等量于此物品灼烧,此物品的灼烧翻倍,此物品+1多重释放,此物品+50%暴击率,此物品免疫冻结、减速和摧毁,造成伤害，等量于此物品灼烧的5倍
7de37496-3534-4aa9-8400-424341d4b5e2,Strawberries,草莓,Item / 物品,Small / 小型,Bronze / 青铜,Bronze/Silver/Gold/Diamond,Jules / 朱尔斯,Food / 食物,Shield / 护盾 | Regen / 再生 | Freeze / 冻结 | ChilledReference,6.0,6/5/4/3,0,,0,,20,20,0,,0,,1,1,0,,0,,2,2,0,,0,0,0,0,"[主动] 获得20护盾
[主动] 生命再生量提高2
[主动] 霜冻时：冻结一件物品1秒",null,此物品的价值翻倍,减速一件物品1秒,此物品的冻结持续时间翻倍,加速一件物品1秒,此物品的护盾翻倍,获得治疗，等量于此物品护盾值,造成剧毒，等量于此物品生命再生量,造成灼烧，等量于此物品的生命再生量,此物品+1多重释放,此物品+50%暴击率,此物品免疫冻结、减速和摧毁,造成伤害，等量于此物品护盾
7e015819-ef4b-4f0d-bec6-14f15cb21f1a,Orly,猫头鹰奥利,Item / 物品,Small / 小型,Bronze / 青铜,Bronze/Silver/Gold/Diamond,Mak / 马克,Friend / 伙伴,Flying / 飞行 | Crit / 暴击,0.0,,0,,0,,0,,0,,0,,0,,0,,0,,0,,0,,0,0,0,0,"[被动] 当你暴击时，一件物品开始飞行
[被动] 己方飞行物品+20/30/40/50%暴击率",null,此物品的价值翻倍,此物品暴击时，减速一件物品1秒,此物品暴击时，冻结一件物品0.5秒,此物品暴击时，加速一件物品1秒,此物品暴击时，获得10护盾,此物品暴击时，获得10治疗,此物品暴击时，造成1剧毒,此物品暴击时，造成1灼烧,此物品的暴击率加成翻倍,此物品的暴击率加成翻倍,相邻物品受冻结和减速影响的时间减半,此物品暴击时，造成10伤害
7e100494-97d5-4642-a867-f4cc2be6b964,PenFT,企鹅占卜机,Item / 物品,Small / 小型,Silver / 白银,Silver/Gold/Diamond,Pygmalien / 皮格马利翁,Tech / 科技 | Toy / 玩具,Value / 价值 | EconomyRef / 经济引用,3.0,3,0,,0,,0,,0,,0,,1,1,0,,0,,0,,0,,0,0,0,0,[主动] 己方物品获得3/4/5价值,null,此物品的价值翻倍,减速一件物品1秒,冻结一件物品0.5秒,加速一件物品1秒,己方物品+0,己方物品+0,己方物品+0,己方物品+0,此物品+1多重释放,己方价值超过10的物品+30%暴击率,此物品免疫冻结、减速和摧毁,己方物品+0
7e2634eb-9489-4462-8fe4-1c5b8c07adc2,Sunlight Spear,日光矛,Item / 物品,Medium / 中型,Gold / 黄金,Gold/Diamond,Mak / 马克,Weapon / 武器 | Relic / 遗物,Regen / 再生 | Burn / 灼烧 | Damage / 伤害,11.0,11/9,0,0,0,,0,,0,,0,,1,1,0,0,0,,10,10,0,,0,0,0,0,"[主动] 造成伤害，等量于双方玩家生命再生量与灼烧的总和
[主动] 造成灼烧，等量于己方生命再生量
[被动] 你+10生命再生量",null,此物品的价值翻倍,减速2件物品3秒,冻结2件物品1秒,加速2件物品3秒,获得护盾，等量于此物品伤害量,获得治疗，等量于此物品伤害,造成剧毒，等量于此物品伤害的10%,此物品的灼烧翻倍,此物品+1多重释放,此物品+50%暴击率,此物品免疫冻结、减速和摧毁,此物品的伤害翻倍
7efc7f90-e89c-4d26-b881-65f7d2d3bdd2,Beach Ball,沙滩充气球,Item / 物品,Medium / 中型,Bronze / 青铜,Bronze/Silver/Gold/Diamond,Vanessa / 瓦内莎,Aquatic / 水系 | Toy / 玩具,Haste / 加速,4.0,4,0,,0,,0,,0,,0,,1,1,0,,0,,0,,0,,0,0,0,0,[主动] 加速2/3/4/5件水系或玩具物品2秒,null,此物品的价值翻倍,减速2件物品1秒,冻结一件物品1秒,此物品的加速持续时间翻倍,每拥有一件水系或玩具物品，就获得10护盾,每拥有一件水系或玩具物品，就治疗15生命值,每拥有一件水系或玩具物品，就造成1剧毒,每拥有一件水系或玩具物品，就造成1灼烧,此物品+1多重释放,己方水系和玩具物品+10%暴击率,此物品免疫冻结、减速和摧毁,每拥有一件水系或玩具物品，就造成10伤害
7f0520ce-77af-4a0b-b4cf-62295dbc6fa3,Rope,绳索,Item / 物品,Small / 小型,Bronze / 青铜,Bronze/Silver/Gold/Diamond,Karnok,Tool / 工具,Haste / 加速 | Slow / 减速,5.0,5,0,,0,,0,,0,,0,,1,1,0,,0,,0,,0,,0,0,0,0,"[主动] 加速己方最大的物品1/2/3/4秒
[主动] 减速敌方最大的物品1/2/3/4秒",null,此物品的价值翻倍,此物品的减速持续时间翻倍,冻结一件物品0.5秒,此物品的加速持续时间翻倍,获得60护盾,治疗60生命值,造成6剧毒,造成6灼烧,此物品+1多重释放,己方物品+10%暴击率,此物品免疫冻结、减速和摧毁,造成60伤害
7f310e00-4379-4321-bc63-0fee747ca058,Dreampearl,,Item / 物品,Small / 小型,Diamond / 钻石,Diamond,Common / 通用,Loot / 战利品,,0.0,,0,,0,,0,,0,,0,,0,,0,,0,,0,,0,,0,0,0,0,"[被动] When you sell this at a Merchant, enchant its items",null,此物品的价值翻倍,出售此物品时，己方最左侧的减速物品获得200减速持续时间,出售此物品时，己方最左侧的冻结物品获得100冻结持续时间,出售此物品时，己方最左侧的加速物品获得200加速持续时间,出售此物品时，最左侧的护盾物品+10,出售此物品时，最左侧的治疗物品+10,出售此物品时，己方最左侧的剧毒物品获得1,出售此物品时，己方最左侧的灼烧物品获得1,,出售此物品时，己方最左侧的物品获得2%暴击率,,出售此物品时，己方最左侧的武器获得10
7f706346-b364-4791-a104-ed6fe03e87e1,Broken Shackles,断裂镣铐,Item / 物品,Small / 小型,Silver / 白银,Silver/Gold/Diamond,Common / 通用,,DamageRef / 伤害引用 | Cooldown / 冷却,8.0,8,0,,0,,0,,0,,0,,1,1,0,,0,,0,,0,,0,0,0,0,"[主动] 己方物品+4/8/12
[被动] 使用武器时，充能此物品2秒。",null,此物品的价值翻倍,减速一件物品1秒,冻结一件物品0.5秒,加速一件物品1秒,获得10护盾,治疗10生命值,造成1剧毒,造成1灼烧,此物品+1多重释放,己方武器+10%暴击率,此物品免疫冻结、减速和摧毁,此物品的伤害加成翻倍
7f8e387a-4947-4823-bc41-8f4b6025ae7c,Bubblegum Floor,泡泡糖地板,Item / 物品,Large / 大型,Gold / 黄金,Gold/Diamond,Jules / 朱尔斯,Food / 食物 | Property / 地产,Slow / 减速 | Shield / 护盾 | HeatedReference,0.0,,0,,0,,50,50/100,0,,0,,0,,0,,0,,0,,0,,0,0,0,0,"[被动] 触发减速时，获得50/100护盾
[被动] 高温时：当你使用食物时，减速一件物品1秒",null,此物品的价值翻倍,此物品的减速持续时间翻倍,触发减速时，冻结一件物品0.5秒,触发减速时，加速一件物品1秒,此物品的护盾翻倍,施加减速效果时，获得治疗，等量于此物品护盾值,施加减速效果时，造成剧毒，等量于此物品护盾值的10%,施加减速效果时，造成灼烧，等量于此物品护盾值的10%,此物品额外减速一件物品,触发减速时，己方物品+5%暴击率,己方物品受冻结和减速影响的时间减半,施加减速效果时，造成伤害，等量于此物品护盾值
7f8e9d2c-1a3b-4c5d-6e7f-8a9b0c1d2e3f,Life Conduit,生命导体,Item / 物品,Medium / 中型,Bronze / 青铜,Bronze/Silver/Gold/Diamond,Mak / 马克,Relic / 遗物,Regen / 再生 | Quest,6.0,6,0,,0,,0,,0,,0,,1,1,0,,0,,2,2/4/6/8,0,,0,0,0,0,[主动] 生命再生量提高2/4/6/8,"目标: 购买8件生命再生物品 | 奖励: 触发生命再生时，此物品获得2/4/6/8
目标: 此物品拥有75或以上的生命再生量 | 奖励: 此物品+1多重释放
目标: 造访珍珠的考古发掘场 | 奖励: 此物品冷却时间缩短1000秒",此物品的价值翻倍,减速一件物品1秒,冻结一件物品0.5秒,加速一件物品1秒,获得护盾，等量于此物品生命再生量的5倍,获得治疗，等量于此物品生命再生量的5倍,造成剧毒，等量于此物品生命再生量,造成灼烧，等量于此物品的生命再生量,此物品+1多重释放,此物品+50%暴击率,此物品免疫冻结、减速和摧毁,造成伤害，等量于此物品生命再生的5倍
7fa2b9c8-f038-44f9-8143-a4f8ee7f34bf,Piggles,小圆猪,Item / 物品,Small / 小型,Bronze / 青铜,Bronze/Silver/Gold/Diamond,Pygmalien / 皮格马利翁,Toy / 玩具,Charge / 充能,8.0,8,0,,0,,0,,0,,0,,1,1,0,,0,,0,,0,,0,0,0,0,"[主动] 为相邻小型物品充能1/2/3/4秒
[被动] 当你赢得战斗时，获得一个小圆猪
[被动] 每天开始时，升级一个小圆猪",null,……并为该物品赋予黄金附魔（如适用）,……并为该物品赋予沉重附魔（如适用）,……并为该物品赋予寒冰附魔（如适用）,……并为该物品赋予疾速附魔（如适用）,……并为该物品赋予护盾附魔（如适用）,……并为该物品赋予回复附魔（如适用）,……并为该物品赋予剧毒附魔（如适用）,……并为该物品赋予炽焰附魔（如适用）,……并为该物品赋予闪亮附魔（如适用）,……并为该物品赋予致命附魔（如适用）,……并为该物品赋予辉耀附魔（如适用）,……并为该物品赋予黑曜石附魔（如适用）
7fcced7f-c73b-4493-b765-457777a2401a,Echo Crystal,回声水晶,Item / 物品,Small / 小型,Diamond / 钻石,Diamond,Common / 通用,Loot / 战利品,,0.0,,0,,0,,0,,0,,0,,0,,0,,0,,0,,0,,0,0,0,0,[被动] 出售此物品时，将你最左侧的物品转化为其他英雄的物品并升级,null,出售此物品时，获得1金币,出售此物品时，己方最左侧的减速物品获得200减速持续时间,出售此物品时，己方最左侧的冻结物品获得100冻结持续时间,出售此物品时，己方最左侧的加速物品获得200加速持续时间,出售此物品时，最左侧的护盾物品+10,出售此物品时，最左侧的治疗物品+10,出售此物品时，己方最左侧的剧毒物品获得1,出售此物品时，己方最左侧的灼烧物品获得1,,出售此物品时，己方最左侧的物品获得2%暴击率,,出售此物品时，己方最左侧的武器获得10
7fe58bea-5993-4bc8-8510-fc94a1e0f491,Gravstone,重力之石,Item / 物品,Medium / 中型,Silver / 白银,Silver/Gold/Diamond,Mak / 马克,Relic / 遗物 | Property / 地产,Flying / 飞行 | FlyingRef / 飞行引用 | Regen / 再生,0.0,,0,,0,,0,,0,,0,,0,,0,,0,,6,6/12/18,0,,0,0,0,0,"[被动] 当你使用药水或遗物时，另一件物品开始飞行
[被动] 当你使用飞行物品时，生命再生量提高6/12/18",null,此物品的价值翻倍,当你使用药水或遗物时，减速一件物品1秒,当你使用药水或遗物时，冻结一件物品0.5秒,当你使用药水或遗物时，加速一件物品1秒,当你使用药水或遗物时，获得护盾，等量于此物品生命再生的5倍,当你使用药水或遗物时，获得治疗，等量于此物品生命再生的5倍,当你使用药水或遗物时，造成剧毒，等量于此物品的生命再生,当你使用药水或遗物时，造成灼烧，等量于此物品的生命再生,此物品的生命再生量翻倍,己方药水和遗物+40%暴击率,己方药水和遗物受冻结和减速效果影响的时长减半,当你使用药水或遗物时，造成伤害，等量于此物品生命再生的5倍
7fea16a0-0c57-40b5-8a5d-9daf96ef4c75,Dino Saddle,恐龙鞍,Item / 物品,Medium / 中型,Diamond / 钻石,Diamond,Dooley / 杜利,Relic / 遗物,Shield / 护盾,6.0,6,0,,0,,50,50,0,,0,,1,1,0,,0,,0,,0,,0,0,0,0,"[主动] 获得50护盾
[被动] 己方载具+1多重释放
[被动] 如果己方拥有恐龙，此物品视为载具",null,此物品的价值翻倍,减速2件物品2秒,冻结一件物品1秒,加速2件物品2秒,此物品的护盾翻倍,获得治疗，等量于此物品护盾值,造成剧毒，等量于此物品护盾值的10%,造成灼烧，等量于此物品护盾值的10%,己方恐龙额外获得+1多重释放,此物品+50%暴击率,此物品免疫冻结、减速和摧毁,造成伤害，等量于此物品护盾
8019736a-bb1e-4cbd-a3f8-2bfa9b943b6f,Leeches,水蛭,Item / 物品,Medium / 中型,Bronze / 青铜,Bronze/Silver/Gold/Diamond,Mak / 马克,Friend / 伙伴 | Weapon / 武器,Damage / 伤害 | PoisonRef / 剧毒引用,8.0,8,20,20,0,,0,,0,,0,,1,1,0,,0,,0,,100,100,0,0,0,0,"[主动] 造成20伤害
[被动] 触发剧毒时，此物品+10/20/30/40伤害",null,此物品的价值翻倍,减速2件物品3秒,冻结2件物品1秒,加速2件物品3秒,获得护盾，等量于此物品伤害量,获得治疗，等量于此物品伤害,造成剧毒，等量于此物品伤害的10%,造成灼烧，等量于此物品伤害的10%,此物品+1多重释放,此物品+50%暴击率,此物品免疫冻结、减速和摧毁,此物品的伤害翻倍
8048bd3a-1529-4a21-872d-20da84b223a3,Yeti Crab,雪怪蟹,Item / 物品,Small / 小型,Bronze / 青铜,Bronze/Silver/Gold/Diamond,Vanessa / 瓦内莎,Aquatic / 水系 | Friend / 伙伴,Freeze / 冻结 | PoisonRef / 剧毒引用,7.0,7,0,,0,,0,,0,,0,,1,1,0,,0,,0,,0,,0,0,0,0,"[主动] 冻结一件物品1秒
[被动] 触发冻结时，相邻剧毒物品获得2/4/6/8",null,此物品的价值翻倍,减速一件物品3秒,此物品的冻结持续时间翻倍,加速一件物品3秒,触发冻结时，相邻物品获得0,触发冻结时，相邻物品获得0,此物品的剧毒获取翻倍,触发冻结时，相邻物品获得0,此物品+1多重释放,己方剧毒物品+25%暴击率,此物品免疫冻结、减速和摧毁,触发冻结时，相邻物品获得0
808ad956-94c2-4510-a06c-396156c59791,Bladed Hoverboard,带刃悬浮板,Item / 物品,Medium / 中型,Silver / 白银,Silver/Gold/Diamond,Vanessa / 瓦内莎,Weapon / 武器 | Tech / 科技 | Aquatic / 水系 | Vehicle / 载具,Damage / 伤害 | Flying / 飞行,0.0,,20,20/40/60,0,,0,,0,,0,,0,,0,,0,,0,,0,,0,0,0,0,[被动] 使用相邻物品时，造成20/40/60伤害，且其开始飞行,null,此物品的价值翻倍,使用相邻物品时，减速一件物品1秒,使用相邻物品时，冻结一件物品0.5秒,使用相邻物品时，加速该物品1秒,使用相邻物品时，获得护盾，等量于此物品伤害,使用相邻物品时，获得治疗，等量于此物品伤害,使用相邻物品时，造成剧毒，等量于此物品伤害的10%,使用相邻物品时，造成灼烧，等量于此物品伤害的10%,此物品的伤害翻倍,相邻物品+25%暴击率,相邻物品受冻结和减速影响的时间减半,此物品的伤害翻倍
809d6638-4e8e-4b14-867a-c6feccbeae9d,Altimeter,海拔计,Item / 物品,Small / 小型,Silver / 白银,Silver/Gold/Diamond,Stelle / 斯黛尔,Tool / 工具,Charge / 充能 | FlyingRef / 飞行引用,8.0,8,0,,0,,0,,0,,0,,1,1,0,,0,,0,,0,,0,0,0,0,"[主动] 为相邻物品充能1/1.5/2秒
[被动] 每有一件相邻的飞行物品，此物品冷却时间缩短2000秒",null,此物品的价值翻倍,减速一件物品2秒,冻结一件物品0.5秒,加速一件物品2秒,获得30护盾,治疗30生命值,造成3剧毒,造成3灼烧,此物品+1多重释放,相邻物品+40%暴击率,此物品免疫冻结、减速和摧毁,造成30伤害
80d4de6b-33f5-492c-85f5-f20d14241c5a,Kite,风筝,Item / 物品,Medium / 中型,Silver / 白银,Silver/Gold/Diamond,Stelle / 斯黛尔,Toy / 玩具,Flying / 飞行 | FlyingRef / 飞行引用 | Charge / 充能,5.0,5,0,,0,,0,,0,,0,,1,1,0,,0,,0,,0,,0,0,0,0,"[主动] 2/3/4件小型物品开始飞行
[被动] 当有小型物品开始飞行时，充能该物品1秒",null,此物品的价值翻倍,减速2件物品1秒,冻结一件物品1秒,加速2件物品1秒,获得100护盾,治疗100生命值,造成10剧毒,造成10灼烧,此物品的充能量翻倍,己方飞行物品+40%暴击率,此物品免疫冻结、减速和摧毁,造成100伤害
80fb0457-0337-4df1-bcb1-9ad5b8a7840c,Orange Piggles R,橙色小圆猪 R,Item / 物品,Small / 小型,Bronze / 青铜,Bronze/Silver/Gold/Diamond,Pygmalien / 皮格马利翁,Toy / 玩具,BurnRef / 灼烧引用,4.0,4,0,,0,,0,,0,,0,,1,1,0,,0,,0,,0,,0,0,0,0,[主动] 右侧相邻的灼烧物品获得1/2/3/4,null,,减速一件物品2秒,冻结一件物品0.5秒,加速右侧相邻的物品2秒,获得30护盾,治疗30生命值,造成3剧毒,此物品的灼烧加成翻倍,此物品+1多重释放,右侧相邻的灼烧物品+50%暴击率,此物品免疫冻结、减速和摧毁,造成30伤害
813e44ee-d4a8-4d94-9a78-101004c5eded,Cove,温馨海湾,Item / 物品,Large / 大型,Bronze / 青铜,Bronze/Silver/Gold/Diamond,Vanessa / 瓦内莎,Aquatic / 水系 | Property / 地产,Shield / 护盾 | Value / 价值 | EconomyRef / 经济引用,3.0,3,0,,0,,0,0,0,,0,,1,1,0,,0,,0,,0,,0,0,0,0,"[主动] 获得护盾，等量于此物品价值的1/2/3/4倍
[被动] 出售一件物品时，此物品永久获得1/2价值",null,此物品的价值翻倍,减速3件物品2秒,冻结2件物品1秒,加速3件物品2秒,此物品的护盾翻倍,获得治疗，等量于此物品护盾值,造成剧毒，等量于此物品护盾值的10%,造成灼烧，等量于此物品护盾值的10%,此物品+1多重释放,此物品+50%暴击率,此物品免疫冻结、减速和摧毁,造成伤害，等量于此物品护盾
81dc5352-d5ea-4e8f-8063-3051628dc92a,Private Runabout,私人喷气机,Item / 物品,Large / 大型,Silver / 白银,Silver/Gold/Diamond,Stelle / 斯黛尔,Vehicle / 载具 | Weapon / 武器,Damage / 伤害 | FlyingRef / 飞行引用,9.0,9/8/7,100,100/150/200,0,,0,,0,,0,,2,2,0,,0,,0,,0,,0,0,0,0,"[主动] 造成100/150/200伤害
[被动] 己方每拥有一件飞行物品，此物品的冷却时间缩短1000秒",null,此物品的价值翻倍,减速2件物品1秒,冻结一件物品1秒,加速2件物品1秒,获得护盾，等量于此物品伤害量,获得治疗，等量于此物品伤害,造成剧毒，等量于此物品伤害的10%,造成灼烧，等量于此物品伤害的10%,此物品+1多重释放,此物品+50%暴击率,此物品免疫冻结、减速和摧毁,此物品的伤害翻倍
825700a8-f21b-4867-ad08-d752f13a51ab,Apron,围裙,Item / 物品,Medium / 中型,Bronze / 青铜,Bronze/Silver/Gold/Diamond,Jules / 朱尔斯,Apparel / 服饰 | Tool / 工具,Shield / 护盾,7.0,7,0,,0,,40,40,0,,0,,1,1,0,,0,,0,,0,,0,0,0,0,"[主动] 获得40护盾
[被动] 购买食物时，此物品永久获得10/20/30/40",null,此物品的价值翻倍,减速2件物品2秒,冻结一件物品1秒,加速2件物品2秒,此物品的护盾翻倍,获得治疗，等量于此物品护盾值,造成剧毒，等量于此物品护盾值的10%,造成灼烧，等量于此物品护盾值的10%,此物品+1多重释放,此物品+50%暴击率,此物品免疫冻结、减速和摧毁,造成伤害，等量于此物品护盾
826bc5e7-6342-4e8b-9143-9090d91453da,Flying Squirrel,飞鼠,Item / 物品,Small / 小型,Bronze / 青铜,Bronze/Silver/Gold/Diamond,Karnok,Friend / 伙伴,Haste / 加速 | Flying / 飞行,4.0,4,0,,0,,0,,0,,0,,1,1,0,,0,,0,,0,,0,0,0,0,[主动] 加速右侧相邻的物品1/2/3/4秒并使其开始飞行,null,此物品的价值翻倍,减速一件物品2秒,冻结一件物品0.5秒,此物品的加速持续时间翻倍,获得30护盾,治疗30生命值,造成3剧毒,造成3灼烧,此物品+1多重释放,右侧相邻物品+30%暴击率,此物品免疫冻结、减速和摧毁,造成30伤害
82893892-afc0-458a-af94-160aaf8642bd,Space Laser,太空激光,Item / 物品,Large / 大型,Gold / 黄金,Gold/Diamond,Stelle / 斯黛尔,Weapon / 武器 | Tech / 科技 | Ray / 射线,Damage / 伤害 | FlyingRef / 飞行引用,32.0,32/28,9999,9999,0,,0,,0,,0,,1,1,0,,0,,0,,0,,0,0,0,0,"[主动] 造成9999伤害
[被动] 使用飞行物品时，为此物品充能1秒",null,此物品的价值翻倍,减速3件物品4秒,冻结3件物品1秒,加速3件物品4秒,获得护盾，等量于此物品伤害量,获得治疗，等量于此物品伤害,造成剧毒，等量于此物品伤害的10%,造成灼烧，等量于此物品伤害的10%,此物品+1多重释放,此物品+50%暴击率,此物品免疫冻结、减速和摧毁,此物品的伤害翻倍
82a40f01-8145-45ea-8185-b565dc9bad7a,Pizza,披萨,Item / 物品,Medium / 中型,Silver / 白银,Silver/Gold/Diamond,Jules / 朱尔斯,Food / 食物,Regen / 再生 | Burn / 灼烧 | HeatedReference,8.0,8,0,,0,,0,,0,,0,,6,6,2,2/4/6,0,,2,2/4/6,0,,0,0,0,0,"[主动] 生命再生量提高2/4/6
[主动] 高温时：造成2/4/6灼烧",null,此物品的价值翻倍,减速1件物品1秒,冻结一件物品0.5秒,加速1件物品1秒,获得护盾，等量于此物品生命再生量的5倍,获得治疗，等量于此物品生命再生量的5倍,造成剧毒，等量于此物品生命再生量,此物品的灼烧翻倍,此物品+1多重释放,此物品+50%暴击率,此物品免疫冻结、减速和摧毁,造成伤害，等量于此物品生命再生的5倍
82cdc29a-cb0e-40e4-b2b8-d4ea79d3555f,Firefly Lantern,萤火灯笼,Item / 物品,Small / 小型,Bronze / 青铜,Bronze/Silver/Gold/Diamond,Karnok,Tool / 工具 | Friend / 伙伴,Burn / 灼烧 | RageReference,10.0,10/9/8/7,0,,0,,0,,0,,0,,3,3,2,2/4/6/8,0,,0,,0,,0,0,0,0,"[主动] 造成2/4/6/8灼烧
[被动] 当你退出暴怒状态时，使用此物品",null,此物品的价值翻倍,减速一件物品1秒,冻结一件物品0.5秒,加速一件物品1秒,获得护盾，等量于此物品灼烧的5倍,获得治疗，等量于此物品灼烧的5倍,造成剧毒，等量于此物品灼烧,此物品的灼烧翻倍,此物品+1多重释放,此物品+50%暴击率,此物品免疫冻结、减速和摧毁,造成伤害，等量于此物品灼烧的5倍
82d41afc-d1a9-41ee-a03d-fd9305bef8b5,Octopus,章鱼,Item / 物品,Medium / 中型,Legendary / 传奇,Diamond/Legendary,Common / 通用,Aquatic / 水系 | Weapon / 武器 | Friend / 伙伴,Damage / 伤害,9.0,8/9,8,8,0,,0,,0,,0,,8,8,0,,0,,0,,0,,0,0,0,0,[主动] 造成8伤害,null,此物品的价值翻倍,减速一件物品1秒,冻结一件物品0.5秒,加速一件物品1秒,获得护盾，等量于此物品伤害量,获得治疗，等量于此物品伤害,造成剧毒，等量于此物品伤害的10%,造成灼烧，等量于此物品伤害的10%,此物品+4多重释放,此物品+50%暴击率,此物品免疫冻结、减速和摧毁,此物品的伤害翻倍
82edae84-1f2a-4154-9273-b7274be2cf92,Dragonmelon,火龙瓜,Item / 物品,Medium / 中型,Gold / 黄金,Gold/Diamond,Jules / 朱尔斯,Food / 食物 | Dragon / 龙,Shield / 护盾 | Health / 生命值 | ChilledReference,8.0,8,0,,0,,0,0,0,,0,,1,1,0,,0,,0,,0,,0,0,0,0,"[主动] 获得护盾，等量于你最大生命值的15/20%
[被动] 霜冻时：你+25%最大生命值",null,此物品的价值翻倍,减速2件物品3秒,冻结2件物品1秒,加速2件物品3秒,此物品的护盾翻倍,获得治疗，等量于此物品护盾值,造成剧毒，等量于此物品护盾值的10%,造成灼烧，等量于此物品护盾值的10%,此物品+1多重释放,此物品+50%暴击率,此物品免疫冻结、减速和摧毁,造成伤害，等量于此物品护盾
8307efa3-97b6-4645-a3cb-de4930880ef4,Slushee,冰沙,Item / 物品,Small / 小型,Silver / 白银,Silver/Gold/Diamond,Jules / 朱尔斯,Food / 食物,Freeze / 冻结 | Shield / 护盾 | ChilledReference,6.0,6/5/4,0,,0,,20,20,0,,0,,1,1,0,,0,,0,,0,,0,0,0,0,"[主动] 获得20护盾
[主动] 冻结一件物品0.5秒
[被动] 霜冻时：此物品+1多重释放",null,此物品的价值翻倍,减速一件物品1秒,此物品的冻结持续时间翻倍,加速一件物品1秒,此物品的护盾翻倍,获得治疗，等量于此物品护盾值,造成剧毒，等量于此物品护盾值的10%,造成灼烧，等量于此物品护盾值的10%,此物品+1多重释放,此物品+50%暴击率,此物品免疫冻结、减速和摧毁,造成伤害，等量于此物品护盾
832afbee-fdb4-47e2-b4ac-0206b8955816,Lemonade Stand,柠檬水摊,Item / 物品,Large / 大型,Silver / 白银,Silver/Gold/Diamond,Pygmalien / 皮格马利翁,Property / 地产,Regen / 再生 | Health / 生命值,11.0,11/10/9,0,,0,,0,,0,,0,,1,1,0,,0,,0,0,0,,0,0,0,0,"[主动] 生命再生量提高，增幅等于你最大生命值的5%[0]
[被动] 出售小型物品时，获得+10/15/20最大生命值",null,小型物品+1价值,减速3件物品4秒,冻结3件物品1秒,加速3件物品4秒,获得护盾，等量于此物品生命再生量的5倍,获得治疗，等量于此物品生命再生量的5倍,造成剧毒，等量于此物品生命再生量的一半,造成灼烧，等量于此物品生命再生量的一半,此物品+1多重释放,此物品+50%暴击率,此物品免疫冻结、减速和摧毁,造成伤害，等量于此物品生命再生的5倍
833b205c-b5a6-4095-b816-a8df156ef7fa,Coffee,咖啡,Item / 物品,Small / 小型,Bronze / 青铜,Bronze/Silver/Gold/Diamond,Jules / 朱尔斯,Food / 食物,Haste / 加速,4.0,4,0,,0,,0,,0,,0,,1,1,0,,0,,0,,0,,0,0,0,0,[主动] 加速左侧相邻物品1/2/3/4秒,null,此物品的价值翻倍,减速一件物品1秒,冻结一件物品0.5秒,此物品的加速持续时间翻倍,获得20护盾,治疗20生命值,造成2剧毒,造成2灼烧,此物品+1多重释放,此物品左侧相邻的物品+50%暴击率,此物品左侧相邻的物品受冻结和减速影响的时间减半,造成20伤害
8391a75d-56e7-4206-a16e-62dbd986925f,Shoe Blade,靴里剑,Item / 物品,Small / 小型,Bronze / 青铜,Bronze/Silver/Gold/Diamond,Vanessa / 瓦内莎,Weapon / 武器 | Apparel / 服饰,Damage / 伤害 | Crit / 暴击,6.0,6,25,25/50/100/200,0,,0,,0,,0,,1,1,0,,0,,0,,0,,0,0,0,0,"[主动] 造成25/50/100/200伤害
[被动] 此物品在每场战斗中首次使用时+100%暴击率",null,此物品的价值翻倍,减速一件物品3秒,冻结一件物品0.5秒,加速一件物品3秒,获得护盾，等量于此物品伤害量,获得治疗，等量于此物品伤害,造成剧毒，等量于此物品伤害的10%,造成灼烧，等量于此物品伤害的10%,此物品+1多重释放,此物品造成双倍暴击伤害,此物品免疫冻结、减速和摧毁,此物品的伤害翻倍
83befde2-64f9-4cd3-a2bd-a080a0c85ae3,Cutlery Forge,餐具锻造炉,Item / 物品,Large / 大型,Silver / 白银,Silver/Gold/Diamond,Jules / 朱尔斯,Property / 地产,HeatedReference | Burn / 灼烧 | BurnRef / 灼烧引用 | DamageRef / 伤害引用,6.0,6,0,,0,,0,,0,,0,,1,1,2,2/4/6,0,,0,,0,,0,0,0,0,"[主动] 己方物品获得6/12/18，其他高温物品获得4/8/12
[被动] 触发灼烧时，充能此物品1秒
[被动] 高温时：当你使用工具时，造成2/4/6灼烧",null,此物品的价值翻倍,减速1件物品1秒,冻结一件物品0.5秒,加速1件物品1秒,获得120护盾,治疗120生命值,造成12剧毒,此物品的灼烧翻倍,此物品+1多重释放,己方其他物品+30%暴击率,此物品免疫冻结、减速和摧毁,此物品的武器提升翻倍
83e11622-b978-40a1-9e8b-e0970a1e5f4f,Frozen Horror,冰霜之怖,Item / 物品,Medium / 中型,Gold / 黄金,Gold/Diamond,Mak / 马克,Reagent / 试剂 | Relic / 遗物,Freeze / 冻结 | Poison / 剧毒 | Ammo / 弹药,3.0,3,0,,0,,0,,2,2,0,,1,1,0,,100,100/200,0,,0,,0,0,0,0,"[主动] 冻结2/3件物品1秒
[主动] 弹药: 2
[被动] 此物品弹药耗尽时，对双方玩家造成100/200剧毒
[被动] 此物品转化时，为其赋予寒冰附魔（如适用）",null,此物品的价值翻倍,减速2件物品1秒,此物品的冻结持续时间翻倍,加速2件物品1秒,获得75护盾,治疗75生命值,此物品的剧毒翻倍,造成7灼烧,此物品+1多重释放,己方物品+25%暴击率,此物品免疫冻结、减速和摧毁,造成75伤害
83fae686-a12e-4626-8574-e6141f611fbc,Char Cole,炭火科尔,Item / 物品,Small / 小型,Bronze / 青铜,Bronze/Silver/Gold/Diamond,Dooley / 杜利,Friend / 伙伴,Burn / 灼烧,8.0,8,0,,0,,0,,0,,0,,1,1,3,3/4/5/6,0,,0,,0,,0,0,0,0,"[主动] 造成3/4/5/6灼烧
[被动] 当你使用其他伙伴时，此物品获得1/2/3/4",null,此物品的价值翻倍,减速一件物品4秒,冻结一件物品1秒,加速一件物品4秒,获得护盾，等量于此物品灼烧的5倍,获得治疗，等量于此物品灼烧的5倍,造成剧毒，等量于此物品灼烧,此物品的灼烧翻倍,此物品+1多重释放,此物品+50%暴击率,此物品免疫冻结、减速和摧毁,造成伤害，等量于此物品灼烧的5倍
840b6bc5-4786-40bc-b864-cc5c2b78641a,Piranha,食人鱼,Item / 物品,Small / 小型,Bronze / 青铜,Bronze/Silver/Gold/Diamond,Vanessa / 瓦内莎,Aquatic / 水系 | Weapon / 武器 | Friend / 伙伴,Damage / 伤害 | Charge / 充能,8.0,8/7/6/5,15,15,0,,0,,0,,0,,1,1,0,,0,,0,,0,,0,0,0,0,"[主动] 造成15伤害
[被动] 当你使用其他伙伴或食物时，充能此物品1秒",null,此物品的价值翻倍,减速一件物品1秒,冻结一件物品0.5秒,加速一件物品1秒,获得护盾，等量于此物品伤害量,获得治疗，等量于此物品伤害,造成剧毒，等量于此物品伤害的10%,造成灼烧，等量于此物品伤害的10%,此物品+1多重释放,此物品+50%暴击率,此物品免疫冻结、减速和摧毁,此物品的伤害翻倍
843ddc82-9d87-4995-b81c-bf31ae45fd30,Bushel,果篮,Item / 物品,Medium / 中型,Bronze / 青铜,Bronze/Silver/Gold/Diamond,Pygmalien / 皮格马利翁,Food / 食物,Heal / 治疗 | ShieldRef / 护盾引用 | Health / 生命值,5.0,5,0,,20,20/40/80/160,0,,0,,0,,1,1,0,,0,,0,,0,,0,0,0,0,"[主动] 治疗20/40/80/160生命值
[被动] 使用相邻物品时，获得10/20/40/80最大生命值
[被动] 获得护盾时，充能此物品1秒",null,此物品的价值翻倍,减速一件物品1秒,冻结一件物品0.5秒,加速一件物品1秒,获得护盾，等量于此物品治疗量,此物品的治疗翻倍,造成剧毒，等量于此物品治疗量的10%,造成灼烧，等量于此物品治疗量的10%,此物品+1多重释放,此物品+50%暴击率,此物品免疫冻结、减速和摧毁,造成伤害，等量于此物品治疗量
844efa15-de6f-4fec-a438-21904969577b,Red Piggles A,红色小圆猪 邻,Item / 物品,Small / 小型,Bronze / 青铜,Bronze/Silver/Gold/Diamond,Pygmalien / 皮格马利翁,Toy / 玩具,DamageRef / 伤害引用,4.0,4,0,,0,,0,,0,,0,,1,1,0,,0,,0,,0,,0,0,0,0,[主动] 相邻武器获得3/6/9/12,null,,减速一件物品2秒,冻结一件物品0.5秒,加速一件物品2秒,相邻物品获得0,相邻物品获得0,相邻物品获得0,相邻物品获得0,此物品+1多重释放,相邻武器+25%暴击率,此物品免疫冻结、减速和摧毁,相邻物品获得0
844f0836-fa5f-485d-83ba-e0795dd3c937,Astrolabe,星盘,Item / 物品,Medium / 中型,Silver / 白银,Silver/Gold/Diamond,Vanessa / 瓦内莎,Tool / 工具,Haste / 加速,5.0,5,0,,0,,0,,0,,0,,1,1,0,,0,,0,,0,,0,0,0,0,"[主动] 加速2/3/4件物品1秒
[被动] 使用另一件非武器物品时，充能此物品1秒",null,此物品的价值翻倍,减速一件物品1秒,冻结一件物品0.5秒,此物品的加速持续时间翻倍,每拥有一件非武器物品，就获得20护盾,每拥有一件非武器物品，就治疗20生命值,每拥有一件非武器物品，就造成2剧毒,每拥有一件非武器物品，就造成2灼烧,此物品+1多重释放,己方非武器物品+30%暴击率,此物品免疫冻结、减速和摧毁,每拥有一件非武器物品，就造成20伤害
8451b8d1-2b0f-433f-bf88-36054ff4525f,Rapid Injection System,快速注射系统,Item / 物品,Medium / 中型,Silver / 白银,Silver/Gold/Diamond,Mak / 马克,Tool / 工具,Poison / 剧毒 | Regen / 再生,0.0,,0,,0,,0,,0,,0,,0,,0,,3,3/6/9,3,3/6/9,0,,0,0,0,0,"[被动] 当你对自己造成剧毒时，造成3/6/9剧毒
[被动] 使用相邻物品时，对自己造成3/6/9剧毒，且生命再生量提高3/6/9",null,此物品的价值翻倍,当你对自己造成剧毒时，减速一件物品1秒,当你对自己造成剧毒时，冻结一件物品0.5秒,当你对自己造成剧毒时，加速一件物品1秒,当你对自己造成剧毒时，获得护盾，等量于此物品剧毒的5倍,对自己触发剧毒时，获得治疗，等量于此物品剧毒的5倍,此物品的剧毒翻倍,当你对自己造成剧毒时，造成0灼烧,此物品的生命再生量翻倍,相邻物品+40%暴击率,相邻物品受冻结和减速影响的时间减半,当你对自己造成剧毒时，造成伤害，等量于此物品剧毒的5倍
84650135-9f2d-4ee6-b1e5-a011a256ce0d,Angry Balloon Bot,愤怒气球机器人,Item / 物品,Medium / 中型,Gold / 黄金,Gold/Diamond,Dooley / 杜利,Friend / 伙伴 | Weapon / 武器,ShieldRef / 护盾引用 | Damage / 伤害,7.0,7/6,10,10,0,,0,,0,,0,,1,1,0,,0,,0,,0,,0,0,0,0,"[主动] 造成10伤害
[被动] 当你失去护盾时，此物品获得伤害，等量于失去的护盾",null,此物品的价值翻倍,减速2件物品2秒,冻结一件物品1秒,加速2件物品2秒,获得护盾，等量于此物品伤害量,获得治疗，等量于此物品伤害,造成剧毒，等量于此物品伤害的10%,造成灼烧，等量于此物品伤害的10%,此物品+1多重释放,此物品+50%暴击率,此物品免疫冻结、减速和摧毁,此物品的伤害翻倍
846c1398-9cc2-4aac-bc84-adadd1382f42,Green Piggles A,绿色小圆猪 邻,Item / 物品,Small / 小型,Bronze / 青铜,Bronze/Silver/Gold/Diamond,Pygmalien / 皮格马利翁,Toy / 玩具,HealRef / 治疗引用,4.0,4,0,,0,,0,,0,,0,,1,1,0,,0,,0,,0,,0,0,0,0,[主动] 相邻治疗物品获得3/6/9/12,null,,减速一件物品2秒,冻结一件物品0.5秒,加速一件物品2秒,相邻物品获得0,此物品的治疗加成翻倍,相邻物品获得0,相邻物品获得0,此物品+1多重释放,相邻治疗物品+25%暴击率,此物品免疫冻结、减速和摧毁,相邻物品获得0
84a27aa9-5606-4418-a2dd-d6e4065e81c9,Hands of Time,时光指针,Item / 物品,Medium / 中型,Silver / 白银,Silver/Gold/Diamond,Common / 通用,Relic / 遗物 | Tool / 工具,Cooldown / 冷却,6.0,6/5/4,0,,0,,0,,0,,0,,1,1,0,,0,,0,,0,,0,0,0,0,[主动] 使另一件工具的冷却时间缩短1000秒,null,此物品的价值翻倍,减速2件物品1秒,冻结一件物品1秒,加速2件物品1秒,获得100护盾,治疗100生命值,造成10剧毒,造成10灼烧,此物品+1多重释放,己方工具+40%暴击率,此物品免疫冻结、减速和摧毁,造成100伤害
84b74f1e-0960-4c71-bb4f-d35e114250c2,Yo-Yo,悠悠球,Item / 物品,Small / 小型,Silver / 白银,Silver/Gold/Diamond,Pygmalien / 皮格马利翁,Weapon / 武器 | Toy / 玩具,Damage / 伤害,4.0,4,1,1,0,,0,,0,,0,,1,1,0,,0,,0,,0,,0,0,0,0,"[主动] 造成1伤害
[被动] 使用相邻物品时，充能此物品2/3/4秒",null,此物品的价值翻倍,减速一件物品1秒,冻结一件物品0.5秒,加速一件物品1秒,获得护盾，等量于此物品伤害量,获得治疗，等量于此物品伤害,造成剧毒，等量于此物品伤害的10%,造成灼烧，等量于此物品伤害的10%,此物品+1多重释放,此物品+50%暴击率,此物品免疫冻结、减速和摧毁,此物品的伤害翻倍
84edf515-c3bc-43f4-becb-b53b59e4abcc,Hidden Lake,隐秘之湖,Item / 物品,Large / 大型,Silver / 白银,Silver/Gold/Diamond,Karnok,Property / 地产 | Aquatic / 水系,Health / 生命值 | Cooldown / 冷却,0.0,,0,,0,,0,,0,,0,,0,,0,,0,,0,,0,,0,0,0,0,"[被动] 你的最大生命值+20/30/40%
[被动] 当你的生命值低于最大生命值的50%时，相邻物品冷却时间缩短一半",null,此物品的价值翻倍,每场战斗中首次生命值降至一半以下时，减速4件物品4秒,每场战斗中首次生命值降至一半以下时，冻结2件敌方物品4秒,每场战斗中首次生命值降至一半以下时，加速4件物品4秒,每场战斗中首次生命值降至一半以下时，获得护盾，等量于你最大生命值的20%,每场战斗中首次生命值降至一半以下时，获得治疗，等量于你最大生命值的20%,每场战斗中首次生命值降至一半以下时，造成剧毒，等量于你最大生命值的5%,每场战斗中首次生命值降至一半以下时，造成灼烧，等量于你最大生命值的5%,相邻物品+1多重释放,相邻物品+50%暴击率,相邻物品受冻结和减速影响的时间减半,每场战斗中首次生命值降至一半以下时，造成伤害，等量于你最大生命值的20%
84f2a5ad-fc48-4763-bfc8-8919a9369f9c,Beast Call,兽笛,Item / 物品,Small / 小型,Bronze / 青铜,Bronze/Silver/Gold/Diamond,Karnok,Tool / 工具,Haste / 加速,6.0,6/5/4/3,0,,0,,0,,0,,0,,1,1,0,,0,,0,,0,,0,0,0,0,[主动] 加速相邻伙伴2秒,null,此物品的价值获取值翻倍,减速一件物品1秒,冻结一件物品0.5秒,此物品的加速持续时间翻倍,获得30护盾,治疗30生命值,造成3剧毒,造成3灼烧,此物品+1多重释放,相邻伙伴+30%暴击率,此物品免疫冻结、减速和摧毁,造成30伤害
8535493a-67ae-4248-a34d-176549948686,Magma Core,岩浆核心,Item / 物品,Small / 小型,Bronze / 青铜,Bronze/Silver/Gold/Diamond,Common / 通用,,Burn / 灼烧,0.0,,0,,0,,0,,0,,0,,0,,6,6/9/12/15,0,,0,,0,,0,0,0,0,[被动] 每场战斗开始时，造成6/9/12/15灼烧,null,此物品的价值翻倍,每场战斗开始时，减速一件物品4秒,每场战斗开始时，冻结一件物品2秒,每场战斗开始时，加速一件物品4秒,每场战斗开始时，获得护盾，等量于此物品灼烧的5倍,每场战斗开始时，生命再生量提高6。,每场战斗开始时，造成剧毒，等量于此物品的灼烧,此物品的灼烧翻倍,,,,每场战斗开始时，造成伤害，等量于此物品灼烧的5倍
855cf2a5-930b-43db-b388-9f814f80a4fb,Piggy Bank,猪猪存钱罐,Item / 物品,Small / 小型,Bronze / 青铜,Bronze/Silver/Gold/Diamond,Pygmalien / 皮格马利翁,Toy / 玩具,EconomyRef / 经济引用 | Value / 价值 | Gold / 金币,0.0,,0,,0,,0,,0,,0,,0,,0,,0,,0,,0,,0,0,0,0,"[被动] 出售此物品时，获得零钱，等量于此物品价值。
[被动] 每小时开始时，花费2金币，永久获得1价值。",null,可以免费获得增益了！,,,,,,,,此物品的价值获取值翻倍,,,
85605c06-1990-4803-8ec5-ac49cefa5adc,Philosopher's Stone,魔法石,Item / 物品,Small / 小型,Bronze / 青铜,Bronze/Silver/Gold/Diamond,Mak / 马克,Relic / 遗物,Regen / 再生,5.0,5,0,,0,,0,,0,,0,,1,1,0,,0,,3,3,0,,0,0,0,0,"[主动] 生命再生量提高3
[被动] 本次冒险中每转化过一种原料，此物品+1/2/3/4
[被动] 当你购买此物品时，获得一件催化剂",null,此物品的价值翻倍,减速一件物品3秒,冻结一件物品0.5秒,加速一件物品3秒,获得护盾，等量于此物品生命再生量的5倍,获得治疗，等量于此物品生命再生量的5倍,造成剧毒，等量于此物品生命再生量,造成灼烧，等量于此物品的生命再生量,此物品+1多重释放,此物品+50%暴击率,此物品免疫冻结、减速和摧毁,造成伤害，等量于此物品生命再生的5倍
85a8c6f1-b74e-49f3-817b-680112b69ac0,Assembly Line,,Item / 物品,Large / 大型,Silver / 白银,Silver/Gold/Diamond,Dooley / 杜利,,Cooldown / 冷却,0.0,,0,,0,,0,,0,,0,,0,,0,,0,,0,,0,,0,0,0,0,[被动] 己方伙伴冷却时间缩短10/15/20%,null,此物品的价值翻倍,,,,,,,,,此物品+50%暴击率,,
85bbf340-b66e-4c27-9d62-4f6181f1a6a5,Bread,面包,Item / 物品,Medium / 中型,Silver / 白银,Silver/Gold/Diamond,Jules / 朱尔斯,Food / 食物,Regen / 再生 | RegenRef / 再生引用 | HasteRef / 加速引用,5.0,5,0,,0,,0,,0,,0,,1,1,0,,0,,10,10/20/30,0,,0,0,0,0,"[主动] 生命再生量提高10/20/30
[被动] 加速此物品时，己方物品获得2/4/6",null,此物品的价值翻倍,减速1件物品1秒,冻结一件物品0.5秒,加速1件物品1秒,获得护盾，等量于此物品生命再生量的5倍,获得治疗，等量于此物品生命再生量的5倍,造成剧毒，等量于此物品生命再生量,造成灼烧，等量于此物品的生命再生量,此物品+1多重释放,此物品+50%暴击率,此物品免疫冻结、减速和摧毁,造成伤害，等量于此物品生命再生的5倍
85f59c88-c391-4a03-8c3b-f312518e81de,Force Field,力场,Item / 物品,Large / 大型,Silver / 白银,Silver/Gold/Diamond,Dooley / 杜利,Weapon / 武器 | Tech / 科技,Shield / 护盾 | Damage / 伤害,5.0,5,0,0,0,,30,30/60/120,0,,0,,1,1,0,,0,,0,,0,,0,0,0,0,"[主动] 获得30/60/120护盾
[主动] 造成伤害，等量于己方护盾",null,此物品的价值翻倍,减速3件物品1秒,冻结一件物品2秒,加速3件物品1秒,此物品的护盾翻倍,获得治疗，等量于当前护盾值,造成剧毒，等量于此物品伤害的10%,造成灼烧，等量于此物品伤害的10%,此物品+1多重释放,此物品+50%暴击率,此物品免疫冻结、减速和摧毁,此物品的伤害翻倍
85fc3511-fd04-45ed-b273-e3dece9cd77f,Dooltron Mainframe,多尔王主机,Item / 物品,Medium / 中型,Gold / 黄金,Gold/Diamond,Dooley / 杜利,Property / 地产 | Tech / 科技,Charge / 充能 | Haste / 加速,0.0,,0,,0,,0,,0,,0,,0,,0,,0,,0,,0,,0,0,0,0,"[被动] 使用伙伴时，充能一件核心1/2秒并加速一件大型物品1/2秒
[被动] 己方多尔王拥有核心类型",null,此物品的价值翻倍,当你使用一件伙伴时，减速一件物品1秒,当你使用一件伙伴时，冻结一件物品0.5秒,此物品的加速持续时间翻倍,使用伙伴时，获得20护盾,使用伙伴时，获得20治疗,使用伙伴时，造成2剧毒,使用伙伴时，造成2灼烧,此物品的充能量翻倍,己方伙伴+40%暴击率,己方伙伴受冻结和减速影响的时长减半,使用伙伴时，造成20伤害
8619fc8b-ceec-4be6-9289-8c7b6f05a631,Leather Jacket,皮夹克,Item / 物品,Medium / 中型,Gold / 黄金,Gold/Diamond,Karnok,Apparel / 服饰,RageReference,0.0,,0,,0,,0,,0,,0,,0,,0,,0,,0,,0,,0,0,0,0,"[被动] 你受到的伤害减少30/60%
[被动] 当你进入暴怒状态或沙尘暴开始时，摧毁此物品",null,此物品的价值翻倍,当你进入暴怒状态时，减速2件物品4秒,当你进入暴怒状态时，冻结2件物品2秒,当你进入暴怒状态时，加速2件物品4秒,当你进入暴怒状态时，获得护盾，等量于你最大生命值的10%,当你进入暴怒状态时，获得治疗，等量于你最大生命值的10%,当你进入暴怒状态时，造成剧毒，等量于你最大生命值的2%,当你进入暴怒状态时，造成灼烧，等量于你最大生命值的2%,此物品额外使你受到的伤害减少20%,己方物品+25%暴击率,相邻物品受冻结和减速影响的时间减半,当你进入暴怒状态时，造成伤害，等量于你最大生命值的10%
8659e6da-45a8-433b-8d91-35c0d2ccb912,Temporal Navigator,时空穿梭机,Item / 物品,Medium / 中型,Bronze / 青铜,Bronze/Silver/Gold/Diamond,Dooley / 杜利,Tech / 科技 | Vehicle / 载具,TechReference | Haste / 加速,9.0,9/8/7/6,0,,0,,0,,0,,0,,1,1,0,,0,,0,,0,,0,0,0,0,"[主动] 加速相邻物品2秒
[被动] 如果此物品是己方唯一的科技物品，其冷却时间减半
[被动] 每天开始时，获得一件来自任意英雄的遗物",null,此物品的价值翻倍,减速一件物品1秒,冻结一件物品0.5秒,此物品的加速持续时间翻倍,每拥有一件遗物，就获得10护盾,每拥有一件遗物，就获得10治疗,每拥有一件遗物，就造成1剧毒,每拥有一件遗物，就造成1灼烧,此物品+1多重释放,己方遗物+10%暴击率,此物品免疫冻结、减速和摧毁,每拥有一件遗物，就造成10伤害
865a673a-beae-4f5c-b04a-dd3fd026bc6d,Flagship,旗舰,Item / 物品,Large / 大型,Silver / 白银,Silver/Gold/Diamond,Vanessa / 瓦内莎,Aquatic / 水系 | Vehicle / 载具 | Weapon / 武器,Damage / 伤害 | AmmoRef / 弹药引用,5.0,5,50,50/100/200,0,,0,,0,,0,,1,1,0,,0,,0,,0,,0,0,0,0,"[主动] 造成50/100/200伤害
[被动] 此物品以外，每拥有一种工具、地产、伙伴、弹药或遗物物品，此物品就+1多重释放。",null,此物品的价值翻倍,减速一件物品1秒,冻结一件物品0.5秒,加速一件物品1秒,获得护盾，等量于此物品伤害量,获得治疗，等量于此物品伤害,造成剧毒，等量于此物品伤害的10%,造成灼烧，等量于此物品伤害的10%,此物品的伤害翻倍,此物品+50%暴击率,此物品免疫冻结、减速和摧毁,此物品的伤害翻倍
8666a1de-066f-47c4-9d9b-87eea7d9f25a,Pauldrons,肩铠,Item / 物品,Medium / 中型,Silver / 白银,Silver/Gold/Diamond,Karnok,Apparel / 服饰,Shield / 护盾 | RageReference,5.0,5/4/3,0,,0,,0,0,0,,0,,1,1,0,,0,,0,,0,,0,0,0,0,"[主动] 获得护盾，等量于本场战斗中你获得的怒火总值的两倍
[被动] 暴怒期间，己方护盾物品的护盾翻倍",null,此物品的价值翻倍,减速一件物品1秒,冻结一件物品0.5秒,加速一件物品1秒,此物品的护盾翻倍,获得治疗，等量于此物品护盾值,造成剧毒，等量于此物品护盾值的10%,造成灼烧，等量于此物品护盾值的10%,此物品+1多重释放,此物品+50%暴击率,此物品免疫冻结、减速和摧毁,造成伤害，等量于此物品护盾
86769097-271e-46ee-8d42-317c6d8a7a09,Atomic Clock,原子钟,Item / 物品,Medium / 中型,Silver / 白银,Silver/Gold/Diamond,Dooley / 杜利,Tech / 科技 | Tool / 工具,Ammo / 弹药 | Cooldown / 冷却,1.0,1,0,,0,,0,,2,2/3/4,0,,1,1,0,,0,,0,,0,,0,0,0,0,"[主动] 使一件敌人物品的冷却时间延长1000秒
[主动] 弹药: 2/3/4",null,此物品的价值翻倍,减速一件物品1秒,冻结一件物品0.5秒,加速一件物品1秒,获得25护盾,治疗25生命值,造成2剧毒,造成2灼烧,此物品+1多重释放,己方物品+25%暴击率,此物品免疫冻结、减速和摧毁,造成25伤害
86f9a35d-73d6-456c-b56d-ddb6adc64175,Mortal Coil,凡躯之缚,Item / 物品,Medium / 中型,Gold / 黄金,Gold/Diamond,Common / 通用,Weapon / 武器 | Relic / 遗物,Damage / 伤害 | Lifesteal / 生命偷取,9.0,9,50,50/100,0,,0,,0,,0,,1,1,0,,0,,0,,100,100,0,0,0,0,"[主动] 造成50/100伤害
[被动] 左侧相邻的武器拥有吸血",null,此物品的价值翻倍,减速2件物品3秒,冻结2件物品1秒,加速2件物品3秒,获得护盾，等量于此物品伤害量,获得治疗，等量于此物品伤害,造成剧毒，等量于此物品伤害的10%,造成灼烧，等量于此物品伤害的10%,左侧相邻的武器+1多重释放,此物品+50%暴击率,此物品免疫冻结、减速和摧毁,此物品的伤害翻倍
8863af7b-4b2d-4456-81d8-e1d9f0dce4a9,Super Syrup,超级糖浆,Item / 物品,Medium / 中型,Bronze / 青铜,Bronze/Silver/Gold/Diamond,Common / 通用,Food / 食物,Crit / 暴击 | Ammo / 弹药,4.0,4,0,,0,,0,,10,10,0,,1,1,0,,0,,0,,0,,0,0,0,0,"[主动] 相邻物品的暴击率永久提升1/2/3/4%
[主动] 此物品永久失去1最大弹药量
[主动] 弹药: 10
[被动] 每场战斗结束时，如果此物品没有弹药，则将其永久摧毁",null,,,,,,,,,,,,
88ca9279-a62c-4bdb-ba2c-06871a7c5b7d,Armored Core,装甲核心,Item / 物品,Medium / 中型,Silver / 白银,Silver/Gold/Diamond,Dooley / 杜利,Core / 核心 | Tech / 科技,Shield / 护盾 | ShieldRef / 护盾引用,7.0,7/6/5,0,,0,,20,20,0,,0,,1,1,0,,0,,0,,0,,0,0,0,0,"[主动] 获得20护盾
[主动] 此物品和右侧所有护盾物品+15/30/60。
[被动] 当你使用左侧的任意物品时，充能此物品1秒",null,此物品的价值翻倍,减速2件物品1秒,冻结一件物品1秒,加速2件物品1秒,此物品的护盾翻倍,获得治疗，等量于此物品护盾值,造成剧毒，等量于此物品护盾值的10%,造成灼烧，等量于此物品护盾值的10%,此物品+1多重释放,此物品+50%暴击率,此物品免疫冻结、减速和摧毁,造成伤害，等量于此物品护盾
88e65c34-6865-4222-8eec-c18d48b2aa8d,Seaweed,水草,Item / 物品,Small / 小型,Bronze / 青铜,Bronze/Silver/Gold/Diamond,Vanessa / 瓦内莎,Aquatic / 水系 | Food / 食物,Heal / 治疗,7.0,7,0,,20,20,0,,0,,0,,1,1,0,,0,,0,,0,,0,0,0,0,"[主动] 治疗20生命值
[被动] 当你使用水系物品时，此物品获得5/10/15/20",null,此物品的价值翻倍,减速一件物品3秒,冻结一件物品0.5秒,加速一件物品3秒,获得护盾，等量于此物品治疗量,此物品的治疗翻倍,造成剧毒，等量于此物品治疗量的10%,造成灼烧，等量于此物品治疗量的10%,此物品+1多重释放,此物品+50%暴击率,此物品免疫冻结、减速和摧毁,造成伤害，等量于此物品治疗量
8908d2d1-1a7e-4f97-8ecb-6834e96b1eab,Captain's Quarters,船长舱,Item / 物品,Large / 大型,Silver / 白银,Silver/Gold/Diamond,Vanessa / 瓦内莎,Aquatic / 水系 | Property / 地产,Haste / 加速 | DamageRef / 伤害引用 | AmmoRef / 弹药引用,4.0,4,0,,0,,0,,0,,0,,1,1,0,,0,,0,,0,,0,0,0,0,"[主动] 加速工具与载具1/2/3秒
[主动] 装填己方物品1/2/3弹药
[主动] 己方物品获得20/30/40",null,此物品的价值翻倍,减速3件物品1秒,冻结2件物品1秒,此物品的加速持续时间翻倍,获得120护盾,治疗120生命值,造成12剧毒,造成12灼烧,此物品+1多重释放,己方物品+30%暴击率,此物品免疫冻结、减速和摧毁,此物品的伤害加成翻倍
8938035e-be96-4827-bd34-7258253bd942,Flamberge,焰形剑,Item / 物品,Large / 大型,Diamond / 钻石,Diamond,Common / 通用,Weapon / 武器,Damage / 伤害 | CritReference,9.0,9,200,200,0,,0,,0,,0,,1,1,0,,0,,0,,0,,0,0,0,0,"[主动] 造成200伤害
[被动] 此物品造成四倍暴击伤害",null,此物品的价值翻倍,减速3件物品3秒,冻结3件物品1秒,加速3件物品3秒,获得护盾，等量于此物品伤害量,获得治疗，等量于此物品伤害,造成剧毒，等量于此物品伤害的10%,造成灼烧，等量于此物品伤害的10%,此物品+1多重释放,此物品+50%暴击率,此物品免疫冻结、减速和摧毁,此物品的伤害翻倍
893f5fec-30ed-4a1e-b896-5b086d952da4,Grindstone,磨刀砂轮,Item / 物品,Medium / 中型,Silver / 白银,Silver/Gold/Diamond,Pygmalien / 皮格马利翁,Tool / 工具,DamageRef / 伤害引用,3.0,3,0,,0,,0,,0,,0,,1,1,0,,0,,0,,0,,0,0,0,0,"[主动] 左侧相邻的武器获得10/20/30
[被动] 如果此物品左侧相邻的物品冷却时间超过5秒，此物品+1多重释放。",null,此物品的价值翻倍,当你使用左侧相邻的武器时，减速一件物品1秒,当你使用左侧相邻的武器时，冻结一件物品0.5秒,当你使用左侧相邻的武器时，加速该武器1秒,当你使用左侧相邻的武器时，获得20护盾,当你使用左侧相邻的武器时，获得20治疗,当你使用左侧相邻的武器时，造成2剧毒,当你使用左侧相邻的武器时，造成2灼烧,此物品+1多重释放,左侧相邻的武器+50%暴击率,左侧相邻的武器所受冻结和减速持续时间减半,此物品的伤害加成翻倍
894df8d8-e6a5-4310-919e-7a6d85fc7e49,Bomb Squad,炸弹小队,Item / 物品,Small / 小型,Bronze / 青铜,Bronze/Silver/Gold/Diamond,Dooley / 杜利,Friend / 伙伴,Burn / 灼烧 | Haste / 加速,9.0,9/8/7/6,0,,0,,0,,0,,0,,1,1,6,6,0,,0,,0,,0,0,0,0,"[主动] 造成6灼烧
[被动] 当你使用相邻伙伴时，加速此物品2秒",null,此物品的价值翻倍,减速一件物品3秒,冻结一件物品0.5秒,此物品的加速持续时间翻倍,获得护盾，等量于此物品灼烧的5倍,获得治疗，等量于此物品灼烧的5倍,造成剧毒，等量于此物品灼烧,此物品的灼烧翻倍,此物品+1多重释放,此物品+50%暴击率,此物品免疫冻结、减速和摧毁,造成伤害，等量于此物品灼烧的5倍
89573716-4efd-4d90-b8b5-0aeaa9e72ff0,Translation Crystal,翻译水晶,Item / 物品,Small / 小型,Gold / 黄金,Gold/Diamond,Common / 通用,Loot / 战利品,Cooldown / 冷却,0.0,,0,,0,,0,,0,,0,,0,,0,,0,,0,,0,,0,0,0,0,[被动] 出售此物品时，其他英雄的物品冷却时间缩短5/10%,null,出售此物品时，获得1金币,出售此物品时，己方最左侧的减速物品获得200减速持续时间,出售此物品时，己方最左侧的冻结物品获得100冻结持续时间,出售此物品时，己方最左侧的加速物品获得200加速持续时间,出售此物品时，最左侧的护盾物品+10,出售此物品时，最左侧的治疗物品+10,出售此物品时，己方最左侧的剧毒物品获得1,出售此物品时，己方最左侧的灼烧物品获得1,,出售此物品时，己方最左侧的物品获得2%暴击率,,出售此物品时，己方最左侧的武器获得10
8981892b-ce2a-43dc-a08e-2b5e8f8884fc,Shard of Obsidian,黑曜石碎片,Item / 物品,Small / 小型,Bronze / 青铜,Bronze/Silver/Gold/Diamond,Mak / 马克,Weapon / 武器 | Reagent / 试剂,Damage / 伤害,5.0,5,5,5/10/20/40,0,,0,,0,,0,,1,1,0,,0,,0,,100,100,0,0,0,0,"[主动] 造成5/10/20/40伤害
[被动] 此物品转化时，为其赋予黑曜石附魔（如适用）。",null,此物品的价值翻倍,减速一件物品2秒,冻结一件物品0.5秒,加速一件物品2秒,获得护盾，等量于此物品伤害量,获得治疗，等量于此物品伤害,造成剧毒，等量于此物品伤害的10%,造成灼烧，等量于此物品伤害的10%,此物品+1多重释放,此物品+50%暴击率,此物品免疫冻结、减速和摧毁,此物品的伤害翻倍
899bc2a7-eec8-42e5-9c99-49b592617114,Harpoon,鱼叉,Item / 物品,Medium / 中型,Silver / 白银,Silver/Gold/Diamond,Vanessa / 瓦内莎,Aquatic / 水系,Ammo / 弹药,6.0,6/5/4,0,,0,,0,,2,2,0,,1,1,0,,0,,0,,0,,0,0,0,0,"[主动] 摧毁一件小型物品
[主动] 弹药: 2",null,此物品的价值翻倍,减速2件物品2秒,冻结一件物品1秒,加速2件物品2秒,获得150护盾,治疗150生命值,造成15剧毒,造成15灼烧,此物品+1多重释放,己方物品+25%暴击率,此物品免疫冻结、减速和摧毁,造成150伤害
8a0aad5c-caff-4963-b8e9-861bc5ace1ce,Wand,魔杖,Item / 物品,Small / 小型,Gold / 黄金,Gold/Diamond,Common / 通用,Toy / 玩具 | Relic / 遗物,Charge / 充能,6.0,6,0,,0,,0,,0,,0,,1,1,0,,0,,0,,0,,0,0,0,0,[主动] 为其他非武器物品充能1/2秒,null,此物品的价值翻倍,减速一件物品3秒,冻结一件物品0.5秒,加速一件物品3秒,获得60护盾,治疗60生命值,造成6剧毒,造成6灼烧,此物品+1多重释放,己方物品+20%暴击率,此物品免疫冻结、减速和摧毁,造成60伤害
8a9b0c1d-2e3f-4a5b-6c7d-8e9f0a1b2c3d,Idol of Decay,腐朽圣像,Item / 物品,Medium / 中型,Bronze / 青铜,Bronze/Silver/Gold/Diamond,Mak / 马克,Relic / 遗物,Poison / 剧毒 | Quest,5.0,5,0,,0,,0,,0,,0,,1,1,0,,2,2/4/6/8,0,,0,,0,0,0,0,[主动] 造成2/4/6/8剧毒,"目标: 购买8件剧毒物品 | 奖励: 触发剧毒时，此物品获得2/4/6/8
目标: 此物品拥有75点以上剧毒 | 奖励: 此物品+1多重释放
目标: 造访珍珠的考古发掘场 | 奖励: 此物品冷却时间缩短1000秒",此物品的价值翻倍,减速一件物品1秒,冻结一件物品0.5秒,加速一件物品1秒,获得护盾，等量于此物品剧毒的5倍,获得治疗，等量于此物品剧毒的5倍,此物品的剧毒翻倍,造成灼烧，等量于此物品的剧毒,此物品+1多重释放,此物品+50%暴击率,此物品免疫冻结、减速和摧毁,造成伤害，等量于此物品剧毒的5倍
8aaaa5fa-0145-4861-afa3-43cae80b0a3c,Log Trap,原木陷阱,Item / 物品,Medium / 中型,Gold / 黄金,Gold/Diamond,Karnok,Weapon / 武器 | Tool / 工具 | Trap,Damage / 伤害 | Ammo / 弹药 | RageReference | Slow / 减速,0.0,,500,500/1000,0,,0,,0,,0,,0,,0,,0,,0,,0,,0,0,0,0,"[被动] 每场战斗中敌人首次使用物品时，造成500/1000伤害并减速其所有物品1秒
[被动] 当你进入暴怒状态时，此物品在本场战斗中可额外触发一次",null,此物品的价值翻倍,此物品的减速持续时间翻倍,每场战斗中敌人首次使用物品时，冻结2件物品1秒,每场战斗中敌人首次使用物品时，加速2件物品3秒,每场战斗中敌人首次使用物品时，获得护盾，等量于此物品伤害,每场战斗中敌人首次使用物品时，获得治疗，等量于此物品伤害,每场战斗中敌人首次使用物品时，造成剧毒，等量于此物品伤害的10%,每场战斗中敌人首次使用物品时，造成灼烧，等量于此物品伤害的10%,此物品的伤害翻倍，且减速时间延长一倍,每场战斗中首次敌人使用物品时，己方物品+25%暴击率,相邻物品受冻结和减速影响的时间减半,此物品的伤害翻倍
8ae203cd-a429-4ade-b5e3-a612a906d71a,Gavel,木槌,Item / 物品,Small / 小型,Silver / 白银,Silver/Gold/Diamond,Pygmalien / 皮格马利翁,Weapon / 武器,Damage / 伤害 | Freeze / 冻结,8.0,8,100,100/200/400,0,,0,,0,,0,,1,1,0,,0,,0,,0,,0,0,0,0,"[主动] 造成100/200/400伤害
[主动] 冻结双方所有武器1秒",null,此物品的价值翻倍,除此物品外，减速双方所有武器2秒,此物品的冻结持续时间翻倍,除此物品外，加速双方所有武器2秒,获得护盾，等量于此物品伤害量,获得治疗，等量于此物品伤害,造成剧毒，等量于此物品伤害的10%,造成灼烧，等量于此物品伤害的10%,此物品+1多重释放,此物品+50%暴击率,此物品免疫冻结、减速和摧毁,此物品的伤害翻倍
8ae391d2-4267-4d73-96e5-24951a7a2d95,Trojan,木马病毒,Item / 物品,Medium / 中型,Gold / 黄金,Gold/Diamond,Dooley / 杜利,Tech / 科技,Charge / 充能 | Poison / 剧毒,6.0,6,0,,0,,0,,0,,0,,0,,0,,3,3/6,0,,0,,0,0,0,0,"[主动] 充能双方所有其他科技物品1秒
[被动] 当任意一方的科技物品被使用时，造成3/6剧毒",null,此物品的价值翻倍,当任意一方的科技物品被使用时，减速一件物品1秒,当任意一方的科技物品被使用时，冻结一件物品0.5秒,当任意一方的科技物品被使用时，加速一件物品1秒,当任意一方的科技物品被使用时，获得护盾，等量于此物品剧毒的5倍,当任意一方的科技物品被使用时，获得治疗，等量于此物品剧毒的5倍,此物品的剧毒翻倍,当任意一方的科技物品被使用时，造成灼烧，等量于此物品的剧毒,此物品+1多重释放,双方所有科技物品+40%暴击率,相邻物品受冻结和减速影响的时间减半,当任意一方的科技物品被使用时，造成伤害，等量于此物品剧毒的5倍
8b2ce029-7f69-401c-9811-3a6398237a90,Gingerbread Man,姜饼人,Item / 物品,Small / 小型,Bronze / 青铜,Bronze/Silver/Gold/Diamond,Common / 通用,Food / 食物 | Friend / 伙伴,Shield / 护盾,5.0,5,0,,0,,10,10/20/40/80,0,,0,,1,1,0,,0,,0,,0,,0,0,0,0,"[主动] 获得10/20/40/80护盾
[被动] 当你使用工具时，充能此物品1秒",null,此物品的价值翻倍,减速一件物品1秒,冻结一件物品0.5秒,加速一件物品1秒,此物品的护盾翻倍,获得治疗，等量于此物品护盾值,造成剧毒，等量于此物品护盾值的10%,造成灼烧，等量于此物品护盾值的10%,此物品+1多重释放,此物品+50%暴击率,此物品免疫冻结、减速和摧毁,造成伤害，等量于此物品护盾
8b74306e-c49c-4d0e-8329-b0267e7c6f1c,Flamecoil Gem,炎蜷宝石,Item / 物品,Small / 小型,Legendary / 传奇,Diamond/Legendary,Common / 通用,Relic / 遗物,Burn / 灼烧,8.0,8,0,,0,,0,,0,,0,,1,1,0,0,0,,0,,0,,0,0,0,0,"[主动] 每拥有一件灼烧物品，就造成5灼烧
[被动] 己方每拥有一件其他遗物，此物品冷却时间缩短1000秒
[被动] 出售此物品时，为己方最左侧的物品赋予炽焰附魔",null,此物品的价值翻倍,减速一件物品4秒,冻结一件物品1秒,加速一件物品4秒,获得护盾，等量于此物品灼烧的5倍,获得治疗，等量于此物品灼烧的5倍,造成剧毒，等量于此物品灼烧,此物品的灼烧翻倍,此物品+1多重释放,此物品+50%暴击率,此物品免疫冻结、减速和摧毁,造成伤害，等量于此物品灼烧的5倍
8b994da7-7aa3-40cd-aafd-c84f0913d0c9,Wanted Poster,通缉海报,Item / 物品,Medium / 中型,Silver / 白银,Silver/Gold/Diamond,Vanessa / 瓦内莎,,Crit / 暴击 | Experience,0.0,,0,,0,,0,,0,,0,,0,,0,,0,,0,,0,,0,0,0,0,"[被动] 当你击败英雄时，获得1经验值。如果是使用此物品时击败英雄，则再获得1经验值
[被动] 己方物品+10/20/30%暴击率",null,此物品的价值翻倍,此物品暴击时，减速一件物品1秒,此物品暴击时，冻结一件物品0.5秒,此物品暴击时，加速一件物品1秒,此物品暴击时，获得20护盾,此物品暴击时，获得20治疗,此物品暴击时，造成2剧毒,此物品暴击时，造成2灼烧,此物品的经验值加成翻倍,此物品的暴击率加成翻倍,相邻物品受冻结和减速影响的时间减半,此物品暴击时，造成20伤害
8bbfd341-660f-4b9f-9c95-2e40c7d05c1f,Gearnola Bar,机能棒,Item / 物品,Small / 小型,Bronze / 青铜,Bronze/Silver/Gold/Diamond,Dooley / 杜利,Food / 食物,Health / 生命值 | TechReference,0.0,,0,,0,,0,,0,,0,,1,1,0,,0,,0,,0,,0,0,0,0,"[被动] 出售工具或科技物品时，此物品+10/20/30/40最大生命值增幅
[被动] 出售此物品时，获得10最大生命值",null,此物品的价值翻倍,出售此物品时，己方最左侧的减速物品获得1000减速持续时间,出售此物品时，己方最左侧的冻结物品获得500冻结持续时间,出售此物品时，己方最左侧的加速物品获得1000加速持续时间,出售此物品时，最左侧的护盾物品+30,出售此物品时，最左侧的治疗物品+30,出售此物品时，己方最左侧的剧毒物品获得3,出售此物品时，己方最左侧的灼烧物品获得3,此物品的最大生命值获取值翻倍,出售此物品时，己方最左侧的物品获得20%暴击率,,出售此物品时，己方最左侧的武器获得30
8c4b958a-ec6a-4743-bd77-b32010735925,Hangar,机库,Item / 物品,Large / 大型,Silver / 白银,Silver/Gold/Diamond,Stelle / 斯黛尔,Property / 地产,FlyingRef / 飞行引用 | ShieldRef / 护盾引用 | DamageRef / 伤害引用,0.0,,0,,0,,0,,0,,0,,0,,0,,0,,0,,0,,0,0,0,0,"[被动] 己方物品+10和10
[被动] 使用飞行物品、载具或无人机时，此数值+8/16/24",null,此物品的价值翻倍,当你使用飞行物品、载具或无人机时，减速一件物品1秒,当你使用飞行物品、载具或无人机时，冻结一件物品0.5秒,当你使用飞行物品、载具或无人机时，加速一件物品1秒,当你使用飞行物品、载具或无人机时，获得30护盾,当你使用飞行物品、载具或无人机时，获得30治疗,当你使用飞行物品、载具或无人机时，造成3剧毒,当你使用飞行物品、载具或无人机时，造成3灼烧,此物品的伤害和护盾加成翻倍,己方物品+40%暴击率,相邻物品受冻结和减速影响的时间减半,当你使用飞行物品、载具或无人机时，造成30伤害
8caf721d-fe85-4a67-a97a-947788a100c5,Dinosawer,恐龙小锯,Item / 物品,Small / 小型,Bronze / 青铜,Bronze/Silver/Gold/Diamond,Dooley / 杜利,Weapon / 武器 | Friend / 伙伴 | Relic / 遗物 | Dinosaur / 恐龙 | Tool / 工具,Damage / 伤害,6.0,6,10,10/20/40/80,0,,0,,0,,0,,1,1,0,,0,,0,,0,,0,0,0,0,"[主动] 造成10/20/40/80伤害
[被动] 如果己方至少还有3件其他恐龙、工具或遗物物品，此物品的冷却时间缩短3000秒",null,此物品的价值翻倍,减速一件物品2秒,冻结一件物品0.5秒,加速一件物品2秒,获得护盾，等量于此物品伤害量,获得治疗，等量于此物品伤害,造成剧毒，等量于此物品伤害的10%,造成灼烧，等量于此物品伤害的10%,此物品+1多重释放,此物品+50%暴击率,此物品免疫冻结、减速和摧毁,此物品的伤害翻倍
8d0795b4-92f2-4191-978a-b8989046b12f,Shrinking Potion,缩小药水,Item / 物品,Small / 小型,Silver / 白银,Silver/Gold/Diamond,Mak / 马克,Potion / 药水,Ammo / 弹药,6.0,6,0,,0,,0,,1,1,0,,1,1,0,,0,,0,,0,,0,0,0,0,"[主动] 使敌人的最大生命值降低10/15/20%
[主动] 弹药: 1",null,此物品的价值翻倍,减速一件物品4秒,冻结一件物品1秒,加速一件物品4秒,获得110护盾,治疗110生命值,造成11剧毒,造成11灼烧,此物品+1多重释放,敌人物品的暴击率降低+25%,此物品免疫冻结、减速和摧毁,造成110伤害
8df9788e-d7fa-4756-8699-7601749f7b6e,Crimson Orchid,绯红兰花,Item / 物品,Small / 小型,Diamond / 钻石,Diamond,Common / 通用,Loot / 战利品,,0.0,,0,,0,,0,,0,,0,,0,,0,,0,,0,,0,,0,0,0,0,[被动] 出售此物品时，己方最左侧的武器永久获得吸血,null,此物品的价值翻倍,出售此物品时，己方最左侧的减速物品获得200减速持续时间,出售此物品时，己方最左侧的冻结物品获得100冻结持续时间,出售此物品时，己方最左侧的加速物品获得200加速持续时间,出售此物品时，最左侧的护盾物品+10,出售此物品时，最左侧的治疗物品+10,出售此物品时，己方最左侧的剧毒物品获得1,出售此物品时，己方最左侧的灼烧物品获得1,当你出售此物品时，己方最右侧的武器永久获得吸血,出售此物品时，己方最左侧的物品获得2%暴击率,,出售此物品时，己方最左侧的武器获得10
8e1c165c-9167-40df-8891-eabd07a96979,Honey Jar,蜂蜜罐,Item / 物品,Small / 小型,Bronze / 青铜,Bronze/Silver/Gold/Diamond,Karnok,Food / 食物,Heal / 治疗 | Slow / 减速,6.0,6/5/4/3,0,,30,30,0,,0,,0,,1,1,0,,0,,0,,0,,0,0,0,0,"[主动] 治疗30生命值
[主动] 减速一件物品2秒",null,此物品的价值翻倍,此物品的减速持续时间翻倍,冻结一件物品0.5秒,加速一件物品1秒,获得护盾，等量于此物品治疗量,此物品的治疗翻倍,造成剧毒，等量于此物品治疗量的10%,造成灼烧，等量于此物品治疗量的10%,此物品+1多重释放,此物品+50%暴击率,此物品免疫冻结、减速和摧毁,造成伤害，等量于此物品治疗量
8e406c92-dfaf-47d7-8085-671a646a3858,Relay Drone,中继无人机,Item / 物品,Medium / 中型,Silver / 白银,Silver/Gold/Diamond,Stelle / 斯黛尔,Tech / 科技 | Drone,Charge / 充能,5.0,5,0,,0,,0,,0,,0,,1,1,0,,0,,0,,0,,0,0,0,0,[主动] 充能1/2/3件其他物品2秒,null,此物品的价值翻倍,减速2件物品1秒,冻结一件物品1秒,加速2件物品1秒,获得25护盾,治疗25生命值,造成2剧毒,造成2灼烧,此物品+1多重释放,己方物品+25%暴击率,此物品免疫冻结、减速和摧毁,造成25伤害
8e731928-fa9e-4ce4-b9b6-f54b600d94e1,[Debug] Reroll token,,Item / 物品,Small / 小型,Bronze / 青铜,Bronze/Silver/Gold/Diamond,Common / 通用,,EconomyRef / 经济引用,0.0,,0,,0,,0,,0,,0,,0,,0,,0,,0,,0,,1,1/2/3/4,0,0/3/4,[被动] Reroll current selection,null,,,,,,,,,,,,
8eb2dc97-8f87-4651-8bb1-4ed8cd55f941,Nanobot Red,,Item / 物品,Small / 小型,Silver / 白银,Silver/Gold/Diamond,Common / 通用,Friend / 伙伴 | Weapon / 武器,Damage / 伤害,6.0,6,0,0,0,,0,,0,,0,,1,1,0,,0,,0,,0,,0,0,0,0,"[主动] Deal 10/15/20 Damage for each Friend you have
[被动] 每有一件相邻的伙伴物品，此物品的冷却时间缩短1000秒",null,,减速一件物品3秒,冻结一件物品0.5秒,加速一件物品3秒,获得护盾，等量于此物品伤害量,获得治疗，等量于此物品伤害,造成剧毒，等量于此物品伤害的10%,造成灼烧，等量于此物品伤害的10%,此物品+1多重释放,此物品+50%暴击率,此物品免疫冻结、减速和摧毁,此物品的伤害翻倍
8eb91c44-0e07-4e89-8cad-dfe99b8ef443,Red Button,大红按钮,Item / 物品,Small / 小型,Silver / 白银,Silver/Gold/Diamond,Dooley / 杜利,Tech / 科技,Charge / 充能,10.0,10/9/8,0,,0,,0,,0,,0,,1,1,0,,0,,0,,0,,0,0,0,0,[主动] 为相邻的大型物品充能，充能时间等于其冷却时间的一半,null,此物品的价值翻倍,减速一件物品4秒,冻结一件物品1秒,加速一件物品4秒,获得110护盾,治疗110生命值,造成11剧毒,造成11灼烧,此物品+1多重释放,相邻物品+10%暴击率,此物品免疫冻结、减速和摧毁,造成110伤害
8ec197b4-a320-4a48-90cd-078373726145,Bird Cage,鸟笼,Item / 物品,Medium / 中型,Silver / 白银,Silver/Gold/Diamond,Stelle / 斯黛尔,,Flying / 飞行 | Shield / 护盾 | FlyingRef / 飞行引用,5.0,5,0,,0,,100,100/150/200,0,,0,,1,1,0,,0,,0,,0,,0,0,0,0,"[主动] 相邻小型物品停止飞行
[被动] 你的物品停止飞行时，获得100/150/200护盾",null,此物品的价值翻倍,减速2件物品1秒,冻结一件物品1秒,加速2件物品1秒,此物品的护盾翻倍,你的物品停止飞行时，获得治疗，等量于此物品护盾,你的物品停止飞行时，造成剧毒，等量于此物品护盾值的10%,你的物品停止飞行时，造成灼烧，等量于此物品护盾值的10%,己方物品停止飞行时，获得{ability.e1}护盾,你的物品停止飞行时，己方物品+20暴击率,此物品免疫冻结、减速和摧毁,你的物品停止飞行时，造成伤害，等量于此物品护盾
8ec1c3f9-6220-431b-b3b0-52b3be2e20f5,Spiky Shield,棘刺盾,Item / 物品,Medium / 中型,Bronze / 青铜,Bronze/Silver/Gold/Diamond,Pygmalien / 皮格马利翁,Weapon / 武器,Damage / 伤害 | Shield / 护盾,9.0,9/8/7/6,0,0,0,,40,40,0,,0,,1,1,0,,0,,0,,0,,0,0,0,0,"[主动] 获得40护盾
[主动] 造成伤害，等量于己方护盾",null,此物品的价值翻倍,减速2件物品2秒,冻结一件物品1秒,加速2件物品2秒,此物品的护盾翻倍,获得治疗，等量于当前护盾值,造成剧毒，等量于此物品伤害的10%,造成灼烧，等量于此物品伤害的10%,此物品+1多重释放,此物品+50%暴击率,此物品免疫冻结、减速和摧毁,此物品的伤害翻倍
8f61677c-aa75-4275-b8b4-3cbaca1fdcbf,Cash Cannon,财源炮,Item / 物品,Medium / 中型,Silver / 白银,Silver/Gold/Diamond,Pygmalien / 皮格马利翁,Weapon / 武器,Damage / 伤害 | EconomyRef / 经济引用,9.0,9/8/7,0,0,0,,0,,0,,0,,1,1,0,,0,,0,,0,,0,0,0,0,[主动] 造成伤害，等量于本次冒险中你获得的金币的两倍,null,此物品的伤害等量于本次冒险中你获得的金币的三倍,减速2件物品2秒,冻结一件物品1秒,加速2件物品2秒,获得护盾，等量于此物品伤害量,获得治疗，等量于此物品伤害,造成剧毒，等量于此物品伤害的10%,造成灼烧，等量于此物品伤害的10%,此物品+1多重释放,此物品+50%暴击率,此物品免疫冻结、减速和摧毁,此物品的伤害翻倍
8f6eebd6-db14-48f8-9407-5962772e7dec,Recycling Bin,回收桶,Item / 物品,Medium / 中型,Silver / 白银,Silver/Gold/Diamond,Mak / 马克,,PotionRef / 药水引用 | Cooldown / 冷却,0.0,,0,,0,,0,,0,,0,,0,,0,,0,,0,,0,,0,0,0,0,"[被动] 当你使用药水时，将其转化为另一件来自任意英雄的药水。
[被动] 己方药水冷却时间缩短500/1000/1500秒。",null,此物品的价值翻倍,当你使用药水时，减速一件物品1秒,当你使用药水时，冻结一件物品0.5秒,当你使用药水时，加速一件物品1秒,使用药水时，获得20护盾,使用药水时，获得20治疗,使用药水时，造成2剧毒,使用药水时，造成2灼烧,此物品的冷却时间缩短效果翻倍,己方药水+40%暴击率,相邻药水受到的冻结和减速效果持续时间减半,使用药水时，造成20伤害
8ff354c3-1ffa-4251-9323-272f5e9f7312,Alpha Ray,阿尔法射线,Item / 物品,Small / 小型,Silver / 白银,Silver/Gold/Diamond,Dooley / 杜利,Weapon / 武器 | Ray / 射线 | Tech / 科技,Damage / 伤害,6.0,6,15,15/30/60,0,,0,,0,,0,,1,1,0,,0,,0,,0,,0,0,0,0,"[主动] 造成15/30/60伤害
[被动] 当你使用核心或射线时，己方武器+6/9/12",null,此物品的价值翻倍,减速一件物品3秒,冻结一件物品0.5秒,加速一件物品3秒,获得护盾，等量于此物品伤害量,获得治疗，等量于此物品伤害,造成剧毒，等量于此物品伤害的10%,造成灼烧，等量于此物品伤害的10%,此物品+1多重释放,己方射线+25%暴击率,此物品免疫冻结、减速和摧毁,此物品的伤害提升翻倍
8ff7ebb6-a783-403a-ae29-7e89d0c90040,Curry,咖喱,Item / 物品,Small / 小型,Bronze / 青铜,Bronze/Silver/Gold/Diamond,Jules / 朱尔斯,Food / 食物,Burn / 灼烧 | SlowRef / 减速引用,6.0,6,0,,0,,0,,0,,0,,1,1,3,3/6/9/12,0,,0,,0,,0,0,0,0,"[主动] 造成3/6/9/12灼烧
[被动] 触发减速时，充能此物品1秒",null,此物品的价值翻倍,减速一件物品1秒,冻结一件物品0.5秒,加速一件物品1秒,获得护盾，等量于此物品灼烧的5倍,获得治疗，等量于此物品灼烧的5倍,造成剧毒，等量于此物品灼烧,此物品的灼烧翻倍,此物品+1多重释放,此物品+50%暴击率,此物品免疫冻结、减速和摧毁,造成伤害，等量于此物品灼烧的5倍
9046606f-3f26-4fe4-b2b3-5666839e549b,Lifting Stones,举重巨石,Item / 物品,Medium / 中型,Bronze / 青铜,Bronze/Silver/Gold/Diamond,Karnok,Tool / 工具,DamageRef / 伤害引用 | HealRef / 治疗引用 | RageReference,6.0,6,0,,0,,0,,0,,0,,1,1,0,,0,,0,,0,,0,0,0,0,"[主动] 己方物品+10/20/30/40
[被动] 当你治疗时，充能此物品1秒
[被动] 当你进入暴怒状态时，此物品的充能量增加1000秒",null,此物品的价值翻倍,减速一件物品1秒,冻结1件物品0.5秒,加速一件物品1秒,己方物品+0,己方物品+0,己方物品+0,己方物品+0,此物品+1多重释放,己方物品+20%暴击率,此物品免疫冻结、减速和摧毁,此物品的伤害加成翻倍
904ffad8-86e3-4e3b-8a26-723604cc4f0e,Flame Sigil,烈焰符印,Item / 物品,Medium / 中型,Gold / 黄金,Gold/Diamond,Karnok,,Burn / 灼烧 | Rage | RageReference | HealthRef / 生命值引用,0.0,,0,,0,,0,,0,,0,,0,,0,0,0,,0,,0,,0,0,0,0,"[被动] 当你造成灼烧时，获得0怒火
[被动] 当你进入暴怒状态时，造成灼烧，等量于你最大生命值的3/6%",null,此物品的价值翻倍,当你进入暴怒状态时，减速2件物品4秒,当你进入暴怒状态时，冻结2件物品2秒,当你进入暴怒状态时，加速2件物品4秒,当你进入暴怒状态时，获得护盾，等量于此物品灼烧的5倍,当你进入暴怒状态时，获得治疗，等量于此物品灼烧的5倍,当你进入暴怒状态时，造成剧毒，等量于此物品的灼烧,此物品的灼烧翻倍,此物品的怒火获取值翻倍,己方灼烧物品+40%暴击率,相邻物品受冻结和减速影响的时间减半,当你进入暴怒状态时，造成伤害，等量于此物品灼烧的5倍
905f9340-4272-4f82-88e4-4a2f79f1be96,Disguise,伪装,Item / 物品,Medium / 中型,Silver / 白银,Silver/Gold/Diamond,Vanessa / 瓦内莎,Apparel / 服饰,Charge / 充能,0.0,,0,,0,,0,,0,,0,,0,,0,,0,,0,,0,,0,0,0,0,"[被动] 使用其他英雄的物品时，充能1/2/3件自身英雄的物品1秒。
[被动] 购买此物品时，获得一件来自其他英雄的小型或中型物品。",null,此物品的价值翻倍,使用其他英雄的物品时，减速一件物品1秒。,使用其他英雄的物品时，冻结一件物品0.5秒。,使用其他英雄的物品时，加速该物品1秒。,使用其他英雄的物品时，获得20护盾。,使用其他英雄的物品时，获得20治疗。,使用其他英雄的物品时，造成2剧毒。,使用其他英雄的物品时，造成2灼烧。,此物品的充能量翻倍,己方其他英雄的物品+25%暴击率。,己方其他英雄的物品受冻结和减速影响的时间减半。,使用其他英雄的物品时，造成20伤害。
90acad0b-2154-4af1-a448-5f8dc304612e,Farmer's Market,农贸集市,Item / 物品,Large / 大型,Gold / 黄金,Gold/Diamond,Jules / 朱尔斯,Property / 地产,RegenRef / 再生引用 | Health / 生命值 | EconomyRef / 经济引用 | Value / 价值,0.0,,0,,0,,0,,0,,0,,1,1,0,,0,,0,,0,,0,0,0,0,"[被动] 相邻生命再生物品+生命再生量，增幅等于你最大生命值的1%
[被动] 出售食物时，获得最大生命值，等量于该食物价值的3/5倍
[被动] 己方食物+1/2出售价值",null,此物品的价值加成翻倍,触发生命再生时，减速1件物品1秒,触发生命再生时，冻结一件物品0.5秒,触发生命再生时，加速1件物品1秒,触发生命再生时，获得40护盾,触发生命再生时，治疗40,触发生命再生时，造成4剧毒,触发生命再生时，造成4灼烧,此物品的食物出售价值加成翻倍,己方生命再生物品+40%暴击率,己方生命再生物品受冻结和减速影响的时间减半,触发生命再生时，造成40伤害
90b3cc1a-2251-4af7-a7c7-496aac457784,Tranquil Sigil,宁静符印,Item / 物品,Medium / 中型,Silver / 白银,Silver/Gold/Diamond,Karnok,,Heal / 治疗 | Rage | RageReference | HealthRef / 生命值引用,0.0,,0,,0,0,0,,0,,0,,0,,0,,0,,0,,0,,0,0,0,0,"[被动] 当你治疗时，获得0怒火
[被动] 当你进入暴怒状态时，获得治疗，等量于你最大生命值的15/25/35%",null,此物品的价值翻倍,当你进入暴怒状态时，减速2件物品4秒,当你进入暴怒状态时，冻结2件物品2秒,当你进入暴怒状态时，加速2件物品4秒,当你进入暴怒状态时，获得护盾，等量于此物品治疗量,此物品的治疗翻倍,当你进入暴怒状态时，造成剧毒，等量于此物品治疗量的10%,当你进入暴怒状态时，造成灼烧，等量于此物品治疗量的10%,此物品的怒火获取值翻倍,己方物品+25%暴击率,相邻物品受冻结和减速影响的时间减半,当你进入暴怒状态时，造成伤害，等量于此物品治疗量
9131cedf-e5e7-4a23-a90e-2576048419e8,Weaponized Core,武装核心,Item / 物品,Medium / 中型,Silver / 白银,Silver/Gold/Diamond,Dooley / 杜利,Core / 核心 | Tech / 科技 | Weapon / 武器,Damage / 伤害 | Charge / 充能,7.0,7/6/5,20,20,0,,0,,0,,0,,1,1,0,,0,,0,,0,,0,0,0,0,"[主动] 造成20伤害
[主动] 此物品和右侧武器+15/30/60
[被动] 当你使用左侧的任意物品时，充能此物品1秒",null,此物品的价值翻倍,减速2件物品1秒,冻结一件物品1秒,加速2件物品1秒,获得护盾，等量于此物品伤害量,获得治疗，等量于此物品伤害,造成剧毒，等量于此物品伤害的10%,造成灼烧，等量于此物品伤害的10%,此物品+1多重释放,此物品+50%暴击率,此物品免疫冻结、减速和摧毁,此物品的伤害翻倍
9131ed9a-ec14-4426-a811-ed2dc5e21eb7,Oblivion Cannon,湮灭火炮,Item / 物品,Large / 大型,Gold / 黄金,Gold/Diamond,Stelle / 斯黛尔,Weapon / 武器 | Tech / 科技,Damage / 伤害,8.0,8,200,200,0,,0,,0,,0,,1,1,0,,0,,0,,0,,0,0,0,0,"[主动] 摧毁敌人手中最小的物品
[主动] 造成200伤害
[被动] 当有物品被摧毁时，此物品获得200/400",null,此物品的价值翻倍,减速3件物品1秒,冻结2件物品1秒,加速3件物品1秒,获得护盾，等量于此物品伤害量,获得治疗，等量于此物品伤害,造成剧毒，等量于此物品伤害的10%,造成灼烧，等量于此物品伤害的10%,此物品+1多重释放,此物品+50%暴击率,此物品免疫冻结、减速和摧毁,此物品的伤害翻倍
91766035-9d5c-49df-b6b1-25ff7328af5b,Pufferfish,河豚,Item / 物品,Medium / 中型,Silver / 白银,Silver/Gold/Diamond,Vanessa / 瓦内莎,Aquatic / 水系 | Friend / 伙伴,Poison / 剧毒 | HasteRef / 加速引用,8.0,8/7/6,0,,0,,0,,0,,0,,1,1,0,,10,10/20/30,0,,0,,0,0,0,0,"[主动] 造成10/20/30剧毒
[被动] 当你触发加速时，充能此物品2秒",null,此物品的价值翻倍,减速一件物品1秒,冻结一件物品0.5秒,加速一件物品1秒,获得护盾，等量于此物品剧毒的5倍,获得治疗，等量于此物品剧毒的5倍,此物品的剧毒翻倍,造成灼烧，等量于此物品的剧毒,此物品+1多重释放,此物品+50%暴击率,此物品免疫冻结、减速和摧毁,造成伤害，等量于此物品剧毒的5倍
92859d17-589c-4e2c-b2e7-a3a11b0d3a80,Wrecking Ball,破坏铁球,Item / 物品,Medium / 中型,Gold / 黄金,Gold/Diamond,Stelle / 斯黛尔,Weapon / 武器,Damage / 伤害 | FlyingRef / 飞行引用,20.0,20,0,0,0,,0,,0,,0,,1,1,0,,0,,0,,0,,0,0,0,0,"[主动] 造成伤害，等量于一位敌人最大生命值的20/30%
[主动] 摧毁敌人的一件物品
[被动] 此物品开始飞行时，充能此物品5秒",null,此物品的价值翻倍,减速3件物品4秒,冻结3件物品1秒,加速3件物品4秒,获得护盾，等量于此物品伤害量,获得治疗，等量于此物品伤害,造成剧毒，等量于此物品伤害的10%,造成灼烧，等量于此物品伤害的10%,此物品+1多重释放,此物品+50%暴击率,此物品免疫冻结、减速和摧毁,此物品的伤害翻倍
92e7ab18-a035-43c7-a53c-965aeecbe357,Revolver,左轮手枪,Item / 物品,Small / 小型,Bronze / 青铜,Bronze/Silver/Gold/Diamond,Vanessa / 瓦内莎,Weapon / 武器,Damage / 伤害 | Ammo / 弹药,3.0,3,8,8/16/32/64,0,,0,,6,6,0,,1,1,0,,0,,0,,0,,0,0,0,0,"[主动] 造成8/16/32/64伤害
[主动] 弹药: 6",null,此物品的价值翻倍,减速一件物品1秒,冻结一件物品0.5秒,加速一件物品1秒,获得护盾，等量于此物品伤害量,获得治疗，等量于此物品伤害,造成剧毒，等量于此物品伤害的10%,造成灼烧，等量于此物品伤害的10%,此物品+1多重释放,此物品+50%暴击率,此物品免疫冻结、减速和摧毁,此物品的伤害翻倍
92f76490-4845-4d72-a610-7b676821fca9,Portable Stove,便携炉灶,Item / 物品,Small / 小型,Bronze / 青铜,Bronze/Silver/Gold/Diamond,Common / 通用,Tool / 工具,Burn / 灼烧 | Slow / 减速,4.0,4,0,,0,,0,,0,,0,,1,1,3,3/5/7/9,0,,0,,0,,0,0,0,0,"[主动] 造成3/5/7/9灼烧
[主动] 减速一件物品1/2/3/4秒",null,此物品的价值翻倍,此物品的减速持续时间翻倍,冻结一件物品0.5秒,加速一件物品2秒,获得护盾，等量于此物品灼烧的5倍,获得治疗，等量于此物品灼烧的5倍,造成剧毒，等量于此物品灼烧,此物品的灼烧翻倍,此物品+1多重释放,此物品+50%暴击率,此物品免疫冻结、减速和摧毁,造成伤害，等量于此物品灼烧的5倍
93c40197-b3ec-447e-bc1d-eef21ab88c28,Laurel's Fortress,劳雷尔堡垒,Item / 物品,Large / 大型,Silver / 白银,Silver/Gold/Diamond,Jules / 朱尔斯,Property / 地产 | Toy / 玩具,Shield / 护盾 | Regen / 再生,7.0,7/6/5,0,,0,,50,50/100/150,0,,0,,0,,0,,0,,5,5/10/15,0,,0,0,0,0,"[主动] 获得50/100/150护盾
[主动] 生命再生量提高5/10/15
[被动] 你的其他物品每拥有一种独特类型，此物品就+1多重释放",null,此物品的价值翻倍,减速一件物品1秒,冻结一件物品0.5秒,加速一件物品1秒,此物品的护盾翻倍,获得治疗，等量于此物品护盾值,造成剧毒，等量于此物品生命再生量,造成灼烧，等量于此物品的生命再生量,此物品的护盾和生命再生翻倍,此物品+50%暴击率,此物品免疫冻结、减速和摧毁,造成伤害，等量于此物品护盾
94144b09-eb5b-438b-a0fe-3d7494b84c84,Jetpack,喷气背包,Item / 物品,Small / 小型,Bronze / 青铜,Bronze/Silver/Gold/Diamond,Stelle / 斯黛尔,Vehicle / 载具,Haste / 加速 | FlyingRef / 飞行引用,5.0,5,0,,0,,0,,0,,0,,1,1,0,,0,,0,,0,,0,0,0,0,"[主动] 加速左侧相邻物品1/2/3/4秒
[主动] 如果此物品正在飞行，加速右侧相邻物品1/2/3/4秒",null,此物品的价值翻倍,减速一件物品2秒,冻结一件物品0.5秒,此物品的加速持续时间翻倍,获得40护盾,治疗40生命值,造成4剧毒,造成4灼烧,此物品+1多重释放,相邻物品+30%暴击率,此物品免疫冻结、减速和摧毁,造成40伤害
9446e902-b340-48f0-aa01-d7a8cd94ec92,Flint Stones,燧石,Item / 物品,Small / 小型,Bronze / 青铜,Bronze/Silver/Gold/Diamond,Dooley / 杜利,Tool / 工具 | Relic / 遗物,Burn / 灼烧,6.0,6,0,,0,,0,,0,,0,,1,1,4,4/6/8/10,0,,0,,0,,0,0,0,0,"[主动] 造成4/6/8/10灼烧
[被动] 使用其他遗物或工具时，充能此物品1秒。",null,此物品的价值翻倍,减速一件物品2秒,冻结一件物品1秒,加速一件物品2秒,获得护盾，等量于此物品灼烧的5倍,获得治疗，等量于此物品灼烧的5倍,造成剧毒，等量于此物品灼烧,此物品的灼烧翻倍,此物品+1多重释放,此物品+50%暴击率,此物品免疫冻结、减速和摧毁,造成伤害，等量于此物品灼烧的5倍
947f43a6-fe93-4e55-9fda-202437f1a9d0,Hunter's Blind,猎人伏击棚,Item / 物品,Medium / 中型,Silver / 白银,Silver/Gold/Diamond,Karnok,Property / 地产 | Tool / 工具,Shield / 护盾 | SlowRef / 减速引用 | Charge / 充能,8.0,8,0,,0,,25,25/50/100,0,,0,,1,1,0,,0,,0,,0,,0,0,0,0,"[主动] 获得25/50/100护盾
[被动] 触发减速时，充能此物品1秒
[被动] 当你减速此物品时，它获得25/50/100",null,此物品的价值翻倍,减速一件物品1秒,冻结一件物品0.5秒,加速一件物品1秒,此物品的护盾翻倍,获得治疗，等量于此物品护盾值,造成剧毒，等量于此物品护盾值的10%,造成灼烧，等量于此物品护盾值的10%,此物品+1多重释放,此物品+50%暴击率,此物品免疫冻结、减速和摧毁,造成伤害，等量于此物品护盾
94a184be-98f2-4a65-8334-e15deff2c082,Runic Claymore,符文阔剑,Item / 物品,Large / 大型,Gold / 黄金,Gold/Diamond,Karnok,Weapon / 武器 | Relic / 遗物,Damage / 伤害 | HealthRef / 生命值引用 | CritReference,6.0,6/5,0,0,0,,0,,0,,0,,1,1,0,,0,,0,,0,,0,0,0,0,"[主动] 造成伤害，等量于最大生命值的15%
[被动] 当你用此物品暴击时，获得最大生命值，等量于此物品伤害",null,此物品的价值翻倍,减速3件物品1秒,冻结2件物品1秒,加速3件物品1秒,获得护盾，等量于此物品伤害量,获得治疗，等量于此物品伤害,造成剧毒，等量于此物品伤害的10%,造成灼烧，等量于此物品伤害的10%,此物品+1多重释放,此物品+50%暴击率,此物品免疫冻结、减速和摧毁,此物品的伤害翻倍
94e28682-a012-4dd0-8ce8-7fe180aa6127,Busy Bee,工蜂,Item / 物品,Small / 小型,Silver / 白银,Silver/Gold/Diamond,Common / 通用,Weapon / 武器 | Friend / 伙伴 | Drone,Damage / 伤害 | Flying / 飞行,6.0,6,5,5/10/20,0,,0,,0,,0,,1,1,0,,0,,0,,0,,0,0,0,0,"[主动] 此物品开始飞行
[主动] 造成5/10/20伤害",null,,减速一件物品1秒,冻结一件物品0.5秒,加速一件物品1秒,获得护盾，等量于此物品伤害量,获得治疗，等量于此物品伤害,造成剧毒，等量于此物品伤害的10%,造成灼烧，等量于此物品伤害的10%,此物品+1多重释放,此物品+50%暴击率,此物品免疫冻结、减速和摧毁,此物品的伤害翻倍
94e3d802-62f5-4f39-9c0e-4818ba5f8c9e,Skyspirit Ashes,空灵灰烬,Item / 物品,Large / 大型,Gold / 黄金,Gold/Diamond,Mak / 马克,Reagent / 试剂 | Relic / 遗物,,0.0,,0,,0,,0,,0,,0,,0,,0,,0,,0,,0,,0,0,0,0,"[被动] 每场战斗开始时，为2/3件其他未附魔物品附魔
[被动] 此物品被转化时，为其附魔",null,此物品的价值翻倍,使用附魔物品时，减速一件物品1秒,使用附魔物品时，冻结一件物品0.5秒,使用附魔物品时，加速一件物品1秒,使用附魔物品时，获得60护盾,使用附魔物品时，获得60治疗,使用附魔物品时，造成6剧毒,使用附魔物品时，造成6灼烧,此物品+1附魔目标,己方附魔物品+50%暴击率,己方附魔物品受冻结和减速的影响时间减半,使用附魔物品时，造成60伤害
953402e4-1430-48ab-8156-6193c9d8a7d4,Figurehead,船首像,Item / 物品,Medium / 中型,Silver / 白银,Silver/Gold/Diamond,Vanessa / 瓦内莎,Aquatic / 水系 | Relic / 遗物,DamageRef / 伤害引用 | Cooldown / 冷却,0.0,,0,,0,,0,,0,,0,,0,,0,,0,,0,,0,,0,0,0,0,"[被动] 左侧水系物品的冷却时间缩短10/15/20%
[被动] 右侧物品+25/50/100",null,此物品的价值翻倍,使用相邻物品时，减速一件物品1秒,使用相邻物品时，冻结一件物品0.5秒,使用相邻物品时，加速一件物品1秒,当你使用相邻物品时，获得20护盾,当你使用相邻物品时，治疗20,当你使用相邻物品时，剧毒2,当你使用相邻物品时，灼烧2,此物品的伤害加成翻倍且冷却缩短效果翻倍,己方物品+25%暴击率,相邻物品受冻结和减速影响的时间减半,使用相邻物品时，造成20伤害
95640018-a5d3-4119-8c4f-5509e161c689,Incense,熏香,Item / 物品,Small / 小型,Bronze / 青铜,Bronze/Silver/Gold/Diamond,Mak / 马克,,Regen / 再生 | Slow / 减速,6.0,6,0,,0,,0,,0,,0,,1,1,0,,0,,2,2/4/6/8,0,,0,0,0,0,"[主动] 减速1/2/3/4件物品1秒
[主动] 生命再生量提高2/4/6/8",null,此物品的价值翻倍,此物品的减速持续时间翻倍,冻结一件物品0.5秒,加速一件物品3秒,获得护盾，等量于此物品生命再生量的5倍,获得治疗，等量于此物品生命再生量的5倍,造成剧毒，等量于此物品生命再生量,造成灼烧，等量于此物品的生命再生量,此物品+1多重释放,此物品+50%暴击率,此物品免疫冻结、减速和摧毁,造成伤害，等量于此物品生命再生的5倍
95b3dc70-822e-4973-a567-e8d00e1ad9ee,Wolverine,狼獾,Item / 物品,Medium / 中型,Silver / 白银,Silver/Gold/Diamond,Karnok,Weapon / 武器 | Friend / 伙伴,Damage / 伤害 | Haste / 加速 | Crit / 暴击,9.0,9/8/7,10,10,0,,0,,0,,0,,1,1,0,,0,,0,,0,,0,0,0,0,"[主动] 造成10伤害
[被动] 触发加速时，此物品获得10/20/30以及+10暴击率",null,此物品的价值翻倍,减速2件物品2秒,冻结一件物品1秒,加速2件物品2秒,获得护盾，等量于此物品伤害量,获得治疗，等量于此物品伤害,造成剧毒，等量于此物品伤害的10%,造成灼烧，等量于此物品伤害的10%,此物品+1多重释放,此物品+50%暴击率,此物品免疫冻结、减速和摧毁,此物品的伤害翻倍
95ff786e-b6bf-4bad-9d5c-6b2b41e9f0c3,Crusher Claw,碾骨爪,Item / 物品,Medium / 中型,Silver / 白银,Silver/Gold/Diamond,Common / 通用,Weapon / 武器 | Aquatic / 水系 | Food / 食物,Damage / 伤害 | ShieldRef / 护盾引用,9.0,9,0,0,0,,0,,0,,0,,1,1,0,,0,,0,,0,,0,0,0,0,"[主动] 造成伤害，等量于己方物品中最高的护盾值
[主动] 己方物品+20/40/60",null,此物品的价值翻倍,减速2件物品3秒,冻结2件物品1秒,加速2件物品3秒,此物品的护盾加成翻倍,获得治疗，等量于此物品伤害,造成剧毒，等量于此物品伤害的10%,造成灼烧，等量于此物品伤害的10%,此物品+1多重释放,此物品+50%暴击率,此物品免疫冻结、减速和摧毁,此物品的伤害翻倍
961e974b-5472-4298-b66b-e1f74c167c26,Darkwater Anglerfish,幽渊鮟鱇,Item / 物品,Medium / 中型,Silver / 白银,Silver/Gold/Diamond,Vanessa / 瓦内莎,Friend / 伙伴 | Aquatic / 水系,Burn / 灼烧 | SlowRef / 减速引用,8.0,8/7/6,0,,0,,0,,0,,0,,1,1,10,10/20/30,0,,0,,0,,0,0,0,0,"[主动] 造成10/20/30灼烧
[被动] 触发减速时，充能此物品2秒",null,此物品的价值翻倍,减速一件物品1秒,冻结一件物品0.5秒,加速一件物品1秒,获得护盾，等量于此物品灼烧的5倍,获得治疗，等量于此物品灼烧的5倍,造成剧毒，等量于此物品灼烧,此物品的灼烧翻倍,此物品+1多重释放,此物品+50%暴击率,此物品免疫冻结、减速和摧毁,造成伤害，等量于此物品灼烧的5倍
96b9cc27-b148-4d71-ab5d-21a9c3b64998,Mysterious Gift,神秘礼物,Item / 物品,Small / 小型,Bronze / 青铜,Bronze/Silver/Gold/Diamond,Common / 通用,Loot / 战利品,,0.0,,0,,0,,0,,0,,0,,0,,0,,0,,0,,0,,0,0,0,0,[被动] 出售此物品时，获得一件来自其他英雄的小型附魔物品,null,,,,,,,,,,,,
96e51b95-eaab-40ea-9a89-381727ce2434,Succulents,多肉植物,Item / 物品,Small / 小型,Bronze / 青铜,Bronze/Silver/Gold/Diamond,Pygmalien / 皮格马利翁,,Heal / 治疗 | Health / 生命值,6.0,6/5/4/3,0,,10,10,0,,0,,0,,1,1,0,,0,,0,,0,,0,0,0,0,"[主动] 治疗10生命值
[主动] 获得最大生命值，等量于此物品的治疗量",null,此物品的价值翻倍,减速一件物品1秒,冻结一件物品0.5秒,加速一件物品1秒,获得护盾，等量于此物品治疗量,此物品的治疗翻倍,造成剧毒，等量于此物品治疗量的10%,造成灼烧，等量于此物品治疗量的10%,此物品+1多重释放,此物品+50%暴击率,此物品免疫冻结、减速和摧毁,造成伤害，等量于此物品治疗量
971373e2-a513-4c66-b4b3-c03c86de70ce,Ramming Balloon,冲撞气球,Item / 物品,Medium / 中型,Silver / 白银,Silver/Gold/Diamond,Stelle / 斯黛尔,Weapon / 武器 | Vehicle / 载具,Damage / 伤害 | ShieldRef / 护盾引用 | FlyingRef / 飞行引用,8.0,8,15,15,0,,0,,0,,0,,1,1,0,,0,,0,,0,,0,0,0,0,"[主动] 造成15伤害
[被动] 当你使用另一件飞行物品时，充能此物品2秒
[被动] 获得护盾时，此物品获得15/30/45",null,此物品的价值翻倍,减速1件物品1秒,冻结1件物品0.5秒,加速1件物品1秒,获得护盾，等量于此物品伤害量,获得治疗，等量于此物品伤害,造成剧毒，等量于此物品伤害的10%,造成灼烧，等量于此物品伤害的10%,此物品+1多重释放,此物品+50%暴击率,此物品免疫冻结、减速和摧毁,此物品的伤害翻倍
9715627a-feb1-4e26-b1d6-12f21961473c,Meat Tenderizer,肉锤,Item / 物品,Small / 小型,Gold / 黄金,Gold/Diamond,Jules / 朱尔斯,Weapon / 武器 | Tool / 工具,Damage / 伤害 | DamageRef / 伤害引用 | Cooldown / 冷却,4.0,4/3,10,10/20,0,,0,,0,,0,,1,1,0,,0,,0,,0,,0,0,0,0,"[主动] 造成10/20伤害
[主动] 相邻食物的冷却时间缩短10%",null,此物品的价值翻倍,减速一件物品2秒,冻结一件物品0.5秒,加速一件物品2秒,获得护盾，等量于此物品伤害量,获得治疗，等量于此物品伤害,造成剧毒，等量于此物品伤害的10%,造成灼烧，等量于此物品伤害的10%,此物品+1多重释放,此物品+50%暴击率,此物品免疫冻结、减速和摧毁,此物品的伤害翻倍
9778f31c-87b0-4d8d-8289-50e90dd7edc5,Torpedo,鱼雷,Item / 物品,Medium / 中型,Silver / 白银,Silver/Gold/Diamond,Vanessa / 瓦内莎,Aquatic / 水系 | Weapon / 武器 | Tech / 科技,Damage / 伤害 | Ammo / 弹药,8.0,8,100,100,0,,0,,1,1,0,,1,1,0,,0,,0,,0,,0,0,0,0,"[主动] 造成100伤害
[主动] 弹药: 1
[被动] 当你使用其他水系或弹药物品时，此物品+40/80/120伤害
[被动] 如果该物品是大型物品，则将伤害提升翻倍",null,此物品的价值翻倍,减速2件物品3秒,冻结2件物品1秒,加速2件物品3秒,获得护盾，等量于此物品伤害量,获得治疗，等量于此物品伤害,造成剧毒，等量于此物品伤害的10%,造成灼烧，等量于此物品伤害的10%,此物品+1多重释放,此物品+50%暴击率,此物品免疫冻结、减速和摧毁,此物品的伤害翻倍
97d8654e-532b-4960-8f5b-5822562d3450,Tiny Cutlass,迷你弯刀,Item / 物品,Small / 小型,Bronze / 青铜,Bronze/Silver/Gold/Diamond,Vanessa / 瓦内莎,Weapon / 武器,Damage / 伤害 | Crit / 暴击 | SlowRef / 减速引用,3.001,3.001,12,12/24/48/96,0,,0,,0,,0,,1,1,0,,0,,0,,0,,0,0,0,0,"[主动] 造成12/24/48/96伤害
[被动] 当有敌方物品被减速时，此物品+100%暴击率",null,此物品的价值翻倍,减速一件物品1秒,冻结一件物品0.5秒,加速一件物品1秒,获得护盾，等量于此物品伤害量,获得治疗，等量于此物品伤害,造成剧毒，等量于此物品伤害的10%,造成灼烧，等量于此物品伤害的10%,此物品+1多重释放,此物品的暴击伤害翻倍,此物品免疫冻结、减速和摧毁,此物品的伤害翻倍
98f9fc74-145f-4d13-85bf-3229b9257aa0,Plasma Rifle,等离子步枪,Item / 物品,Medium / 中型,Gold / 黄金,Gold/Diamond,Dooley / 杜利,Weapon / 武器 | Tech / 科技,Damage / 伤害 | BurnRef / 灼烧引用,6.0,6,100,100,0,,0,,0,,0,,1,1,0,,0,,0,,0,,0,0,0,0,"[主动] 造成100伤害
[被动] 触发灼烧时，此物品获得75/150伤害",null,此物品的价值翻倍,减速2件物品2秒,冻结一件物品1秒,加速2件物品2秒,获得护盾，等量于此物品伤害量,获得治疗，等量于此物品伤害,造成剧毒，等量于此物品伤害的10%,造成灼烧，等量于此物品伤害的10%,此物品+1多重释放,此物品+50%暴击率,此物品免疫冻结、减速和摧毁,此物品的伤害翻倍
99bc269a-f18d-4205-bd62-c8bc290a5cce,Aged Cask,,Item / 物品,Medium / 中型,Silver / 白银,Silver/Gold/Diamond,Common / 通用,Food / 食物,Heal / 治疗 | SlowRef / 减速引用,0.0,,0,,10,10/20/30,0,,0,,0,,0,,0,,0,,0,,0,,0,0,0,0,"[被动] When you Slow, Heal 10/20/30",null,此物品的价值翻倍,每场战斗开始时，减速一件物品1秒,触发减速时，冻结一件物品0.5秒,触发减速时，加速一件物品1秒,"When you Slow, Shield equal to this item's Heal",此物品的治疗翻倍,"When you Slow, Poison equal to 10% of this item's Heal",触发减速时，造成灼烧，等量于此物品伤害的10%,触发减速时，获得{ability.e1}治疗,己方物品+30%暴击率,己方减速物品受到冻结和减速影响的时间减半,"When you Slow, deal Damage equal to this item's Heal"
9a099710-0ecf-4587-98ba-96c1a6630f60,Steam Hose,蒸汽喷管,Item / 物品,Medium / 中型,Silver / 白银,Silver/Gold/Diamond,Stelle / 斯黛尔,Tool / 工具,Burn / 灼烧 | SlowRef / 减速引用,4.0,4,0,,0,,0,,0,,0,,1,1,8,8/12/16,0,,0,,0,,0,0,0,0,"[主动] 造成8/12/16灼烧
[被动] 触发减速时，此物品获得4/6/8",null,此物品的价值翻倍,减速2件物品1秒,冻结一件物品1秒,加速2件物品1秒,获得护盾，等量于此物品灼烧的5倍,获得治疗，等量于此物品灼烧的5倍,造成剧毒，等量于此物品灼烧,此物品的灼烧翻倍,此物品+1多重释放,此物品+50%暴击率,此物品免疫冻结、减速和摧毁,造成伤害，等量于此物品灼烧的5倍
9a7d5711-930a-4815-86cc-4e357680730c,Lion Cane,狮首手杖,Item / 物品,Medium / 中型,Gold / 黄金,Gold/Diamond,Pygmalien / 皮格马利翁,Weapon / 武器,Damage / 伤害 | Health / 生命值 | Level,7.0,7,0,0,0,,0,,0,,0,,1,1,0,,0,,0,,0,,0,0,0,0,"[主动] 造成伤害，等量于最大生命值的10/20%
[被动] 当你升级时，获得100/200最大生命值",null,此物品的价值翻倍,减速2件物品2秒,冻结一件物品1秒,加速2件物品2秒,获得护盾，等量于此物品伤害量,获得治疗，等量于此物品伤害,造成剧毒，等量于此物品伤害的10%,造成灼烧，等量于此物品伤害的10%,此物品+1多重释放,此物品+50%暴击率,此物品免疫冻结、减速和摧毁,此物品的伤害翻倍
9ab4ba04-0c08-4374-b86e-e94dcaaca334,Jabalian Drum,贾巴利战鼓,Item / 物品,Large / 大型,Gold / 黄金,Gold/Diamond,Pygmalien / 皮格马利翁,Relic / 遗物,Haste / 加速 | DamageRef / 伤害引用,0.0,,0,,0,,0,,0,,0,,0,,0,,0,,0,,0,,0,0,0,0,[被动] 当你使用武器时，加速该武器2秒，且己方物品获得5/10,null,此物品的价值翻倍,……并减速一件物品1秒,……并冻结一件物品0.5秒,此物品的加速持续时间翻倍,……且己方物品获得0,……且己方物品获得0,……且己方物品获得0,……且己方物品获得0,此物品的伤害加成翻倍,……且该物品+10%暴击率,己方物品受冻结和减速影响的时间减半,此物品的伤害提升翻倍
9ad15f24-4def-4d82-8545-d73794cfbaf2,Coconut,椰子,Item / 物品,Small / 小型,Bronze / 青铜,Bronze/Silver/Gold/Diamond,Common / 通用,Food / 食物,Health / 生命值,0.0,,0,,0,,0,,0,,0,,0,,0,,0,,0,,0,,0,0,0,0/1/2/3,[被动] 出售此物品时，永久获得10/20/30/40最大生命值,null,,出售此物品时，己方最左侧的减速物品获得200减速持续时间,出售此物品时，己方最左侧的冻结物品获得100冻结持续时间,出售此物品时，己方最左侧的加速物品获得200加速持续时间,出售此物品时，最左侧的护盾物品+10,出售此物品时，最左侧的治疗物品+10,出售此物品时，己方最左侧的剧毒物品获得1,出售此物品时，己方最左侧的灼烧物品获得1,此物品的最大生命值获取值翻倍,出售此物品时，己方最左侧的物品获得2%暴击率,,出售此物品时，己方最左侧的武器获得10
9b0c1d2e-3f4a-5b6c-7d8e-9f0a1b2c3d4e,Eternal Torch,永恒火炬,Item / 物品,Medium / 中型,Bronze / 青铜,Bronze/Silver/Gold/Diamond,Mak / 马克,Relic / 遗物,Burn / 灼烧 | Quest,5.0,5,0,,0,,0,,0,,0,,1,1,2,2/4/6/8,0,,0,,0,,0,0,0,0,[主动] 造成2/4/6/8灼烧,"目标: 购买6件灼烧物品 | 奖励: 触发灼烧时，此物品获得2/4/6/8
目标: 使此物品的灼烧达到75+ | 奖励: 此物品+1多重释放
目标: 造访珍珠的考古发掘场 | 奖励: 此物品冷却时间缩短1000秒",此物品的价值翻倍,减速一件物品1秒,冻结一件物品0.5秒,加速一件物品1秒,获得护盾，等量于此物品灼烧的5倍,获得治疗，等量于此物品灼烧的5倍,造成剧毒，等量于此物品灼烧,此物品的灼烧翻倍,此物品+1多重释放,此物品+50%暴击率,此物品免疫冻结、减速和摧毁,造成伤害，等量于此物品灼烧的5倍
9b44aac3-173a-4d22-92f7-e2678b33c230,Card Table,牌桌,Item / 物品,Medium / 中型,Gold / 黄金,Gold/Diamond,Vanessa / 瓦内莎,,,5.0,5/4,0,,0,,0,,0,,0,,1,1,0,,0,,0,,0,,0,0,0,0,[主动] 一个伙伴+1多重释放,null,此物品的价值翻倍,减速2件物品1秒,冻结一件物品1秒,加速2件物品1秒,获得75护盾,治疗75生命值,造成7剧毒,造成7灼烧,此物品+1多重释放,己方伙伴+10%暴击率,此物品免疫冻结、减速和摧毁,造成75伤害
9b499211-2c75-4781-a0e2-a0dab7d5dc5a,Candy Mail,糖果锁甲,Item / 物品,Medium / 中型,Bronze / 青铜,Bronze/Silver/Gold/Diamond,Common / 通用,Food / 食物,ShieldRef / 护盾引用 | Ammo / 弹药,4.0,4,0,,0,,0,,10,10,0,,1,1,0,,0,,0,,0,,0,0,0,0,"[主动] 相邻护盾物品永久获得2/3/4/5
[主动] 此物品永久失去1最大弹药量
[主动] 弹药: 10
[被动] 每场战斗结束时，如果此物品没有弹药，则将其永久摧毁",null,,,,,,,,,,,,
9b739ba9-9278-45cb-9635-9ae48ac942c7,Slumbering Primordial,沉眠元初体,Item / 物品,Large / 大型,Gold / 黄金,Gold/Diamond,Vanessa / 瓦内莎,Friend / 伙伴 | Aquatic / 水系 | Weapon / 武器 | Relic / 遗物,PoisonRef / 剧毒引用 | FreezeRef / 冻结引用 | BurnRef / 灼烧引用 | Damage / 伤害,25.0,25,15,15/30,0,,0,,0,,0,,4,4,0,,0,,0,,0,,0,0,0,0,"[主动] 造成15/30伤害
[被动] 触发剧毒、冻结或灼烧时，充能此物品2秒且此物品获得15/30",null,此物品的价值翻倍,减速1件物品4秒,冻结1件物品2秒,加速1件物品4秒,获得护盾，等量于此物品伤害量,获得治疗，等量于此物品伤害,造成剧毒，等量于此物品伤害的10%,造成灼烧，等量于此物品伤害的10%,此物品的伤害加成翻倍,此物品+50%暴击率,此物品免疫冻结、减速和摧毁,此物品的伤害翻倍
9b9ea23a-408c-4e08-9b09-9f791285d16c,Ignition Core,引燃核心,Item / 物品,Medium / 中型,Silver / 白银,Silver/Gold/Diamond,Dooley / 杜利,Core / 核心 | Tech / 科技,Burn / 灼烧 | BurnRef / 灼烧引用,8.0,8/6/5,0,,0,,0,,0,,0,,1,1,4,4,0,,0,,0,,0,0,0,0,"[主动] 造成4灼烧
[主动] 此物品和右侧所有灼烧物品获得2/4/8
[被动] 当你使用左侧的任意物品时，充能此物品1秒",null,此物品的价值翻倍,减速2件物品1秒,冻结一件物品1秒,加速2件物品1秒,获得护盾，等量于此物品灼烧的5倍,获得治疗，等量于此物品灼烧的5倍,造成剧毒，等量于此物品灼烧,此物品的灼烧翻倍,此物品+1多重释放,此物品+50%暴击率,此物品免疫冻结、减速和摧毁,造成伤害，等量于此物品灼烧的5倍
9bdc7dad-5016-4743-9b44-1e20b03a1961,Neural Toxin,神经毒素,Item / 物品,Small / 小型,Silver / 白银,Silver/Gold/Diamond,Common / 通用,,Slow / 减速 | DamageRef / 伤害引用,0.0,,0,,0,,0,,0,,0,,0,,0,,0,,0,,0,,0,0,0,0,[被动] 当你使用相邻武器时，减速一件物品1/2/3秒,null,此物品的价值翻倍,此物品的减速持续时间翻倍,使用相邻武器时，冻结一件物品0.5秒,使用相邻武器时，加速一件物品1秒,当你使用相邻武器时，获得10护盾,当你使用相邻武器时，获得10治疗,当你使用相邻武器时，造成1剧毒,当你使用相邻武器时，造成1灼烧,此物品的减速持续时间翻倍,相邻武器+30%暴击率,相邻武器受冻结和减速影响的时长减半,当你使用相邻武器时，造成10伤害
9be3a957-2a9d-4f1b-94db-0526cbb456a0,Spark Plug,火花塞,Item / 物品,Small / 小型,Bronze / 青铜,Bronze/Silver/Gold/Diamond,Common / 通用,,Haste / 加速,0.0,,0,,0,,0,,0,,0,,0,,0,,0,,0,,0,,0,0,0,0,[被动] 每场战斗开始时，加速一件物品2/3/4/5秒,null,此物品的价值翻倍,每场战斗开始时，减速一件物品4秒,每场战斗开始时，冻结一件物品2秒,此物品的加速持续时间翻倍,每场战斗开始时，获得60护盾,每场战斗开始时，生命再生量提高6。,每场战斗开始时，造成6剧毒,每场战斗开始时，造成6灼烧,此物品的冻结持续时间翻倍,己方物品+20%暴击率,相邻物品受到的冻结和加速效果持续时间减半,每场战斗开始时，造成60伤害
9bf2d4d3-d753-4419-8f6f-d56686e967b8,Apothecary,药房,Item / 物品,Large / 大型,Silver / 白银,Silver/Gold/Diamond,Mak / 马克,Property / 地产,Regen / 再生 | HasteRef / 加速引用 | SlowRef / 减速引用 | PoisonRef / 剧毒引用 | BurnRef / 灼烧引用,5.0,5,0,,0,,0,,0,,0,,1,1,0,,0,,10,10/20/30,0,,0,0,0,0,"[主动] 生命再生量提高10/20/30
[被动] 触发加速、减速、剧毒或灼烧时，充能此物品1秒
[被动] 每天开始时，获得一份原料",null,此物品的价值翻倍,减速2件物品1秒,冻结一件物品1秒,加速2件物品1秒,获得护盾，等量于此物品生命再生量的5倍,获得治疗，等量于此物品生命再生量的5倍,造成剧毒，等量于此物品生命再生量,造成灼烧，等量于此物品的生命再生量,此物品+1多重释放,此物品+50%暴击率,此物品免疫冻结、减速和摧毁,造成伤害，等量于此物品生命再生的5倍
9c21ee00-116d-4868-a215-3f9b57bc8657,Yellow Piggles A,黄色小圆猪 邻,Item / 物品,Small / 小型,Bronze / 青铜,Bronze/Silver/Gold/Diamond,Pygmalien / 皮格马利翁,Toy / 玩具,ShieldRef / 护盾引用,4.0,4,0,,0,,0,,0,,0,,1,1,0,,0,,0,,0,,0,0,0,0,[主动] 相邻护盾物品获得3/6/9/12,null,,减速一件物品2秒,冻结一件物品0.5秒,加速一件物品2秒,此物品的护盾加成翻倍,相邻物品获得0,相邻物品获得0,相邻物品获得0,此物品+1多重释放,相邻护盾物品+25%暴击率,此物品免疫冻结、减速和摧毁,相邻物品获得0
9c722d2b-7c81-42d6-9d36-cb7954f1d9ad,Knife Sharpener,磨刀器,Item / 物品,Small / 小型,Bronze / 青铜,Bronze/Silver/Gold/Diamond,Jules / 朱尔斯,Tool / 工具,Haste / 加速 | DamageRef / 伤害引用,4.0,4,0,,0,,0,,0,,0,,1,1,0,,0,,0,,0,,0,0,0,0,"[主动] 加速另一件工具2秒
[被动] 使用相邻武器时，该武器获得4/8/12/16",null,此物品的价值翻倍,使用相邻武器时，减速一件物品1秒,使用相邻武器时，冻结一件物品0.5秒,此物品的加速持续时间翻倍,使用相邻护盾物品时，该物品+12,使用相邻治疗物品时，该物品+12,当你使用相邻剧毒物品时，该物品获得1,当你使用相邻灼烧物品时，该物品获得1,此物品+1多重释放,己方物品+20%暴击率,此物品免疫冻结、减速和摧毁,此物品的伤害加成翻倍
9c97827a-f6c3-4abd-b7c1-bc1b37cc82f0,Bootstraps,自力更升靴,Item / 物品,Medium / 中型,Gold / 黄金,Gold/Diamond,Pygmalien / 皮格马利翁,Apparel / 服饰,EconomyRef / 经济引用,0.0,,0,,0,,0,,0,,0,,0,,0,,0,,0,,0,,0,0,0,0,[被动] 每消耗50金币，升级一件较低级别的物品 [已消耗金币：0],null,……并为该物品赋予黄金附魔（如适用）,……并为该物品赋予沉重附魔（如适用）,……并为该物品赋予寒冰附魔（如适用）,……并为该物品赋予疾速附魔（如适用）,……并为该物品赋予护盾附魔（如适用）,……并为该物品赋予回复附魔（如适用）,……并为该物品赋予剧毒附魔（如适用）,……并为该物品赋予炽焰附魔（如适用）,……并为该物品赋予闪亮附魔（如适用）,……并为该物品赋予致命附魔（如适用）,……并为该物品赋予辉耀附魔（如适用）,……并为该物品赋予黑曜石附魔（如适用）
9ca6a93b-10e9-4138-abd1-0ff2e7c2c985,Jabalian Dagger,贾巴利匕首,Item / 物品,Medium / 中型,Silver / 白银,Silver/Gold/Diamond,Pygmalien / 皮格马利翁,Weapon / 武器,Damage / 伤害 | EconomyRef / 经济引用 | Value / 价值,3.0,3,0,0,0,,0,,0,,0,,1,1,0,,0,,0,,0,,0,0,0,0,"[主动] 造成伤害，等量于此物品价值的1/2/3倍
[被动] 出售一件物品时，此物品永久获得1价值",null,此物品的价值获取值翻倍,减速2件物品1秒,冻结一件物品1秒,加速2件物品1秒,获得护盾，等量于此物品伤害量,获得治疗，等量于此物品伤害,造成剧毒，等量于此物品伤害的10%,造成灼烧，等量于此物品伤害的10%,此物品+1多重释放,此物品+50%暴击率,此物品免疫冻结、减速和摧毁,此物品的伤害翻倍
9d289951-bda7-4f74-a5cf-dbe350c0cae5,Lumboars,木桨,Item / 物品,Medium / 中型,Bronze / 青铜,Bronze/Silver/Gold/Diamond,Pygmalien / 皮格马利翁,Weapon / 武器 | Aquatic / 水系,Damage / 伤害,6.0,6,10,10,0,,0,,0,,0,,2,2,0,,0,,0,,0,,0,0,0,0,"[主动] 造成10伤害
[主动] 己方物品+5/10/15/20",null,此物品的价值翻倍,减速2件物品1秒,冻结一件物品1秒,加速2件物品1秒,获得护盾，等量于此物品伤害量,获得治疗，等量于此物品伤害,造成剧毒，等量于此物品伤害的10%,造成灼烧，等量于此物品伤害的10%,此物品+1多重释放,此物品+50%暴击率,此物品免疫冻结、减速和摧毁,此物品的伤害翻倍
9d2a2c9e-19b2-48e7-b891-53d570ed171e,Wild Bear,野熊,Item / 物品,Medium / 中型,Gold / 黄金,Gold/Diamond,Karnok,Weapon / 武器 | Friend / 伙伴,Damage / 伤害 | Health / 生命值 | HealthRef / 生命值引用 | RageReference,5.0,5/4,0,0,0,,0,,0,,0,,1,1,0,,0,,0,,0,,0,0,0,0,"[主动] 造成伤害，等量于你最大生命值的10%
[被动] 当你进入暴怒状态时，获得15/25%最大生命值 [10]",null,此物品的价值翻倍,减速2件物品2秒,冻结一件物品1秒,加速2件物品2秒,获得护盾，等量于此物品伤害量,获得治疗，等量于此物品伤害,造成剧毒，等量于此物品伤害的10%,造成灼烧，等量于此物品伤害的10%,此物品+1多重释放,此物品+50%暴击率,此物品免疫冻结、减速和摧毁,此物品的伤害翻倍
9d31868e-1c69-4186-a3df-8ca10dc2a80f,Ice Luge,寒冰滑道,Item / 物品,Small / 小型,Gold / 黄金,Gold/Diamond,Pygmalien / 皮格马利翁,,Freeze / 冻结 | Cooldown / 冷却 | Ammo / 弹药,5.0,5,0,,0,,0,,1,1,0,,0,,0,,0,,0,,0,,0,0,0,0,"[主动] 冻结相邻物品1秒
[主动] 相邻物品的冷却时间缩短1000/2000秒
[主动] 弹药: 1",null,此物品的价值翻倍,减速一件物品2秒,此物品的冻结时长减半,加速一件物品2秒,获得40护盾,治疗40生命值,造成4剧毒,造成4灼烧,此物品+1多重释放,当相邻物品被冻结时，其获得10%暴击率,此物品免疫冻结、减速和摧毁,造成40伤害
9d6b3763-fd74-4d02-b9c0-56931974bfe3,Wing Sigil,羽翼符印,Item / 物品,Medium / 中型,Silver / 白银,Silver/Gold/Diamond,Karnok,,HasteRef / 加速引用 | Rage | Flying / 飞行 | RageReference | Cooldown / 冷却,0.0,,0,,0,,0,,0,,0,,0,,0,,0,,0,,0,,0,0,0,0,"[被动] 当你造成加速时，获得10/15/20怒火
[被动] 当你进入暴怒状态时，2件物品开始飞行
[被动] 己方飞行物品的冷却时间缩短10/15/20%",null,此物品的价值翻倍,当你进入暴怒状态时，减速2件物品4秒,当你进入暴怒状态时，冻结2件物品2秒,当你进入暴怒状态时，加速2件物品4秒,当你进入暴怒状态时，获得护盾，等量于你最大生命值的10%,当你进入暴怒状态时，获得治疗，等量于你最大生命值的10%,当你进入暴怒状态时，造成剧毒，等量于你最大生命值的2%,当你进入暴怒状态时，造成灼烧，等量于你最大生命值的2%,此物品的怒火获取和冷却时间缩短效果翻倍,己方物品+25%暴击率,相邻物品受冻结和减速影响的时间减半,当你进入暴怒状态时，造成伤害，等量于你最大生命值的10%
9d7b0b38-aaac-40b9-a189-4f1a0635ccb4,Pumpkin,南瓜,Item / 物品,Medium / 中型,Bronze / 青铜,Bronze/Silver/Gold/Diamond,Jules / 朱尔斯,Food / 食物,RegenRef / 再生引用 | ShieldRef / 护盾引用 | Slow / 减速 | HeatedReference,5.0,5,0,,0,,0,,0,,0,,1,1,0,,0,,0,,0,,0,0,0,0,"[主动] 相邻物品获得1/2/3/4和10/20/30/40
[主动] 高温时：减速2/3/4/5件物品2秒",null,此物品的价值翻倍,此物品的减速持续时间翻倍,冻结一件物品0.5秒,加速2件物品1秒,此物品的护盾获取值翻倍,治疗100生命值,造成10剧毒,造成10灼烧,此物品+1多重释放,相邻物品+30%暴击率,此物品免疫冻结、减速和摧毁,造成100伤害
9d871e47-c760-42aa-84ab-995f5bf3f394,Epsilon Ray,艾普西隆射线,Item / 物品,Small / 小型,Silver / 白银,Silver/Gold/Diamond,Dooley / 杜利,Ray / 射线 | Tech / 科技,Shield / 护盾,6.0,6,0,,0,,15,15/30/60,0,,0,,1,1,0,,0,,0,,0,,0,0,0,0,"[主动] 获得15/30/60护盾
[被动] 当你使用核心或射线时，己方物品获得6/9/12",null,此物品的价值翻倍,减速一件物品3秒,冻结一件物品0.5秒,加速一件物品3秒,此物品的护盾获取值翻倍,获得治疗，等量于此物品护盾值,造成剧毒，等量于此物品护盾值的10%,造成灼烧，等量于此物品护盾值的10%,此物品+1多重释放,己方射线+25%暴击率,此物品免疫冻结、减速和摧毁,造成伤害，等量于此物品护盾
9dce3040-6929-4c98-b88f-ee5c953d5dec,Tinderbox,火绒盒,Item / 物品,Small / 小型,Bronze / 青铜,Bronze/Silver/Gold/Diamond,Karnok,Tool / 工具,Burn / 灼烧 | RageReference | Charge / 充能,12.0,12/11/10/9,0,,0,,0,,0,,0,,1,1,5,5,0,,0,,0,,0,0,0,0,"[主动] 造成5灼烧
[被动] 使用其他工具或非武器物品时，充能此物品2秒。
[被动] 暴怒期间，此物品的充能量翻倍。",null,此物品的价值翻倍,减速一件物品1秒,冻结一件物品0.5秒,加速一件物品1秒,获得护盾，等量于此物品灼烧的5倍,获得治疗，等量于此物品灼烧的5倍,造成剧毒，等量于此物品灼烧,此物品的灼烧翻倍,此物品+1多重释放,此物品+50%暴击率,此物品免疫冻结、减速和摧毁,造成伤害，等量于此物品灼烧的5倍
9de5b9e6-d2a7-46f1-be70-ee6bded32ead,Food Truck,餐车,Item / 物品,Large / 大型,Gold / 黄金,Gold/Diamond,Jules / 朱尔斯,Vehicle / 载具,Haste / 加速 | Charge / 充能,4.0,4,0,,0,,0,,0,,0,,0,,0,,0,,0,,0,,0,0,0,0,"[主动] 加速相邻物品1/2秒
[被动] 加速食物时，充能它1秒",null,此物品的价值翻倍,减速3件物品1秒,冻结一件物品1秒,此物品的加速持续时间翻倍,获得120护盾,治疗120生命值,造成12剧毒,造成12灼烧,此物品+1多重释放,己方食物+50%暴击率,此物品免疫冻结、减速和摧毁,造成120伤害
9e0bca07-56bd-4217-b258-ef1dabd42209,Cybersecurity,赛博保安,Item / 物品,Medium / 中型,Gold / 黄金,Gold/Diamond,Dooley / 杜利,Friend / 伙伴 | Weapon / 武器,TechReference | Damage / 伤害,9.0,9/8,50,50,0,,0,,0,,0,,1,1,0,,0,,0,,0,,0,0,0,0,"[主动] 造成50伤害
[被动] 己方每拥有另一件武器或科技物品，此物品+50/75伤害
[被动] 如果此物品是你唯一的伙伴，此物品造成三倍伤害",null,此物品的价值翻倍,减速2件物品3秒,冻结2件物品1秒,加速2件物品3秒,获得护盾，等量于此物品伤害量,获得治疗，等量于此物品伤害,造成剧毒，等量于此物品伤害的10%,造成灼烧，等量于此物品伤害的10%,此物品+1多重释放,此物品+50%暴击率,此物品免疫冻结、减速和摧毁,此物品的伤害翻倍
9e1173c2-c44d-4aa5-9aa3-10271be80943,Spiked Wraps,尖刺臂缠,Item / 物品,Small / 小型,Bronze / 青铜,Bronze/Silver/Gold/Diamond,Karnok,Weapon / 武器 | Apparel / 服饰,RageReference | Damage / 伤害,5.0,5,10,10/20/40/80,0,,0,,0,,0,,1,1,0,,0,,0,,0,,0,0,0,0,"[主动] 造成10/20/40/80伤害
[被动] 当你进入暴怒状态时，此物品冷却时间缩短2秒",null,此物品的价值翻倍,减速一件物品2秒,冻结一件物品0.5秒,加速一件物品2秒,获得护盾，等量于此物品伤害量,获得治疗，等量于此物品伤害,造成剧毒，等量于此物品伤害的10%,造成灼烧，等量于此物品伤害的10%,此物品+1多重释放,此物品+50%暴击率,此物品免疫冻结、减速和摧毁,此物品的伤害翻倍
9e5e3d9e-ad05-4340-9071-4fccecb79695,Butterfly Swords,蝶剑,Item / 物品,Small / 小型,Silver / 白银,Silver/Gold/Diamond,Vanessa / 瓦内莎,Weapon / 武器,Damage / 伤害,6.0,6,10,10,0,,0,,0,,0,,2,2/3/4,0,,0,,0,,0,,0,0,0,0,[主动] 造成10伤害,null,此物品的价值翻倍,减速一件物品1秒,冻结一件物品0.5秒,加速一件物品1秒,获得护盾，等量于此物品伤害量,获得治疗，等量于此物品伤害,造成剧毒，等量于此物品伤害的10%,造成灼烧，等量于此物品伤害的10%,此物品的伤害翻倍,此物品+50%暴击率,此物品免疫冻结、减速和摧毁,此物品的伤害翻倍
9ede03ef-5257-4a77-a725-5c4713662208,Dock Lines,码头缆索,Item / 物品,Medium / 中型,Silver / 白银,Silver/Gold/Diamond,Vanessa / 瓦内莎,Tool / 工具 | Aquatic / 水系,Slow / 减速,4.0,4,0,,0,,0,,0,,0,,1,1,0,,0,,0,,0,,0,0,0,0,[主动] 减速2/3/4件物品3秒,null,此物品的价值翻倍,此物品的减速持续时间翻倍,冻结一件物品1秒,加速2件物品1秒,获得60护盾,治疗60生命值,造成6剧毒,造成6灼烧,此物品+1多重释放,己方物品+25%暴击率,此物品免疫冻结、减速和摧毁,造成60伤害
9f098979-e499-406c-a6a1-2bc98e88afab,Hunting Knife,猎刀,Item / 物品,Small / 小型,Bronze / 青铜,Bronze/Silver/Gold/Diamond,Karnok,Weapon / 武器 | Tool / 工具,Damage / 伤害 | Haste / 加速 | EconomyRef / 经济引用,4.0,4,10,10/20/30/40,0,,0,,0,,0,,1,1,0,,0,,0,,0,,0,0,0,0,"[主动] 造成10/20/30/40伤害
[主动] 加速一个伙伴1/2/3/4秒
[被动] 携带此物品击败怪物时，获得一张兽皮。",null,此物品的价值翻倍,减速一件物品2秒,冻结一件物品0.5秒,此物品的加速持续时间翻倍,获得护盾，等量于此物品伤害量,获得治疗，等量于此物品伤害,造成剧毒，等量于此物品伤害的10%,造成灼烧，等量于此物品伤害的10%,此物品+1多重释放,此物品+50%暴击率,此物品免疫冻结、减速和摧毁,此物品的伤害翻倍
9f478d9d-cc98-4ff2-926a-5eeb09bd044c,Snowflake,雪花,Item / 物品,Small / 小型,Diamond / 钻石,Diamond,Common / 通用,Loot / 战利品,FreezeRef / 冻结引用,0.0,,0,,0,,0,,0,,0,,0,,0,,0,,0,,0,,0,0,0,0,[被动] 出售此物品时，己方最左侧的冻结物品永久获得+500秒冻结持续时间,null,此物品的价值翻倍,出售此物品时，己方最左侧的减速物品获得200减速持续时间,此物品的冻结加成翻倍,出售此物品时，己方最左侧的加速物品获得200加速持续时间,出售此物品时，最左侧的护盾物品+10,出售此物品时，最左侧的治疗物品+10,出售此物品时，己方最左侧的剧毒物品获得1,出售此物品时，己方最左侧的灼烧物品获得1,,出售此物品时，己方最左侧的物品获得2%暴击率,,出售此物品时，己方最左侧的武器获得10
9fafc0a5-6675-4e17-9457-590f13354a39,Launcher Core,发射核心,Item / 物品,Medium / 中型,Silver / 白银,Silver/Gold/Diamond,Dooley / 杜利,Core / 核心 | Tech / 科技,Flying / 飞行 | FlyingRef / 飞行引用 | Charge / 充能,6.0,6,0,,0,,0,,0,,0,,1,1,0,,0,,0,,0,,0,0,0,0,"[主动] 使2/3/4件其他物品开始飞行
[主动] 为其他飞行物品充能1秒
[被动] 当你使用其他伙伴或飞行物品时，充能此物品1秒",null,此物品的价值翻倍,减速2件物品1秒,冻结一件物品1秒,加速2件物品1秒,获得50护盾,治疗50生命值,造成5剧毒,造成5灼烧,此物品+1多重释放,己方飞行物品+40%暴击率,此物品免疫冻结、减速和摧毁,造成50伤害
a00759a2-b9ae-4324-9cef-30a68a294904,Giant Sub,巨型三明治,Item / 物品,Large / 大型,Gold / 黄金,Gold/Diamond,Jules / 朱尔斯,Food / 食物,Burn / 灼烧 | Shield / 护盾 | Regen / 再生 | HeatedReference,7.0,7/5,0,,0,,0,0,0,,0,,1,1,0,0,0,,0,0,0,,0,0,0,0,"[主动] 获得护盾，等量于己方最高护盾值的食物
[主动] 生命再生量提高，增幅等于己方最高生命再生量的食物
[主动] 高温时：造成灼烧，等量于此物品的生命再生量
[被动] 当你使用工具时，充能此物品2秒",null,此物品的价值翻倍,减速3件物品1秒,冻结2件物品1秒,加速3件物品1秒,此物品的护盾翻倍,获得治疗，等量于此物品护盾值,造成剧毒，等量于此物品生命再生量,此物品的灼烧翻倍,此物品+1多重释放,此物品+50%暴击率,此物品免疫冻结、减速和摧毁,造成伤害，等量于此物品护盾
a01cd513-8d2b-45c7-b5ba-6d4dcdd23065,Lunch Box,午餐盒,Item / 物品,Medium / 中型,Silver / 白银,Silver/Gold/Diamond,Stelle / 斯黛尔,,Regen / 再生,0.0,,0,,0,,0,,0,,0,,0,,0,,0,,0,,0,,0,0,0,0,"[被动] 每天开始时，获得一件来自任意英雄的小型食物
[被动] 出售食物时，生命再生量提高1/2/3",null,……并为该物品赋予黄金附魔（如适用）,……并为该物品赋予沉重附魔（如适用）,……并为该物品赋予寒冰附魔（如适用）,……并为该物品赋予疾速附魔（如适用）,……并为该物品赋予护盾附魔（如适用）,……并为该物品赋予回复附魔（如适用）,……并为该物品赋予剧毒附魔（如适用）,……并为该物品赋予炽焰附魔（如适用）,……并为该物品赋予闪亮附魔（如适用）,……并为该物品赋予致命附魔（如适用）,……并为该物品赋予辉耀附魔（如适用）,……并为该物品赋予黑曜石附魔（如适用）
a031a51e-7b07-4055-adff-a421d2ee8943,[MEDIUM ITEM TEMPLATE],,Item / 物品,Medium / 中型,Bronze / 青铜,Bronze/Silver/Gold/Diamond,Vanessa / 瓦内莎 | Dooley / 杜利 | Jules / 朱尔斯 | Stelle / 斯黛尔 | Mak / 马克 | Pygmalien / 皮格马利翁,,,6.0,6,0,,0,,0,,0,,0,,1,1,0,,0,,0,,0,,0,0,0,0,[主动] This is a Medium item Template,null,此物品的价值翻倍,减速2件物品2秒,冻结一件物品1秒,加速2件物品2秒,获得30护盾,治疗30生命值,造成3剧毒,造成3灼烧,此物品+1多重释放,此物品+50%暴击率,此物品免疫冻结、减速和摧毁,造成30伤害
a0345f93-0c0a-44fa-a7e4-2135acb16bcc,Runic Great Axe,符文巨斧,Item / 物品,Large / 大型,Silver / 白银,Silver/Gold/Diamond,Mak / 马克,Weapon / 武器 | Relic / 遗物,Damage / 伤害 | Crit / 暴击,6.0,6,50,50/100/200,0,,0,,0,,0,,1,1,0,,0,,0,,100,100,0,0,0,0,"[主动] 造成50/100/200伤害
[被动] 己方吸血武器+50/75/100%暴击率",null,此物品的价值翻倍,减速3件物品2秒,冻结2件物品1秒,加速3件物品2秒,获得护盾，等量于此物品伤害量,获得治疗，等量于此物品伤害,造成剧毒，等量于此物品伤害的10%,造成灼烧，等量于此物品伤害的10%,此物品+1多重释放,此物品造成双倍暴击伤害,此物品免疫冻结、减速和摧毁,此物品的伤害翻倍
a043f66d-2320-46f6-8bac-131afeb770d2,Spyglass,侦察望远镜,Item / 物品,Medium / 中型,Gold / 黄金,Gold/Diamond,Vanessa / 瓦内莎,Tool / 工具,Crit / 暴击 | Cooldown / 冷却 | SlowRef / 减速引用,0.0,,0,,0,,0,,0,,0,,0,,0,,0,,0,,0,,0,0,0,0,"[被动] 触发减速时，一件物品+10%暴击率
[被动] 每场战斗开始时，使一件敌人物品的冷却时间延长3000/6000秒",null,此物品的价值翻倍,相邻物品暴击时，减速2件物品1秒,相邻物品暴击时，冻结2件物品0.5秒,相邻物品暴击时，加速2件物品1秒,使用相邻物品造成暴击时，获得40护盾,使用相邻物品造成暴击时，获得40治疗。,使用相邻物品造成暴击时，造成4剧毒。,使用相邻物品造成暴击时，造成4灼烧。,此物品的暴击率加成翻倍,此物品的暴击率加成翻倍,相邻物品受冻结和减速影响的时间减半,当相邻物品暴击时，造成40伤害
a046d7a0-effe-41c0-850f-de1f4bfa08f2,Serving Platter,上菜托盘,Item / 物品,Medium / 中型,Gold / 黄金,Gold/Diamond,Jules / 朱尔斯,Tool / 工具,CritReference | Charge / 充能,0.0,,0,,0,,0,,0,,0,,0,,0,,0,,0,,0,,0,0,0,0,[被动] 当你用食物暴击时，充能其他1/2件食物1秒,null,此物品的价值翻倍,使用食物造成暴击时，减速1件物品1秒,使用食物造成暴击时，冻结一件物品0.5秒,使用食物造成暴击时，加速1件物品1秒,使用食物造成暴击时，获得25护盾,使用食物造成暴击时，获得25治疗,使用食物造成暴击时，造成2剧毒,使用食物造成暴击时，造成2灼烧,此物品的充能量翻倍,己方食物+40%暴击率,己方食物所受冻结和减速持续时间减半,当你用食物暴击时，造成25伤害
a05d23cb-af36-42fa-aab1-568aba7f30c6,Abacus,算盘,Item / 物品,Small / 小型,Gold / 黄金,Gold/Diamond,Pygmalien / 皮格马利翁,Tool / 工具,EconomyRef / 经济引用,4.0,4,0,,0,,0,,0,,0,,1,1,0,,0,,0,,0,,0,0,0,0,"[主动] 相邻物品获得价值，增幅等于此物品的价值
[被动] 战斗中此物品+15/30价值",null,此物品的价值翻倍,减速一件物品2秒,冻结一件物品0.5秒,加速一件物品2秒,获得护盾，等量于此物品价值的两倍,获得治疗，等量于此物品价值的两倍,造成剧毒，等量于此物品价值的一半,造成灼烧，等量于此物品价值的一半,此物品+1多重释放,相邻物品+30%暴击率,此物品免疫冻结、减速和摧毁,造成伤害，等量于此物品价值的两倍
a0c3a02b-4d29-4159-805e-3501463d1ca1,Caltrops,铁蒺藜,Item / 物品,Medium / 中型,Diamond / 钻石,Diamond,Pygmalien / 皮格马利翁,Weapon / 武器 | Trap,Damage / 伤害,0.0,,1,1,0,,0,,0,,0,,0,,0,,0,,0,,0,,0,0,0,0,[被动] 敌人使用物品时，造成1伤害,null,此物品的价值翻倍,敌人使用物品时，减速一件物品1秒,敌人使用物品时，冻结一件物品0.5秒,敌人使用物品时，加速一件物品1秒,敌人使用物品时，获得护盾，等量于此物品伤害,敌人使用物品时，获得治疗，等量于此物品伤害,敌人使用物品时，造成剧毒，等量于此物品伤害的10%,敌人使用物品时，造成灼烧，等量于此物品伤害的10%,此物品的伤害翻倍,敌人使用物品时，己方物品+5%暴击率,相邻物品受冻结和减速影响的时间减半,此物品的伤害翻倍
a11bf085-c976-4721-a438-76a0fb36f4a8,Spider Fern,蕨叶蜘蛛,Item / 物品,Medium / 中型,Silver / 白银,Silver/Gold/Diamond,Mak / 马克,Friend / 伙伴,Poison / 剧毒,4.0,4,0,,0,,0,,0,,0,,1,1,0,,4,4/6/8,0,,0,,0,0,0,0,"[主动] 造成4/6/8剧毒
[被动] 当你携带此物品赢得战斗时，此物品+2多重释放。
如果此加成已达到2/4/6，则重置此加成",null,此物品的价值翻倍,减速一件物品1秒,冻结一件物品0.5秒,加速一件物品1秒,获得护盾，等量于此物品剧毒的5倍,获得治疗，等量于此物品剧毒的5倍,此物品的剧毒翻倍,造成灼烧，等量于此物品的剧毒,此物品的多重释放次数上限+2,此物品+50%暴击率,此物品免疫冻结、减速和摧毁,造成伤害，等量于此物品剧毒的5倍
a14e3bea-96b9-43de-9455-99393769b356,Pocket Knife,袖珍飞刀,Item / 物品,Small / 小型,Bronze / 青铜,Bronze/Silver/Gold/Diamond,Karnok,Weapon / 武器 | Tool / 工具,Damage / 伤害 | Crit / 暴击,4.0,4,5,5/10/15/20,0,,0,,0,,0,,1,1,0,,0,,0,,0,,0,0,0,0,"[主动] 造成5/10/15/20伤害
[主动] 己方最左侧的武器+10/15/20/25%暴击率",null,此物品的价值翻倍,减速一件物品2秒,冻结一件物品0.5秒,加速一件物品2秒,获得护盾，等量于此物品伤害量,获得治疗，等量于此物品伤害,造成剧毒，等量于此物品伤害的10%,造成灼烧，等量于此物品伤害的10%,此物品+1多重释放,此物品的暴击率获取加成翻倍,此物品免疫冻结、减速和摧毁,此物品的伤害翻倍
a167bf66-e29e-43d2-b30e-a480600c992d,Scrap Metal,金属废料,Item / 物品,Medium / 中型,Gold / 黄金,Gold/Diamond,Dooley / 杜利,,Cooldown / 冷却,0.0,,0,,0,,0,,0,,0,,0,,0,,0,,0,,0,,0,0,0,0,[被动] 出售此物品时，己方最左侧物品的冷却时间缩短3/6%,目标: 购买6件工具或科技物品 | 奖励: 出售此物品时，升级己方最左侧的物品,,出售此物品时，己方最左侧的减速物品获得1000减速持续时间,出售此物品时，己方最左侧的冻结物品获得500冻结持续时间,出售此物品时，己方最左侧的加速物品获得1000加速持续时间,出售此物品时，最左侧的护盾物品+25,出售此物品时，最左侧的治疗物品+25,出售此物品时，己方最左侧的剧毒物品获得5,出售此物品时，己方最左侧的灼烧物品获得5,此物品的冷却时间缩短效果翻倍,出售此物品时，己方最左侧的物品获得5%暴击率,,出售此物品时，己方最左侧的武器获得25
a16f1388-d900-4871-8baf-873e38190f9a,Trail Mix,什锦干果,Item / 物品,Small / 小型,Bronze / 青铜,Bronze/Silver/Gold/Diamond,Jules / 朱尔斯,Food / 食物,Regen / 再生 | Quest,8.0,8/7/6/5,0,,0,,0,,0,,0,,1,1,0,,0,,5,5,0,,0,0,0,0,[主动] 生命再生量提高5,"目标: 出售10个食物 | 奖励: 此物品的冷却时间缩短2000秒
目标: 出售20件食物 | 奖励: 此物品+1多重释放",此物品的价值翻倍,减速一件物品1秒,冻结一件物品0.5秒,加速一件物品1秒,获得护盾，等量于此物品生命再生量的5倍,获得治疗，等量于此物品生命再生量的5倍,造成剧毒，等量于此物品生命再生量,造成灼烧，等量于此物品的生命再生量,此物品+1多重释放,此物品+50%暴击率,此物品免疫冻结、减速和摧毁,造成伤害，等量于此物品生命再生的5倍
a1734319-3c24-430b-9f6c-e4dfb5abd9d1,Veggie Garden,蔬菜种植园,Item / 物品,Large / 大型,Gold / 黄金,Gold/Diamond,Jules / 朱尔斯,Food / 食物 | Property / 地产,Health / 生命值 | RegenRef / 再生引用 | DamageRef / 伤害引用,0.0,,0,,0,,0,,0,,0,,0,,0,,0,,0,,0,,0,0,0,0,"[被动] 相邻工具+伤害，增幅等于你最大生命值的5%
[被动] 己方+最大生命值，增幅等于3/6乘以你的生命再生量",null,此物品的价值翻倍,使用工具时，减速一件物品1秒,使用工具时，冻结一件物品0.5秒,使用工具时，加速一件物品1秒,当你使用工具时，获得30护盾,当你使用工具时，获得30治疗,当你使用工具时，造成3剧毒,当你使用工具时，造成3灼烧,己方工具+1多重释放,己方工具+50%暴击率,己方工具受到的冻结和减速效果持续时间减半,此物品的伤害加成翻倍
a1a898d3-4e07-41bb-a293-bb41fa39a6df,Magician's Top Hat,魔术师礼帽,Item / 物品,Medium / 中型,Diamond / 钻石,Diamond,Common / 通用,Apparel / 服饰,,0.0,,0,,0,,0,,0,,0,,0,,0,,0,,0,,0,,0,0,0,0,[被动] 出售此物品时，升级己方最左侧的物品,null,,,,,,,,,,,,
a21b1e80-c633-487b-9292-7552519198c8,Closed Sign,“已打烊”标牌,Item / 物品,Medium / 中型,Silver / 白银,Silver/Gold/Diamond,Pygmalien / 皮格马利翁,,Health / 生命值 | EconomyRef / 经济引用,0.0,,0,,0,,0,,0,,0,,0,,0,,0,,0,,0,,0,0,0,0,[被动] 当你使用地产或工具时，获得最大生命值，等量于其价值的1/2/3倍,null,相邻的地产和工具价值翻倍,当你使用地产或工具时，减速一件物品1秒,当你使用地产或工具时，冻结一件物品0.5秒,当你使用地产或工具时，加速一件物品1秒,当你使用地产或工具时，获得20护盾,当你使用地产或工具时，获得20治疗,当你使用地产或工具时，造成2剧毒,当你使用地产或工具时，造成2灼烧,此物品的最大生命值获取值翻倍,己方相邻的地产和工具+暴击率，增幅等于己方价值最高物品的价值,己方相邻的地产和工具受冻结和减速的时间减半,当你使用地产或工具时，造成20伤害
a2c57650-106b-4645-bf76-9b0d45d6b364,Stand Mixer,厨师机,Item / 物品,Medium / 中型,Silver / 白银,Silver/Gold/Diamond,Jules / 朱尔斯,Tool / 工具,Haste / 加速 | Crit / 暴击,6.0,6/5/4,0,,0,,0,,0,,0,,2,2,0,,0,,0,,0,,0,0,0,0,"[主动] 加速一件食物2秒
[被动] 加速食物时，它获得5/10/15%暴击率",null,此物品的价值翻倍,减速1件物品1秒,冻结一件物品1秒,此物品的加速持续时间翻倍,获得50护盾,治疗50生命值,造成5剧毒,造成5灼烧,此物品+1多重释放,此物品的暴击率加成翻倍,此物品免疫冻结、减速和摧毁,造成50伤害
a34b3465-d460-4f53-9223-8a3f4b77b012,Book of Secrets,奥秘之书,Item / 物品,Medium / 中型,Bronze / 青铜,Bronze/Silver/Gold/Diamond,Mak / 马克,Relic / 遗物,,0.0,,0,,0,,0,,0,,0,,0,,0,,0,,0,,0,,0,0,0,0,[被动] 每天开始时，获得一个来自任意英雄的随机技能,null,此物品仅会提供金币或收入技能,此物品仅会提供减速技能,此物品仅会提供冻结技能,此物品仅会给予加速技能,此物品仅会给予护盾技能,此物品仅会给予治疗技能,此物品仅会给予剧毒技能,此物品仅会提供灼烧技能,每天开始时，额外获得一个技能,此物品仅会提供暴击技能,相邻物品受冻结和减速影响的时间减半,此物品仅会提供伤害或武器技能
a35ea0aa-ff0f-4366-b3dd-561cae7ed725,Plasma Grenade,等离子手雷,Item / 物品,Small / 小型,Bronze / 青铜,Bronze/Silver/Gold/Diamond,Dooley / 杜利,,Burn / 灼烧 | Ammo / 弹药 | Slow / 减速,6.0,6,0,,0,,0,,2,2,0,,1,1,10,10,0,,0,,0,,0,0,0,0,"[主动] 对双方玩家都造成10灼烧
[主动] 减速3/4/5/6件物品1秒
[主动] 弹药: 2",null,此物品的价值翻倍,此物品的减速持续时间翻倍,冻结所有敌方物品0.5秒,加速己方物品1秒,获得80护盾,治疗80生命值,造成8剧毒,此物品的灼烧翻倍,此物品+1多重释放,己方物品+40%暴击率,此物品免疫冻结、减速和摧毁,造成80伤害
a3d3bf9c-5b26-405d-881d-c9aa6283f142,Marble Scalemail,大理石鳞甲,Item / 物品,Medium / 中型,Bronze / 青铜,Bronze/Silver/Gold/Diamond,Common / 通用,Apparel / 服饰,Shield / 护盾 | ShieldRef / 护盾引用,4.0,4,0,,0,,25,25/50/100/200,0,,0,,1,1,0,,0,,0,,0,,0,0,0,0,"[主动] 获得25/50/100/200护盾
[被动] 出售此物品时，己方物品永久获得3/6/9/12",null,此物品的价值翻倍,减速2件物品1秒,冻结一件物品1秒,加速2件物品1秒,此物品的护盾翻倍,获得治疗，等量于此物品护盾值,造成剧毒，等量于此物品护盾值的10%,造成灼烧，等量于此物品护盾值的10%,此物品+1多重释放,此物品+50%暴击率,此物品免疫冻结、减速和摧毁,造成伤害，等量于此物品护盾
a3f79928-e104-433b-9631-f3d4a99ee6e9,Chocolate Coin,金币巧克力,Item / 物品,Small / 小型,Silver / 白银,Silver/Gold/Diamond,Jules / 朱尔斯,Food / 食物,Crit / 暴击 | EconomyRef / 经济引用 | Value / 价值,0.0,,0,,0,,0,,0,,0,,0,,0,,0,,0,,0,,0,0,0,0,"[被动] 出售食物时，此物品永久获得+1/2/3价值
[被动] 出售此物品时，己方最左侧的物品永久获得暴击率，等量于此物品价值的一半",null,,出售此物品时，己方最左侧的减速物品获得200减速持续时间,出售此物品时，己方最左侧的冻结物品获得100冻结持续时间,出售此物品时，己方最左侧的加速物品获得200加速持续时间,出售此物品时，最左侧的护盾物品+10,出售此物品时，最左侧的治疗物品+10,出售此物品时，己方最左侧的剧毒物品获得1,出售此物品时，己方最左侧的灼烧物品获得1,此物品的暴击率加成翻倍，价值获取值翻倍,此物品的暴击率加成翻倍,,出售此物品时，己方最左侧的武器获得10
a4281e9f-7889-4ac1-a140-9152ab54bc6b,Trail Markers,路径标记,Item / 物品,Small / 小型,Gold / 黄金,Gold/Diamond,Karnok,,Cooldown / 冷却,0.0,,0,,0,,0,,0,,0,,0,,0,,0,,0,,0,,0,0,0,0,[被动] 除最左侧物品外，己方所有物品的冷却时间延长1000/2000秒,null,此物品的价值翻倍,当你使用己方最左侧的物品时，减速一件物品1秒,当你使用己方最左侧的物品时，冻结一件物品0.5秒,当你使用最左侧物品时，加速一件物品1秒,当你使用己方最左侧的物品时，获得10护盾,当你使用己方最左侧的物品时，获得10治疗,当你使用己方最左侧的物品时，造成1剧毒,当你使用己方最左侧的物品时，造成1灼烧,此物品冷却时间额外延长1秒,己方最左侧物品+30%暴击率,己方最左侧物品受冻结和减速影响的时间减半,当你使用己方最左侧的物品时，造成10伤害
a4475e25-4562-4228-9e36-99ae0986b23c,Palanquin,盗龙轿辇,Item / 物品,Large / 大型,Silver / 白银,Silver/Gold/Diamond,Mak / 马克,Vehicle / 载具 | Dinosaur / 恐龙,Crit / 暴击 | Cooldown / 冷却,0.0,,0,,0,,0,,0,,0,,0,,0,,0,,0,,0,,0,0,0,0,"[被动] 己方物品+15/30/50%暴击率
[被动] 当你使用物品暴击时，该物品冷却时间缩短4/8/12%",null,此物品的价值翻倍,此物品暴击时，减速一件物品2秒,此物品暴击时，冻结一件物品1秒,此物品暴击时，加速一件物品2秒,此物品暴击时，获得60护盾,此物品暴击时，获得60治疗,此物品暴击时，造成6剧毒,此物品暴击时，造成6灼烧,此物品冷却缩短加成翻倍,此物品的暴击率加成翻倍,相邻物品受冻结和减速影响的时间减半,此物品暴击时，造成60伤害
a4808bae-bdda-4115-b550-4859c54c60b0,Hot Box,加热箱,Item / 物品,Medium / 中型,Silver / 白银,Silver/Gold/Diamond,Jules / 朱尔斯,Tool / 工具,Burn / 灼烧 | HeatedReference | SlowRef / 减速引用,7.0,7,0,,0,,0,,0,,0,,1,1,10,10/20/30,0,,0,,0,,0,0,0,0,"[主动] 相邻灼烧物品获得3/6/9
[主动] 高温时：造成10/20/30灼烧
[被动] 触发减速时，充能此物品2秒",null,此物品的价值翻倍,减速1件物品1秒,冻结一件物品0.5秒,加速1件物品1秒,获得护盾，等量于此物品灼烧的5倍,获得治疗，等量于此物品灼烧的5倍,造成剧毒，等量于此物品灼烧,此物品的灼烧翻倍,此物品+1多重释放,此物品+50%暴击率,此物品免疫冻结、减速和摧毁,造成伤害，等量于此物品灼烧的5倍
a490a838-37ed-4812-88fa-9e9a88d2eb8d,Haladie,双头刀,Item / 物品,Small / 小型,Bronze / 青铜,Bronze/Silver/Gold/Diamond,Pygmalien / 皮格马利翁,Weapon / 武器,Damage / 伤害,5.0,5,5,5/10/20/40,0,,0,,0,,0,,2,2,0,,0,,0,,0,,0,0,0,0,[主动] 造成5/10/20/40伤害,null,此物品的价值翻倍,减速一件物品1秒,冻结一件物品0.5秒,加速一件物品1秒,获得护盾，等量于此物品伤害量,获得治疗，等量于此物品伤害,造成剧毒，等量于此物品伤害的10%,造成灼烧，等量于此物品伤害的10%,此物品+1多重释放,此物品+50%暴击率,此物品免疫冻结、减速和摧毁,此物品的伤害翻倍
a4b48bb6-180a-49fd-bb1c-c6beb372b6de,Hammock,吊床,Item / 物品,Medium / 中型,Silver / 白银,Silver/Gold/Diamond,Pygmalien / 皮格马利翁,,HealRef / 治疗引用 | ShieldRef / 护盾引用 | EconomyRef / 经济引用 | Health / 生命值,5.0,5/4/3,0,,0,,0,,0,,0,,1,1,0,,0,,0,,0,,0,0,0,0,"[主动] 获得最大生命值，等量于相邻物品价值之和
[被动] 当你获得最大生命值时，己方物品获得5/10/15和5/10/15",null,此物品的价值翻倍,减速一件物品1秒,冻结一件物品0.5秒,加速一件物品1秒,此物品的护盾获取值翻倍,此物品的治疗获取值翻倍,获得最大生命值时，己方物品+0,获得最大生命值时，己方物品+0,此物品+1多重释放,己方物品+25%暴击率,此物品免疫冻结、减速和摧毁,获得最大生命值时，己方物品+0
a4b95afc-4925-4bca-878d-cabd338388a2,Green Piggles L,绿色小圆猪 左,Item / 物品,Small / 小型,Bronze / 青铜,Bronze/Silver/Gold/Diamond,Pygmalien / 皮格马利翁,Toy / 玩具,HealRef / 治疗引用,4.0,4,0,,0,,0,,0,,0,,1,1,0,,0,,0,,0,,0,0,0,0,[主动] 左侧相邻的治疗物品获得5/10/15/20,null,,减速一件物品2秒,冻结一件物品0.5秒,加速左侧相邻的物品2秒,左侧相邻的物品获得0,此物品的治疗加成翻倍,左侧相邻的物品获得0,左侧相邻的物品获得0,此物品+1多重释放,左侧相邻的治疗物品+50%暴击率,此物品免疫冻结、减速和摧毁,左侧相邻的物品获得0
a4cb5a88-1abb-4fb0-b4dc-a1b7eedebd64,Jabalian Recurve Bow,贾巴利反曲弓,Item / 物品,Medium / 中型,Silver / 白银,Silver/Gold/Diamond,Pygmalien / 皮格马利翁,Weapon / 武器 | Relic / 遗物,Damage / 伤害 | HealthRef / 生命值引用,8.0,8,75,75/150/300,0,,0,,0,,0,,2,2,0,,0,,0,,0,,0,0,0,0,"[主动] 造成75/150/300伤害
[被动] 如果你的生命值高于敌人，此物品+1多重释放",null,此物品的价值翻倍,减速2件物品1秒,冻结一件物品0.5秒,加速2件物品1秒,获得护盾，等量于此物品伤害量,获得治疗，等量于此物品伤害,造成剧毒，等量于此物品伤害的10%,造成灼烧，等量于此物品伤害的10%,此物品+1多重释放,此物品+50%暴击率,此物品免疫冻结、减速和摧毁,此物品的伤害翻倍
a4f9a8ea-7955-4285-8489-7c94c439018b,Spear,长矛,Item / 物品,Medium / 中型,Bronze / 青铜,Bronze/Silver/Gold/Diamond,Karnok,Weapon / 武器,Damage / 伤害 | Haste / 加速 | Crit / 暴击,7.0,7/6/5/4,20,20,0,,0,,0,,0,,1,1,0,,0,,0,,0,,0,0,0,0,"[主动] 造成20伤害
[被动] 每拥有一个伙伴，此物品+25/30/35/40%暴击率
[被动] 当此物品暴击时，加速己方其他物品2秒",null,此物品的价值翻倍,减速2件物品1秒,冻结一件物品1秒,此物品的加速持续时间翻倍,获得护盾，等量于此物品伤害量,获得治疗，等量于此物品伤害,造成剧毒，等量于此物品伤害的10%,造成灼烧，等量于此物品伤害的10%,此物品+1多重释放,此物品+50%暴击率,此物品免疫冻结、减速和摧毁,此物品的伤害翻倍
a541c31d-7b4b-45f6-bceb-c9971f8b06b5,Cooling Fan,冷却风扇,Item / 物品,Small / 小型,Gold / 黄金,Gold/Diamond,Dooley / 杜利,Tech / 科技,Freeze / 冻结,4.0,4/3,0,,0,,0,,0,,0,,0,,0,,0,,0,,0,,0,0,0,0,"[主动] 冻结相邻物品1/0.5秒
[主动] 为你净化一半的灼烧",null,此物品的价值翻倍,减速一件物品1秒,此物品的冻结时长减半,加速一件物品1秒,获得20护盾,治疗20生命值,造成2剧毒,造成2灼烧,此物品+1多重释放,一件物品+20%暴击率,此物品免疫冻结、减速和摧毁,造成20伤害
a5e0c248-624f-41dc-a33d-df8761f65642,Chaff,干扰箔,Item / 物品,Small / 小型,Bronze / 青铜,Bronze/Silver/Gold/Diamond,Dooley / 杜利,Tech / 科技,Shield / 护盾 | BurnRef / 灼烧引用 | AbsorbDestroy,0.0,,0,,0,,10,10/20/30/40,0,,0,,0,,0,,0,,0,,0,,0,0,0,0,"[被动] 当相邻物品造成灼烧时，获得10/20/30/40护盾。
[被动] 当敌人将要摧毁己方物品时，则改为摧毁此物品。",null,此物品的价值翻倍,当相邻物品造成灼烧时，减速一件物品1秒。,当相邻物品造成灼烧时，冻结一件物品0.5秒。,当相邻物品造成灼烧时，加速该物品1秒,此物品的护盾翻倍,当相邻物品造成灼烧时，获得治疗，等量于此物品护盾,当相邻物品造成灼烧时，造成剧毒，等量于此物品护盾值的10%,当相邻物品造成灼烧时，造成灼烧，等量于此物品护盾值的10%。,此物品的护盾翻倍,己方灼烧物品+30%暴击率,相邻灼烧物品受冻结和减速影响的时长减半,当相邻物品造成灼烧时，造成伤害，等量于此物品护盾
a5f3616b-ad8c-434a-89d0-311698061bd4,Isochoric Freezer,等容冷冻枪,Item / 物品,Small / 小型,Silver / 白银,Silver/Gold/Diamond,Dooley / 杜利,Tech / 科技,Freeze / 冻结,6.0,6/5/4,0,,0,,0,,0,,0,,1,1,0,,0,,0,,0,,0,0,0,0,[主动] 冻结一件冷却时间不超过5秒的物品，持续2秒,null,此物品的价值翻倍,减速一件物品2秒,此物品的冻结持续时间翻倍,加速一件物品2秒,获得30护盾,治疗30生命值,造成3剧毒,造成3灼烧,此物品+1多重释放,己方物品+10%暴击率,此物品免疫冻结、减速和摧毁,造成30伤害
a5fda359-ceb0-4b00-bcac-810c9cecef8e,Critical Core,暴击核心,Item / 物品,Medium / 中型,Silver / 白银,Silver/Gold/Diamond,Dooley / 杜利,Core / 核心 | Tech / 科技 | Weapon / 武器,Damage / 伤害 | Crit / 暴击,7.0,7/6/5,50,50,0,,0,,0,,0,,1,1,0,,0,,0,,0,,0,0,0,0,"[主动] 造成50伤害
[被动] 此物品和右侧所有物品+30/45/60%暴击率
[被动] 当你暴击或使用左侧任意物品时，充能此物品1秒",null,此物品的价值翻倍,减速2件物品1秒,冻结一件物品1秒,加速2件物品1秒,获得护盾，等量于此物品伤害量,获得治疗，等量于此物品伤害,造成剧毒，等量于此物品伤害的10%,造成灼烧，等量于此物品伤害的10%,此物品+1多重释放,此物品的暴击伤害翻倍,此物品免疫冻结、减速和摧毁,此物品的伤害翻倍
a655fb50-b9e1-41ec-b658-07459014f96c,Drowsdrop,昏沉滴露,Item / 物品,Small / 小型,Bronze / 青铜,Bronze/Silver/Gold/Diamond,Karnok,Potion / 药水,Poison / 剧毒 | Slow / 减速 | Ammo / 弹药,5.0,5,0,,0,,0,,1,1,0,,1,1,0,,4,4/8/12/16,0,,0,,0,0,0,0,"[主动] 造成4/8/12/16剧毒
[主动] 减速1/2/3/4件物品1秒
[主动] 弹药: 1
[被动] 减速此物品时，装填此物品",null,此物品的价值翻倍,此物品的减速持续时间翻倍,冻结一件物品0.5秒,加速一件物品3秒,获得护盾，等量于此物品剧毒的5倍,获得治疗，等量于此物品剧毒的5倍,此物品的剧毒翻倍,造成灼烧，等量于此物品的剧毒,此物品+1多重释放,此物品+50%暴击率,此物品免疫冻结、减速和摧毁,造成伤害，等量于此物品剧毒的5倍
a739d8ca-0bb4-4be2-8c52-dc9d6bc23a05,Spotlight,聚光灯,Item / 物品,Medium / 中型,Gold / 黄金,Gold/Diamond,Stelle / 斯黛尔,Tool / 工具,DamageRef / 伤害引用 | ShieldRef / 护盾引用,10.0,10/8,0,,0,,0,,0,,0,,1,1,0,,0,,0,,0,,0,0,0,0,"[主动] 此物品左侧相邻物品的伤害翻倍。
[主动] 此物品左侧相邻物品的护盾翻倍。",null,此物品的价值翻倍,减速2件物品3秒,冻结2件物品1秒,加速2件物品3秒,此物品改为使其护盾变为三倍。,此物品左侧相邻物品的治疗翻倍。,此物品左侧相邻物品的剧毒翻倍。,此物品左侧相邻物品的灼烧翻倍。,此物品+1多重释放,此物品左侧相邻的物品+50%暴击率,此物品免疫冻结、减速和摧毁,此物品改为使其伤害变为三倍。
a7910370-4540-4bb7-95cc-5b4b5eeb43ac,The Big One,大块头,Item / 物品,Medium / 中型,Gold / 黄金,Gold/Diamond,Stelle / 斯黛尔,Weapon / 武器,Damage / 伤害,14.0,14,0,0,0,,0,,0,,0,,0,,0,,0,,0,,0,,0,0,0,0,"[主动] 摧毁此物品
[被动] 此物品被摧毁时，造成伤害，等量于敌人最大生命值的25/35%",null,此物品的价值翻倍,此物品被摧毁时，减速4件物品4秒,此物品被摧毁时，冻结2件物品4秒,此物品被摧毁时，加速4件物品4秒,此物品被摧毁时，获得护盾，等量于此物品伤害,此物品被摧毁时，获得治疗，等量于此物品伤害,此物品被摧毁时，造成剧毒，等量于此物品伤害的10%,此物品被摧毁时，造成灼烧，等量于此物品伤害的10%,此物品造成双倍伤害,此物品被摧毁时，己方物品+50%暴击率,此物品免疫冻结和减速,此物品的伤害翻倍
a7ceeecc-d802-4bbf-9521-afe89db4af45,Crane,起重机,Item / 物品,Large / 大型,Gold / 黄金,Gold/Diamond,Dooley / 杜利,Vehicle / 载具 | Weapon / 武器 | Tool / 工具,Damage / 伤害,11.0,11,300,300,0,,0,,0,,0,,1,1,0,,0,,0,,0,,0,0,0,0,"[主动] 造成300伤害
[被动] 使用相邻大型物品时，此物品+30/60%伤害
[被动] 使用相邻中型物品时，此物品+20/40%伤害",null,此物品的价值翻倍,减速3件物品4秒,冻结3件物品1秒,加速3件物品4秒,获得护盾，等量于此物品伤害量,获得治疗，等量于此物品伤害,造成剧毒，等量于此物品伤害的10%,造成灼烧，等量于此物品伤害的10%,此物品+1多重释放,此物品+50%暴击率,此物品免疫冻结、减速和摧毁,此物品的伤害翻倍
a7e48411-d861-4c84-8bd6-0ffea65f8b80,Mysterious Crystal,神秘水晶,Item / 物品,Small / 小型,Bronze / 青铜,Bronze/Silver/Gold/Diamond,Common / 通用,Loot / 战利品,,0.0,,0,,0,,0,,0,,0,,0,,0,,0,,0,,0,,0,0,0,0,[被动] 出售此物品时，你最左侧的物品获得1/2/3/4个随机类型,null,出售此物品时，获得1金币,出售此物品时，己方最左侧的减速物品获得200减速持续时间,出售此物品时，己方最左侧的冻结物品获得100冻结持续时间,出售此物品时，己方最左侧的加速物品获得200加速持续时间,出售此物品时，最左侧的护盾物品+10,出售此物品时，最左侧的治疗物品+10,出售此物品时，己方最左侧的剧毒物品获得1,出售此物品时，己方最左侧的灼烧物品获得1,,出售此物品时，己方最左侧的物品获得2%暴击率,,出售此物品时，己方最左侧的武器获得10
a7f36ca3-2ed2-453e-9e44-260ade42500e,Fairy Circle,仙女环,Item / 物品,Large / 大型,Gold / 黄金,Gold/Diamond,Karnok,Property / 地产,Heal / 治疗 | FreezeRef / 冻结引用 | SlowRef / 减速引用 | Charge / 充能,0.0,,0,,25,25/50,0,,0,,0,,0,,0,,0,,0,,0,,0,0,0,0,[被动] 当己方有物品被冻结或减速时，充能该物品1秒并获得25/50治疗,null,此物品的价值翻倍,当己方有物品被冻结或减速时，减速一件物品1秒,当己方有物品被冻结或减速时，冻结一件物品0.5秒,己方物品被冻结或减速时，加速一件物品1秒。,己方物品被冻结或减速时，获得护盾，等量于此物品治疗量。,此物品的治疗翻倍,己方物品被冻结或减速时，造成剧毒，等量于此物品治疗量的10%。,当己方有物品被冻结或减速时，造成灼烧，等量于此物品治疗量的10%,此物品治疗量翻倍且充能时间延长1秒。,己方物品+30%暴击率,己方物品受冻结和减速影响的时间减半,己方物品被冻结或减速时，造成伤害，等量于此物品治疗量。
a8664dac-7a88-4af0-990e-afe7217e123f,Ice Pick,小冰镐,Item / 物品,Small / 小型,Silver / 白银,Silver/Gold/Diamond,Vanessa / 瓦内莎,Weapon / 武器 | Tool / 工具,Damage / 伤害 | Freeze / 冻结,4.0,4,25,25,0,,0,,0,,0,,1,1,0,,0,,0,,0,,0,0,0,0,"[主动] 造成25伤害
[主动] 冻结一件物品1秒
[被动] 触发冻结时，此物品获得15/30/45伤害。",null,此物品的价值翻倍,减速一件物品3秒,此物品的冻结持续时间翻倍,加速一件物品3秒,获得护盾，等量于此物品伤害量,获得治疗，等量于此物品伤害,造成剧毒，等量于此物品伤害的10%,造成灼烧，等量于此物品伤害的10%,此物品+1多重释放,此物品+50%暴击率,此物品免疫冻结、减速和摧毁,此物品的伤害翻倍
a87c42a5-b21e-4179-9827-ceea46c25033,Marbles,弹珠,Item / 物品,Small / 小型,Bronze / 青铜,Bronze/Silver/Gold/Diamond,Pygmalien / 皮格马利翁,Toy / 玩具,Slow / 减速,5.0,5,0,,0,,0,,0,,0,,1,1,0,,0,,0,,0,,0,0,0,0,"[主动] 减速一件物品1/2/3/4秒
[被动] 使用相邻物品时，充能此物品1秒",null,此物品的价值翻倍,此物品的减速持续时间翻倍,冻结一件物品0.5秒,加速一件物品1秒,获得10护盾,治疗10生命值,造成1剧毒,造成1灼烧,此物品+1多重释放,相邻物品+30%暴击率,此物品免疫冻结、减速和摧毁,造成10伤害
a8972bcd-6002-416e-8af2-944383898c30,Darkstone Engine,暗黑秘石引擎,Item / 物品,Medium / 中型,Legendary / 传奇,Diamond/Legendary,Common / 通用,Weapon / 武器 | Relic / 遗物,Damage / 伤害 | Quest,7.0,7,100,100,0,,0,,0,,0,,1,1,0,,0,,0,,100,100,0,0,0,0,"[主动] 造成100伤害
[被动] 每场战斗开始时，为一件未附魔的物品赋予黑曜石附魔
[被动] 己方每拥有一件黑曜石附魔物品，此物品+1多重释放",目标: 一件武器被使用50次 | 奖励: 此物品为第二件物品附魔,此物品的价值翻倍,减速2件物品2秒,冻结一件物品1秒,加速2件物品2秒,获得护盾，等量于此物品伤害量,获得治疗，等量于此物品伤害,造成剧毒，等量于此物品伤害的10%,造成灼烧，等量于此物品伤害的10%,此物品+1多重释放,此物品+50%暴击率,此物品免疫冻结、减速和摧毁,此物品的伤害翻倍
a89a0b5d-bbbb-4818-b002-1ad0156156f7,Launch Tower,发射塔,Item / 物品,Large / 大型,Silver / 白银,Silver/Gold/Diamond,Stelle / 斯黛尔,Property / 地产,Flying / 飞行 | DamageRef / 伤害引用 | Charge / 充能,6.0,6,0,,0,,0,,0,,0,,1,1,0,,0,,0,,0,,0,0,0,0,"[主动] 充能己方其他载具和无人机1/2/3秒
[被动] 每场战斗中首次使用物品时，己方所有载具和无人机开始飞行
[被动] 己方飞行物品+50/100/150",null,此物品的价值翻倍,减速3件物品2秒,冻结2件物品1秒,加速3件物品2秒,获得300护盾,治疗300生命值,造成30剧毒,造成30灼烧,此物品+1多重释放,己方载具物品+50%暴击率,此物品免疫冻结、减速和摧毁,造成300伤害
a8b604d0-de28-400f-8a4b-d5b29ccfba27,Sorbet,雪葩,Item / 物品,Small / 小型,Bronze / 青铜,Bronze/Silver/Gold/Diamond,Jules / 朱尔斯,Food / 食物,Freeze / 冻结 | Shield / 护盾 | CritReference | ChilledReference,5.0,5,0,,0,,15,15/30/60/120,0,,0,,1,1,0,,0,,0,,0,,0,0,0,0,"[主动] 获得15/30/60/120护盾
[主动] 冻结一件物品1秒
[被动] 霜冻时：当你暴击时，充能此物品1秒",null,此物品的价值翻倍,减速一件物品1秒,此物品的冻结持续时间翻倍,加速一件物品1秒,此物品的护盾翻倍,获得治疗，等量于此物品护盾值,造成剧毒，等量于此物品护盾值的10%,造成灼烧，等量于此物品护盾值的10%,此物品+1多重释放,此物品+50%暴击率,此物品免疫冻结、减速和摧毁,造成伤害，等量于此物品护盾
a99be8d9-006d-4c3d-8f79-cf3a8ea65bbd,Mech-Moles,机甲鼹鼠,Item / 物品,Medium / 中型,Bronze / 青铜,Bronze/Silver/Gold/Diamond,Dooley / 杜利,Friend / 伙伴 | Weapon / 武器,Damage / 伤害 | Shield / 护盾 | HasteRef / 加速引用,5.0,5,8,8,0,,8,8,0,,0,,1,1,0,,0,,0,,0,,0,0,0,0,"[主动] 造成8伤害
[主动] 获得8护盾
[被动] 加速此物品时，己方物品获得4/8/12/16
[被动] 加速此物品时，己方物品获得4/8/12/16",null,此物品的价值翻倍,减速2件物品1秒,冻结一件物品1秒,加速2件物品1秒,此物品的护盾翻倍,加速此物品时，己方物品获得5,加速此物品时，己方物品获得1,加速此物品时，己方物品获得1,此物品的伤害和护盾加成翻倍,此物品+50%暴击率,此物品免疫冻结、减速和摧毁,此物品的伤害翻倍
a9c521c5-9f13-4bef-9866-671113e973b2,Ancient Specimen,远古标本,Item / 物品,Small / 小型,Gold / 黄金,Gold/Diamond,Common / 通用,Friend / 伙伴 | Relic / 遗物 | Aquatic / 水系,Poison / 剧毒 | Heal / 治疗,5.0,5,0,,80,80/120,0,,0,,0,,1,1,0,,8,8/12,0,,0,,0,0,0,0,"[主动] 治疗80/120生命值
[主动] 造成8/12剧毒
[被动] 相邻每有一件水系、伙伴或遗物物品，此物品冷却时间缩短1秒",null,此物品的价值翻倍,减速一件物品2秒,冻结一件物品0.5秒,加速一件物品2秒,获得护盾，等量于此物品治疗量,此物品的治疗翻倍,此物品的剧毒翻倍,造成灼烧，等量于此物品的剧毒,此物品+1多重释放,此物品+50%暴击率,此物品免疫冻结、减速和摧毁,造成伤害，等量于此物品治疗量
aa258418-04c1-4fc2-b597-6897fb7544f0,Sawpike,锯齿长矛,Item / 物品,Medium / 中型,Silver / 白银,Silver/Gold/Diamond,Karnok,Weapon / 武器 | Tool / 工具,Damage / 伤害 | CritReference | RageReference,5.0,5/4/3,0,0,0,,0,,0,,0,,1,1,0,,0,,0,,0,,0,0,0,0,"[主动] 造成伤害，等量于本场战斗中你获得的怒火总值的两倍
[被动] 此物品造成双倍暴击伤害",null,此物品的价值翻倍,减速2件物品1秒,冻结一件物品1秒,加速2件物品1秒,获得护盾，等量于此物品伤害量,获得治疗，等量于此物品伤害,造成剧毒，等量于此物品伤害的10%,造成灼烧，等量于此物品伤害的10%,此物品+1多重释放,此物品+50%暴击率,此物品免疫冻结、减速和摧毁,此物品的伤害翻倍
aa62a20d-f33e-4389-a359-fd590ea5cef5,Healing Draught,治疗药剂,Item / 物品,Small / 小型,Gold / 黄金,Gold/Diamond,Karnok,Potion / 药水,Heal / 治疗 | Ammo / 弹药 | Health / 生命值 | RageReference,8.0,8,0,,0,0,0,,1,1,0,,1,1,0,,0,,0,,0,,0,0,0,0,"[主动] 获得治疗，等量于最大生命值的25/50%
[主动] 弹药: 1
[被动] 当你进入暴怒状态时，装填此物品",null,此物品的价值翻倍,减速一件物品4秒,冻结一件物品1秒,加速一件物品4秒,获得护盾，等量于此物品治疗量的一半,此物品的治疗翻倍,造成剧毒，等量于此物品治疗量的10%,造成灼烧，等量于此物品治疗量的10%,此物品的治疗翻倍,己方物品+20%暴击率,此物品免疫冻结、减速和摧毁,造成伤害，等量于此物品治疗量的一半
aa97a75d-3bdf-4f1b-bc2b-457375e31e0f,Tusked Helm,獠牙头盔,Item / 物品,Small / 小型,Bronze / 青铜,Bronze/Silver/Gold/Diamond,Pygmalien / 皮格马利翁,Weapon / 武器 | Apparel / 服饰 | Relic / 遗物,Damage / 伤害 | Shield / 护盾,6.0,6,5,5/10/20/40,0,,5,5/10/20/40,0,,0,,2,2,0,,0,,0,,0,,0,0,0,0,"[主动] 造成5/10/20/40伤害
[主动] 获得5/10/20/40护盾",null,此物品的价值翻倍,减速一件物品1秒,冻结一件物品0.5秒,加速一件物品1秒,此物品的护盾翻倍,获得治疗，等量于此物品伤害,造成剧毒，等量于此物品伤害的10%,造成灼烧，等量于此物品伤害的10%,此物品+1多重释放,此物品+50%暴击率,此物品免疫冻结、减速和摧毁,此物品的伤害翻倍
aaa7d8fc-dd1b-42b3-9ea0-3b982f2f3790,Arc Blaster,电弧轰击枪,Item / 物品,Small / 小型,Bronze / 青铜,Bronze/Silver/Gold/Diamond,Dooley / 杜利,Weapon / 武器 | Tech / 科技,TechReference | Damage / 伤害,6.0,6,15,15/30/60/120,0,,0,,0,,0,,1,1,0,,0,,0,,0,,0,0,0,0,"[主动] 造成15/30/60/120伤害
[被动] 使用其他科技物品时，充能此物品1秒",null,此物品的价值翻倍,减速一件物品2秒,冻结一件物品0.5秒,加速一件物品2秒,获得护盾，等量于此物品伤害量,获得治疗，等量于此物品伤害,造成剧毒，等量于此物品伤害的10%,造成灼烧，等量于此物品伤害的10%,此物品+1多重释放,此物品+50%暴击率,此物品免疫冻结、减速和摧毁,此物品的伤害翻倍
aadb8722-9ff1-46cc-95e1-893f7180e191,Firecrackers,爆竹,Item / 物品,Small / 小型,Silver / 白银,Silver/Gold/Diamond,Stelle / 斯黛尔,Weapon / 武器,Damage / 伤害 | Ammo / 弹药,3.0,3,20,20/40/80,0,,0,,2,2,0,,1,1,0,,0,,0,,0,,0,0,0,0,"[主动] 造成20/40/80伤害
[主动] 弹药: 2
[被动] 此物品弹药耗尽时，摧毁此物品
[被动] 此物品被摧毁时，造成伤害，等量于此物品伤害的3倍",null,此物品的价值翻倍,减速一件物品1秒,冻结一件物品0.5秒,加速一件物品1秒,获得护盾，等量于此物品伤害量,获得治疗，等量于此物品伤害,造成剧毒，等量于此物品伤害的10%,造成灼烧，等量于此物品伤害的10%,此物品+1多重释放,此物品+50%暴击率,此物品免疫冻结和减速,此物品的伤害翻倍
aaec0eb7-8bf9-4316-911b-0ba07cf9d5d0,Skewer,烤串,Item / 物品,Small / 小型,Bronze / 青铜,Bronze/Silver/Gold/Diamond,Jules / 朱尔斯,Food / 食物 | Weapon / 武器 | Tool / 工具,Damage / 伤害 | Regen / 再生 | Crit / 暴击 | HeatedReference,5.0,5,10,10/20/40/80,0,,0,,0,,0,,1,1,0,,0,,1,1/2/3/4,0,,0,0,0,0,"[主动] 造成10/20/40/80伤害
[主动] 生命再生量提高1/2/3/4
[被动] 高温时：此物品+100%暴击率",null,此物品的价值翻倍,减速一件物品2秒,冻结一件物品0.5秒,加速一件物品2秒,获得护盾，等量于此物品伤害量,获得治疗，等量于此物品伤害,造成剧毒，等量于此物品生命再生量,造成灼烧，等量于此物品的生命再生量,此物品+1多重释放,此物品+50%暴击率,此物品免疫冻结、减速和摧毁,此物品的伤害翻倍
aaf1216d-69b6-406e-98af-6a9bec12c8b4,Magnifying Glass,放大镜,Item / 物品,Small / 小型,Bronze / 青铜,Bronze/Silver/Gold/Diamond,Common / 通用,Weapon / 武器 | Tool / 工具,Damage / 伤害,6.0,6,20,20/40/80/160,0,,0,,0,,0,,1,1,0,,0,,0,,0,,0,0,0,0,"[主动] 造成20/40/80/160伤害
[被动] 出售此物品时，己方最左侧的武器永久获得5/15/30/50",null,此物品的价值翻倍,减速一件物品3秒,冻结一件物品0.5秒,加速一件物品3秒,获得护盾，等量于此物品伤害量,获得治疗，等量于此物品伤害,造成剧毒，等量于此物品伤害的10%,造成灼烧，等量于此物品伤害的10%,此物品+1多重释放,此物品+50%暴击率,此物品免疫冻结、减速和摧毁,此物品的伤害翻倍
ab8a9c5e-3d2a-45e6-9d65-ddd0fdfdac01,Hammlet,哈姆锤特,Item / 物品,Small / 小型,Bronze / 青铜,Bronze/Silver/Gold/Diamond,Dooley / 杜利,Friend / 伙伴 | Weapon / 武器 | Tool / 工具,Damage / 伤害 | SlowRef / 减速引用,6.0,6,15,15/30/60/120,0,,0,,0,,0,,1,1,0,,0,,0,,0,,0,0,0,0,"[主动] 造成15/30/60/120伤害
[被动] 触发减速时，充能此物品1秒",null,此物品的价值翻倍,减速一件物品1秒,冻结一件物品0.5秒,加速一件物品1秒,获得护盾，等量于此物品伤害量,获得治疗，等量于此物品伤害,造成剧毒，等量于此物品伤害的10%,造成灼烧，等量于此物品伤害的10%,此物品+1多重释放,此物品+50%暴击率,此物品免疫冻结、减速和摧毁,此物品的伤害翻倍
ac05b4d0-9b91-44c9-a4ff-d5606df09775,Wrist Warrior,铁腕战士,Item / 物品,Small / 小型,Bronze / 青铜,Bronze/Silver/Gold/Diamond,Pygmalien / 皮格马利翁,Weapon / 武器 | Tool / 工具 | Apparel / 服饰,Damage / 伤害 | ShieldRef / 护盾引用,5.0,5,4,4/8/12/16,0,,0,,0,,0,,1,1,0,,0,,0,,0,,0,0,0,0,"[主动] 一件相邻的护盾物品获得4/8/12/16
[被动] 当你使用相邻的护盾物品时，造成4/8/12/16伤害",null,此物品的价值翻倍,当你使用相邻的护盾物品时，减速一件物品1秒,使用相邻护盾物品时，冻结一件物品0.5秒,当你使用相邻的护盾物品时，加速一件物品1秒,当你使用相邻的护盾物品时，获得护盾，等量于此物品伤害,当你使用相邻的护盾物品时，获得治疗，等量于此物品伤害,当你使用相邻的护盾物品时，造成剧毒，等量于此物品伤害的10%,当你使用相邻的护盾物品时，造成灼烧，等量于此物品伤害的10%,此物品+1多重释放,己方护盾物品+30%暴击率,此物品免疫冻结、减速和摧毁,此物品的伤害翻倍
ac596c59-295e-491f-8503-172b094e9773,Pierre Conditioner,空调皮埃尔,Item / 物品,Medium / 中型,Gold / 黄金,Gold/Diamond,Dooley / 杜利,Friend / 伙伴,Freeze / 冻结,8.0,8/6,0,,0,,0,,0,,0,,1,1,0,,0,,0,,0,,0,0,0,0,"[主动] 冻结2件物品1秒
[被动] 当你使用伙伴或己方核心时，充能此物品1秒",null,此物品的价值翻倍,当你使用核心时，减速一件物品1秒,此物品的冻结持续时间翻倍,当你使用核心时，加速一件物品1秒,当你使用核心时，获得30护盾,当你使用核心时，获得30治疗,当你使用核心时，造成3剧毒,当你使用核心时，造成3灼烧,此物品+1多重释放,己方核心+40%暴击率,此物品免疫冻结、减速和摧毁,当你使用核心时，造成30伤害
ac92c118-c073-465c-8d89-abafa0dcb144,Genie Lamp,,Item / 物品,Small / 小型,Diamond / 钻石,Diamond,Common / 通用,Relic / 遗物,,0.0,,0,,0,,0,,0,,0,,0,,0,,0,,0,,0,,0,0,0,0,"[被动] When you sell this, gain access to the genie Rit",null,,,,,,,,,,,,
acaebb2b-fe63-4de0-9d9e-949673c08a47,Igloo,冰屋,Item / 物品,Large / 大型,Silver / 白银,Silver/Gold/Diamond,Pygmalien / 皮格马利翁,Property / 地产,Freeze / 冻结 | Shield / 护盾,8.0,8/7/6,0,,0,,50,50/75/100,0,,0,,1,1,0,,0,,0,,0,,0,0,0,0,"[主动] 冻结2件物品1秒
[被动] 触发冻结时，获得50/75/100护盾
[被动] 每场战斗中首次生命值降至一半以下时，使用此物品",null,此物品的价值翻倍,触发冻结时，减速一件物品1秒,此物品的冻结持续时间翻倍,触发冻结时，加速一件物品1秒,此物品的护盾翻倍,触发冻结时，获得治疗，等量于此物品护盾,触发冻结时，造成剧毒，等量于此物品护盾值的10%,触发冻结时，造成灼烧，等量于此物品护盾值的10%,此物品+1多重释放,己方物品+30%暴击率,此物品免疫冻结、减速和摧毁,触发冻结时，造成伤害，等量于此物品护盾
acbddaec-41a7-452e-b4aa-357e75553d55,Yellow Gumball,黄色口香糖球,Item / 物品,Small / 小型,Bronze / 青铜,Bronze/Silver/Gold/Diamond,Common / 通用,Food / 食物,ShieldRef / 护盾引用,0.0,,0,,0,,0,,0,,0,,0,,0,,0,,0,,0,,0,0,0,0,[被动] 出售此物品时，己方物品永久获得1/2/3/4,null,,出售此物品时，己方最左侧的减速物品获得200减速持续时间,出售此物品时，己方最左侧的冻结物品获得100冻结持续时间,出售此物品时，己方最左侧的加速物品获得200加速持续时间,此物品的护盾加成翻倍,出售此物品时，最左侧的治疗物品+10,出售此物品时，己方最左侧的剧毒物品获得1,出售此物品时，己方最左侧的灼烧物品获得1,此物品的护盾加成翻倍,出售此物品时，己方最左侧的物品获得2%暴击率,,出售此物品时，己方最左侧的武器获得10
ace5e734-b0a2-4861-a2a4-f4cc9dafb79f,Smoke Detector,烟雾探测器,Item / 物品,Small / 小型,Silver / 白银,Silver/Gold/Diamond,Stelle / 斯黛尔,,Haste / 加速 | BurnRef / 灼烧引用,0.0,,0,,0,,0,,0,,0,,0,,0,,0,,0,,0,,0,0,0,0,[被动] 触发灼烧时，加速一件物品1/2/3秒,null,此物品的价值翻倍,触发灼烧时，减速一件物品1秒,触发灼烧时，冻结一件物品0.5秒,此物品的加速持续时间翻倍,触发灼烧时，获得10护盾,触发灼烧时，获得10治疗,触发灼烧时，造成1剧毒,当你用其他物品或技能造成灼烧时，造成1灼烧,此物品的加速持续时间翻倍,己方灼烧物品+30%暴击率,相邻灼烧物品受冻结和减速影响的时长减半,触发灼烧时，造成10伤害
acfdf9cc-6a8c-43ef-8b30-14f4843b2f28,Security Camera,监控摄像头,Item / 物品,Medium / 中型,Silver / 白银,Silver/Gold/Diamond,Dooley / 杜利,Tech / 科技,Crit / 暴击 | Shield / 护盾 | ShieldRef / 护盾引用,6.0,6,0,,0,,50,50,0,,0,,1,1,0,,0,,0,,0,,0,0,0,0,"[主动] 获得50护盾
[被动] 己方护盾物品+20/30/40%暴击率
[被动] 当你使用护盾物品暴击时，己方物品获得10/20/30",null,此物品的价值翻倍,减速2件物品2秒,冻结1件物品1秒,加速2件物品2秒,此物品的护盾翻倍,获得治疗，等量于此物品护盾值,造成剧毒，等量于此物品护盾值的10%,造成灼烧，等量于此物品护盾值的10%,此物品的护盾加成和暴击率加成翻倍,此物品+50%暴击率,此物品免疫冻结、减速和摧毁,造成伤害，等量于此物品护盾
ad02d867-252b-45b5-9625-4480807caeff,Cauldron,坩埚,Item / 物品,Medium / 中型,Silver / 白银,Silver/Gold/Diamond,Mak / 马克,Tool / 工具,Burn / 灼烧 | Poison / 剧毒,4.0,4,0,,0,,0,,0,,0,,1,1,0,0,0,0,0,,0,,0,0,0,0,"[主动] 此物品每拥有一个类型，就造成2/4/6灼烧
[主动] 此物品每拥有一种类型，就造成2/4/6剧毒
[被动] 此物品拥有己方物品的类型",null,此物品的价值翻倍,减速2件物品1秒,冻结一件物品1秒,加速2件物品1秒,获得护盾，等量于此物品灼烧的5倍,获得治疗，等量于此物品灼烧的5倍,此物品的剧毒翻倍,此物品的灼烧翻倍,此物品+1多重释放,此物品+50%暴击率,此物品免疫冻结、减速和摧毁,造成伤害，等量于此物品灼烧的5倍
ad6b3e38-a81b-48a4-b445-679baa0f6b49,Shotgun,霰弹枪,Item / 物品,Medium / 中型,Silver / 白银,Silver/Gold/Diamond,Karnok,Weapon / 武器,Damage / 伤害 | Ammo / 弹药,3.0,3,30,30/60/120,0,,0,,4,4,0,,1,1,0,,0,,0,,0,,0,0,0,0,"[主动] 造成30/60/120伤害
[主动] 弹药: 4
[被动] 当你装填此物品时，此物品+1多重释放",null,此物品的价值翻倍,减速一件物品1秒,冻结一件物品0.5秒,加速一件物品1秒,获得护盾，等量于此物品伤害量,获得治疗，等量于此物品伤害,造成剧毒，等量于此物品伤害的10%,造成灼烧，等量于此物品伤害的10%,此物品+1多重释放,此物品+50%暴击率,此物品免疫冻结、减速和摧毁,此物品的伤害翻倍
ad779fb4-0001-4406-8aac-a5f5ce6580eb,Boiling Flask,沸腾烧瓶,Item / 物品,Medium / 中型,Gold / 黄金,Gold/Diamond,Mak / 马克,Tool / 工具,PotionRef / 药水引用 | AmmoRef / 弹药引用,10.0,10/8,0,,0,,0,,0,,0,,1,1,0,,0,,0,,0,,0,0,0,0,"[主动] 装填相邻药水
[被动] 相邻药水+1多重释放",null,此物品的价值翻倍,减速2件物品4秒,冻结2件物品1秒,加速2件物品4秒,获得500护盾,治疗500生命值,造成50剧毒,造成50灼烧,相邻药水+1多重释放,相邻药水+25%暴击率,相邻药水受到的冻结和减速效果持续时间减半,造成500伤害
ad80a892-eddc-4856-9a62-9e8f305dd922,Hydraulic Press,液压机,Item / 物品,Large / 大型,Silver / 白银,Silver/Gold/Diamond,Dooley / 杜利,Weapon / 武器 | Tool / 工具,Damage / 伤害,16.0,16,0,0,0,,0,,0,,0,,1,1,0,,0,,0,,0,,0,0,0,0,"[主动] 此物品每拥有一种类型，造成100/175/250伤害
[被动] 每场战斗结束时，永久摧毁左侧相邻的物品，获得2/4/6金币，此物品永久获得该物品的类型",null,此物品的金币获取翻倍,减速3件物品4秒,冻结3件物品1秒,加速3件物品4秒,获得护盾，等量于此物品伤害量,获得治疗，等量于此物品伤害,造成剧毒，等量于此物品伤害的10%,造成灼烧，等量于此物品伤害的10%,此物品+1多重释放,此物品+50%暴击率,此物品免疫冻结、减速和摧毁,此物品的伤害翻倍
ae039b3e-ef98-4dc7-a97c-1e06d2627e57,Nitro,氮气罐,Item / 物品,Small / 小型,Gold / 黄金,Gold/Diamond,Dooley / 杜利,Tech / 科技,Burn / 灼烧 | Charge / 充能,3.0,3,0,,0,,0,,0,,0,,1,1,4,4/8,0,,0,,0,,0,0,0,0,"[主动] 对双方玩家都造成4/8灼烧
[主动] 为一件物品充能1/2秒",null,此物品的价值翻倍,减速一件物品2秒,冻结一件物品0.5秒,加速一件物品2秒,获得护盾，等量于此物品灼烧的5倍,获得治疗，等量于此物品灼烧的5倍,造成剧毒，等量于此物品灼烧,此物品的灼烧翻倍,此物品+1多重释放,此物品+50%暴击率,此物品免疫冻结、减速和摧毁,造成伤害，等量于此物品灼烧的5倍
ae126c7d-8f0f-4a23-b11f-da56e5353220,Premium Red Piggles,高级红色小圆猪,Item / 物品,Small / 小型,Bronze / 青铜,Bronze/Silver/Gold/Diamond,Pygmalien / 皮格马利翁,Toy / 玩具 | Weapon / 武器,Damage / 伤害 | Value / 价值,5.0,5,0,0,0,,0,,0,,0,,1,1,0,,0,,0,,0,,0,0,0,0,[主动] 造成伤害，等量于此物品价值的三倍,null,此物品的价值翻倍,减速一件物品2秒,冻结一件物品0.5秒,加速一件物品2秒,获得护盾，等量于此物品伤害量,获得治疗，等量于此物品伤害,造成剧毒，等量于此物品伤害的10%,造成灼烧，等量于此物品伤害的10%,此物品+1多重释放,此物品+50%暴击率,此物品免疫冻结、减速和摧毁,此物品的伤害翻倍
ae142862-37fd-42b6-b131-48977d29595e,Lockbox,锁匣,Item / 物品,Medium / 中型,Silver / 白银,Silver/Gold/Diamond,Vanessa / 瓦内莎,Relic / 遗物,EconomyRef / 经济引用 | Value / 价值 | DamageRef / 伤害引用,0.0,,0,,0,,0,,0,,0,,0,,0,,0,,0,,0,,0,0,0,0,"[被动] 赢得战斗时，此物品永久获得3/6/9价值
[被动] 己方物品+伤害，增幅等于此物品的价值 [0]",null,此物品的价值获取翻倍,每场战斗中首次生命值降至一半以下时，减速4件物品4秒,每场战斗中首次生命值降至一半以下时，冻结2件物品4秒,每场战斗中首次生命值降至一半以下时，加速4件物品4秒,己方物品+护盾，等量于此物品的价值,己方物品+治疗，等量于此物品的价值,己方物品+剧毒，等量于此物品价值的10%,己方物品+灼烧，等量于此物品价值的10%,此物品的价值获取翻倍,己方物品+暴击率%，等量于此物品的价值,相邻物品受冻结和减速影响的时间减半,此物品的伤害加成翻倍
ae22e12a-b6a8-4199-bf1c-82bcbad8f395,Peacewrought,和平铸箱,Item / 物品,Medium / 中型,Bronze / 青铜,Bronze/Silver/Gold/Diamond,Mak / 马克,Relic / 遗物,Regen / 再生 | Gold / 金币 | Value / 价值,7.0,7/6/5/4,0,,0,,0,,0,,0,,1,1,0,,0,,4,4,0,,0,0,0,0,"[主动] 生命再生量提高4
[被动] 当你光顾商人时，摧毁左侧相邻的物品，使此物品生命再生量提高其价值
[被动] 当你摧毁物品时，获得2/4/6/8金币",null,,减速2件物品1秒,冻结一件物品1秒,加速2件物品1秒,获得护盾，等量于此物品生命再生量的5倍,获得治疗，等量于此物品生命再生量的5倍,造成剧毒，等量于此物品生命再生量,造成灼烧，等量于此物品的生命再生量,此物品+1多重释放,此物品+50%暴击率,此物品免疫冻结、减速和摧毁,造成伤害，等量于此物品生命再生的5倍
ae6ddbd0-d007-482a-8d2a-d3f6a5a1b29e,Rivet Gun,铆钉枪,Item / 物品,Small / 小型,Silver / 白银,Silver/Gold/Diamond,Stelle / 斯黛尔,Tool / 工具 | Weapon / 武器,Damage / 伤害 | Charge / 充能,5.0,5/4/3,10,10,0,,0,,0,,0,,1,1,0,,0,,0,,0,,0,0,0,0,"[主动] 造成10伤害
[主动] 充能左侧相邻的物品1秒",null,此物品的价值翻倍,当你使用左侧物品时，减速一件物品1秒,当你使用左侧物品时，冻结一件物品0.5秒,使用左侧相邻的物品时，加速一件物品1秒,使用左侧相邻的物品时，获得10护盾,使用左侧相邻的物品时，获得10治疗,使用左侧相邻的物品时，造成1剧毒,使用左侧相邻的物品时，造成1灼烧,此物品+1多重释放,相邻物品+25%暴击率,此物品免疫冻结、减速和摧毁,使用左侧相邻的物品时，造成{ability.e1}伤害
aea91efd-999f-4408-a4a3-2cb223dcf5bc,Tea Siphon,虹吸茶壶,Item / 物品,Medium / 中型,Silver / 白银,Silver/Gold/Diamond,Jules / 朱尔斯,Tool / 工具 | Food / 食物,Burn / 灼烧 | HeatedReference,5.0,5,0,,0,,0,,0,,0,,1,1,8,8/12/16,0,,0,,0,,0,0,0,0,"[主动] 造成8/12/16灼烧
[被动] 高温时：此物品的冷却时间缩短50%",null,此物品的价值翻倍,减速一件物品1秒,冻结一件物品0.5秒,加速一件物品1秒,获得护盾，等量于此物品灼烧的5倍,获得治疗，等量于此物品灼烧的5倍,造成剧毒，等量于此物品灼烧,此物品的灼烧翻倍,此物品+1多重释放,此物品+50%暴击率,此物品免疫冻结、减速和摧毁,造成伤害，等量于此物品灼烧的5倍
aec44137-e81e-4b63-83a6-21a0b4fc5147,Burrito,卷饼,Item / 物品,Medium / 中型,Silver / 白银,Silver/Gold/Diamond,Jules / 朱尔斯,Food / 食物,Regen / 再生 | Burn / 灼烧 | Shield / 护盾 | HeatedReference | Crit / 暴击,3.0,3,0,,0,,20,20/40/60,0,,0,,1,1,3,3/6/9,0,,3,3/6/9,0,,0,0,0,0,"[主动] 获得20/40/60护盾
[主动] 造成3/6/9灼烧
[主动] 生命再生量提高3/6/9
[被动] 高温时：此物品+20/35/50暴击率",null,此物品的价值翻倍,减速一件物品1秒,冻结一件物品0.5秒,加速一件物品1秒,此物品的护盾翻倍,获得治疗，等量于此物品护盾值,造成剧毒，等量于此物品灼烧,此物品的灼烧翻倍,此物品+1多重释放,此物品+50%暴击率,此物品免疫冻结、减速和摧毁,造成伤害，等量于此物品护盾
af085ed1-25e7-49a6-b72f-9bf8e4779132,GPU,GPU,Item / 物品,Small / 小型,Bronze / 青铜,Bronze/Silver/Gold/Diamond,Dooley / 杜利,Tech / 科技,Haste / 加速,4.0,4,0,,0,,0,,0,,0,,1,1,0,,0,,0,,0,,0,0,0,0,[主动] 加速核心1/2/3/4秒,null,此物品的价值翻倍,减速一件物品2秒,冻结一件物品0.5秒,此物品的加速持续时间翻倍,获得40护盾,治疗40生命值,造成4剧毒,造成4灼烧,此物品+1多重释放,己方核心+50%暴击率,此物品免疫冻结、减速和摧毁,造成40伤害
af24dea0-6cc9-49dc-acec-d90313b46b72,Clockwork Blades,发条刀,Item / 物品,Medium / 中型,Bronze / 青铜,Bronze/Silver/Gold/Diamond,Common / 通用,Weapon / 武器,Damage / 伤害 | Cooldown / 冷却,4.0,4,20,20/40/80/160,0,,0,,0,,0,,1,1,0,,0,,0,,0,,0,0,0,0,"[主动] 造成20/40/80/160伤害
[被动] 出售此物品时，己方物品冷却时间缩短1/2/3/4%",null,此物品的价值翻倍,减速2件物品1秒,冻结一件物品1秒,加速2件物品1秒,获得护盾，等量于此物品伤害量,获得治疗，等量于此物品伤害,造成剧毒，等量于此物品伤害的10%,造成灼烧，等量于此物品伤害的10%,此物品+1多重释放,此物品+50%暴击率,此物品免疫冻结、减速和摧毁,此物品的伤害翻倍
af43730d-efaa-4a1d-adeb-bf31d536acf0,Boomerang,回旋镖,Item / 物品,Medium / 中型,Bronze / 青铜,Bronze/Silver/Gold/Diamond,Pygmalien / 皮格马利翁,Weapon / 武器 | Toy / 玩具,Damage / 伤害 | EconomyRef / 经济引用 | Flying / 飞行,4.0,4,20,20/40/80/160,0,,0,,0,,0,,0,,0,,0,,0,,0,,0,0,0,0,"[主动] 此物品开始飞行
[主动] 造成20/40/80/160伤害
[被动] 每携带此物品击败一个怪物，获得一件战利品",null,……并为该物品赋予黄金附魔（如适用）,……并为该物品赋予沉重附魔（如适用）,……并为该物品赋予寒冰附魔（如适用）,……并为该物品赋予疾速附魔（如适用）,……并为该物品赋予护盾附魔（如适用）,……并为该物品赋予回复附魔（如适用）,……并为该物品赋予剧毒附魔（如适用）,……并为该物品赋予炽焰附魔（如适用）,,……并为该物品赋予致命附魔（如适用）,,……并为该物品赋予黑曜石附魔（如适用）
aff2d8f4-528a-4229-8175-8901fcadcb70,Silk Scarf,丝绸围巾,Item / 物品,Medium / 中型,Bronze / 青铜,Bronze/Silver/Gold/Diamond,Pygmalien / 皮格马利翁,Apparel / 服饰,Shield / 护盾 | Quest,8.0,8/7/6/5,0,,0,,75,75,0,,0,,1,1,0,,0,,0,,0,,0,0,0,0,[主动] 获得75护盾,"目标: 出售20件铜小型物品 | 奖励: 此物品+275护盾
目标: 出售15件白银级小型物品 | 奖励: 此物品+1多重释放
目标: 出售10件黄金级小型物品 | 奖励: 此物品的冷却时间缩短2000秒",己方非武器物品+1价值,减速一件物品1秒,冻结一件物品0.5秒,加速一件物品1秒,此物品的护盾翻倍,获得治疗，等量于此物品护盾值,造成剧毒，等量于此物品护盾值的10%,造成灼烧，等量于此物品护盾值的10%,此物品+1多重释放,此物品+50%暴击率,此物品免疫冻结、减速和摧毁,造成伤害，等量于此物品护盾
b02a2b57-da9c-4ad6-88ac-219b3bfec103,Handaxe,手斧,Item / 物品,Small / 小型,Bronze / 青铜,Bronze/Silver/Gold/Diamond,Vanessa / 瓦内莎,Weapon / 武器,Damage / 伤害,6.0,6,20,20/40/80/160,0,,0,,0,,0,,1,1,0,,0,,0,,0,,0,0,0,0,"[主动] 造成20/40/80/160伤害
[被动] 己方物品+5/10/15/20",null,此物品的价值翻倍,减速一件物品4秒,冻结一件物品1秒,加速一件物品4秒,获得护盾，等量于此物品伤害量,获得治疗，等量于此物品伤害,造成剧毒，等量于此物品伤害的10%,造成灼烧，等量于此物品伤害的10%,此物品+1多重释放,此物品+50%暴击率,此物品免疫冻结、减速和摧毁,此物品的伤害翻倍
b0f10d7f-d1df-4fb5-a88f-01b8cffd7fe4,Tripwire,绊索,Item / 物品,Medium / 中型,Gold / 黄金,Gold/Diamond,Vanessa / 瓦内莎,Trap,Slow / 减速,0.0,,0,,0,,0,,0,,0,,0,,0,,0,,0,,0,,0,0,0,0,[被动] 敌人使用物品时，减速该物品1/2秒,null,此物品的价值翻倍,此物品的减速持续时间翻倍,敌人使用物品时，冻结该物品0.5秒,敌人使用物品时，加速一件物品1秒,敌人使用物品时，获得10护盾,敌人使用物品时，获得10治疗,敌人使用物品时，造成1剧毒,敌人使用物品时，造成1灼烧,此物品的减速持续时间翻倍,敌人使用物品时，己方物品+5%暴击率,相邻物品受冻结和减速影响的时间减半,敌人使用物品时，造成10伤害
b0f345cb-a769-487d-9fd4-fa5fe130f8b9,Giant Lollipop,巨型棒棒糖,Item / 物品,Large / 大型,Silver / 白银,Silver/Gold/Diamond,Jules / 朱尔斯,Food / 食物 | Weapon / 武器,Damage / 伤害 | Slow / 减速 | HealthRef / 生命值引用 | Quest | HeatedReference,6.0,6,50,50/100/200,0,,0,,0,,0,,1,1,0,,0,,0,,0,,0,0,0,0,"[主动] 造成50/100/200伤害
[主动] 高温时：减速1/2/3件物品1秒","目标: 使用100件食物 | 奖励: 此物品 + 伤害，增幅等于最大生命值的5%
目标: 触发减速80次 | 奖励: 此物品+1多重释放",此物品的价值翻倍,此物品的减速持续时间翻倍,冻结一件物品1秒,加速2件物品1秒,获得护盾，等量于此物品伤害量,获得治疗，等量于此物品伤害,造成剧毒，等量于此物品伤害的10%,造成灼烧，等量于此物品伤害的10%,此物品+1多重释放,此物品+50%暴击率,此物品免疫冻结、减速和摧毁,此物品的伤害翻倍
b11c97e2-57ae-4100-a1a9-fc9744e03261,Salvage Yard,拆卸场,Item / 物品,Large / 大型,Silver / 白银,Silver/Gold/Diamond,Stelle / 斯黛尔,Property / 地产,Shield / 护盾,10.0,10/9/8,0,,0,,120,120,0,,0,,0,,0,,0,,0,,0,,0,0,0,0,"[主动] 修复己方所有物品
[被动] 当你摧毁物品时，获得120护盾
[被动] 每场战斗结束时，获得一件废料",null,此物品的价值翻倍,当你修复时，减速一件物品2秒,当你修复时，冻结一件物品1秒,当你修复时，加速一件物品2秒,此物品的护盾翻倍,当你修复时，获得治疗，等量于此物品护盾,当你修复时，造成剧毒，等量于此物品护盾值的10%,当你修复时，造成灼烧，等量于此物品护盾值的10%,另一件物品+0多重释放,己方物品+30%暴击率,此物品免疫冻结、减速和摧毁,当你修复时，造成伤害，等量于此物品护盾
b18e28e6-69a3-455a-8a5a-1a3170c76bb7,Elemental Depth Charge,元素深水炸弹,Item / 物品,Medium / 中型,Silver / 白银,Silver/Gold/Diamond,Vanessa / 瓦内莎,Aquatic / 水系 | Tech / 科技 | Trap,Burn / 灼烧 | Poison / 剧毒 | Freeze / 冻结 | Ammo / 弹药,11.0,11/10/9,0,,0,,0,,1,1,0,,0,,4,4,4,4,0,,0,,0,0,0,0,"[主动] 造成4剧毒、4灼烧，并冻结一件物品1秒
[主动] 弹药: 1
[被动] 己方每拥有一件其他水系物品，此物品就+1多重释放",null,此物品的价值翻倍,减速一件物品1秒,此物品的冻结持续时间翻倍,加速一件物品1秒,获得护盾，等量于此物品灼烧的5倍,获得治疗，等量于此物品灼烧的5倍,此物品的剧毒翻倍,此物品的灼烧翻倍,此物品的剧毒和灼烧翻倍，且冻结时长延长一倍,此物品+50%暴击率,此物品免疫冻结、减速和摧毁,造成伤害，等量于此物品灼烧的5倍
b194604e-80ba-448c-80e8-daff541fe207,Cookie Cutters,饼干造型模具,Item / 物品,Small / 小型,Bronze / 青铜,Bronze/Silver/Gold/Diamond,Jules / 朱尔斯,Tool / 工具 | Weapon / 武器,Damage / 伤害,5.0,5,10,10/20/40/80,0,,0,,0,,0,,1,1,0,,0,,0,,0,,0,0,0,0,"[主动] 造成10/20/40/80伤害
[被动] 每天开始时，获得一块曲奇饼",null,此物品的价值翻倍,减速一件物品2秒,冻结一件物品0.5秒,加速一件物品2秒,获得护盾，等量于此物品伤害量,获得治疗，等量于此物品伤害,造成剧毒，等量于此物品伤害的10%,造成灼烧，等量于此物品伤害的10%,每天开始时，获得一块曲奇饼,此物品+50%暴击率,此物品免疫冻结、减速和摧毁,此物品的伤害翻倍
b20bdd25-921e-490d-a28e-599ac70d15f7,Textiles,纺织品,Item / 物品,Medium / 中型,Gold / 黄金,Gold/Diamond,Pygmalien / 皮格马利翁,,Heal / 治疗 | HealRef / 治疗引用 | Charge / 充能,5.0,5/4,0,,10,10,0,,0,,0,,1,1,0,,0,,0,,0,,0,0,0,0,"[主动] 治疗10生命值
[被动] 当你治疗时，充能一件相邻非治疗物品1秒",null,此物品的价值翻倍,减速1件物品1秒,冻结一件物品0.5秒,加速1件物品1秒,获得护盾，等量于此物品治疗量,此物品的治疗翻倍,造成剧毒，等量于此物品治疗量的10%,造成灼烧，等量于此物品治疗量的10%,此物品+1多重释放,此物品+50%暴击率,此物品免疫冻结、减速和摧毁,造成伤害，等量于此物品治疗量
b23c5988-7091-4b77-a7fb-134c0d0a3285,Honing Steel,淬锋钢,Item / 物品,Small / 小型,Bronze / 青铜,Bronze/Silver/Gold/Diamond,Vanessa / 瓦内莎,Tool / 工具,DamageRef / 伤害引用,3.0,3,0,,0,,0,,0,,0,,1,1,0,,0,,0,,0,,0,0,0,0,[主动] 己方最左侧和最右侧的武器获得5/10/15/20,null,此物品的价值翻倍,减速一件物品1秒,冻结一件物品0.5秒,加速一件物品1秒,己方最左侧和最右侧的护盾物品获得0,己方最左侧和最右侧的治疗物品获得0,己方最左侧和最右侧的剧毒物品获得0,己方最左侧和最右侧的灼烧物品获得0,此物品+1多重释放,己方最左侧和最右侧的暴击物品+0%暴击率,此物品免疫冻结、减速和摧毁,此物品的伤害加成翻倍
b263ef6f-02a9-449b-b9c5-74ec0e6cbfc9,Monitor Lizard,显示屏蜥蜴,Item / 物品,Medium / 中型,Silver / 白银,Silver/Gold/Diamond,Dooley / 杜利,Friend / 伙伴,Poison / 剧毒 | Haste / 加速,4.0,4/3/2,0,,0,,0,,0,,0,,1,1,0,,5,5/10/15,0,,0,,0,0,0,0,"[主动] 加速此物品1秒
[被动] 加速此物品时，造成5/10/15剧毒",null,此物品的价值翻倍,加速此物品时，减速一件物品1秒,加速此物品时，冻结一件物品0.5秒,此物品的加速持续时间翻倍,加速此物品时，获得护盾，等量于此物品剧毒的5倍,加速此物品时，获得治疗，等量于此物品剧毒的5倍,此物品的剧毒翻倍,加速此物品时，造成灼烧，等量于此物品的剧毒,此物品+1多重释放,己方物品+25%暴击率,此物品免疫冻结、减速和摧毁,加速此物品时，造成伤害，等量于此物品剧毒的5倍
b2681448-9dec-47c7-bb4f-58c51830735d,Atlatl,投矛器,Item / 物品,Medium / 中型,Silver / 白银,Silver/Gold/Diamond,Pygmalien / 皮格马利翁,Weapon / 武器 | Relic / 遗物,Damage / 伤害,12.0,12,20,20/30/40,0,,0,,0,,0,,1,1,0,,0,,0,,0,,0,0,0,0,"[主动] 造成20/30/40伤害
[被动] 此物品每拥有2点伤害，其冷却时间缩短1%",null,此物品的价值翻倍,减速一件物品1秒,冻结一件物品0.5秒,加速一件物品1秒,获得护盾，等量于此物品伤害量,获得治疗，等量于此物品伤害,造成剧毒，等量于此物品伤害的10%,造成灼烧，等量于此物品伤害的10%,此物品+1多重释放,此物品+50%暴击率,此物品免疫冻结、减速和摧毁,此物品的伤害翻倍
b2709d56-2c69-444f-8fd5-5cd237e6c053,Custom Scope,定制准镜,Item / 物品,Small / 小型,Silver / 白银,Silver/Gold/Diamond,Vanessa / 瓦内莎,Tech / 科技,Crit / 暴击 | Charge / 充能,0.0,,0,,0,,0,,0,,0,,0,,0,,0,,0,,0,,0,0,0,0,"[被动] 右侧相邻的武器+20/30/40%暴击率
[被动] 如果己方场上恰好有一件武器，当其暴击时，充能一件非武器物品1秒",null,此物品的价值翻倍,当你使用右侧相邻的武器时，减速一件物品1秒,当你使用右侧相邻的武器时，冻结一件物品0.5秒,当你使用右侧相邻的武器时，加速此武器1秒,当你使用右侧相邻的武器时，获得10护盾,当你使用右侧相邻的武器时，获得10治疗,当你使用右侧相邻的武器时，造成1剧毒,当你使用右侧相邻的武器时，造成1灼烧,此物品的充能量翻倍,此物品的暴击率加成翻倍,右侧相邻的武器受冻结和减速影响的时间减半,右侧相邻的武器+伤害，增幅等于其暴击率
b2b2665e-6614-412b-8e49-dfa62fa5fe49,Lost Blade,失落之刃,Item / 物品,Medium / 中型,Gold / 黄金,Gold/Diamond,Karnok,Weapon / 武器 | Relic / 遗物,Damage / 伤害 | HealthRef / 生命值引用,12.0,12/10,0,0,0,,0,,0,,0,,1,1,0,,0,,0,,0,,0,0,0,0,"[主动] 造成伤害，等量于最大生命值的20%
[被动] 如果此物品是己方场上唯一有冷却时间的物品，其冷却时间缩短5秒",null,此物品的价值翻倍,减速2件物品2秒,冻结一件物品1秒,加速2件物品2秒,获得护盾，等量于此物品伤害量,获得治疗，等量于此物品伤害,造成剧毒，等量于此物品伤害的10%,造成灼烧，等量于此物品伤害的10%,此物品+1多重释放,此物品+50%暴击率,此物品免疫冻结、减速和摧毁,此物品的伤害翻倍
b2ddd57a-8a79-45ed-a7f9-b2b78ea95d21,Boar Roast,烤野猪,Item / 物品,Small / 小型,Bronze / 青铜,Bronze/Silver/Gold/Diamond,Jules / 朱尔斯,Food / 食物,Slow / 减速 | BurnRef / 灼烧引用 | HeatedReference | Health / 生命值,4.0,4,0,,0,,0,,0,,0,,1,1,0,,0,,0,,0,,0,0,0,0,"[主动] 减速此物品和一件敌方物品2秒
[被动] 高温时：触发减速或灼烧时，获得+5/10/20/40最大生命值",null,此物品的价值翻倍,此物品的减速持续时间减半,冻结一件物品0.5秒,加速一件物品2秒,获得40护盾,治疗40生命值,造成4剧毒,造成4灼烧,此物品+1多重释放,相邻物品+30%暴击率,此物品免疫冻结、减速和摧毁,造成40伤害
b325d26f-0625-406c-89d4-30e011b30b9e,Catfish,毒须鲶,Item / 物品,Small / 小型,Bronze / 青铜,Bronze/Silver/Gold/Diamond,Vanessa / 瓦内莎,Aquatic / 水系 | Friend / 伙伴,Poison / 剧毒 | HasteRef / 加速引用,5.0,5,0,,0,,0,,0,,0,,1,1,0,,3,3,0,,0,,0,0,0,0,"[主动] 造成3剧毒
[被动] 加速此物品时，它获得2/4/6/8",null,此物品的价值翻倍,减速一件物品2秒,冻结一件物品0.5秒,加速一件物品2秒,获得护盾，等量于此物品剧毒的5倍,获得治疗，等量于此物品剧毒的5倍,此物品的剧毒翻倍,造成灼烧，等量于此物品的剧毒,此物品+1多重释放,此物品+50%暴击率,此物品免疫冻结、减速和摧毁,造成伤害，等量于此物品剧毒的5倍
b3ab39e0-c40c-44e7-bda7-09cf9ad63ec9,Sat-Comm,通讯卫星,Item / 物品,Medium / 中型,Bronze / 青铜,Bronze/Silver/Gold/Diamond,Dooley / 杜利,Tech / 科技,Haste / 加速,5.0,5,0,,0,,0,,0,,0,,1,1,0,,0,,0,,0,,0,0,0,0,"[主动] 加速右侧相邻的伙伴1/2/3/4秒
[被动] 每天开始时，获得一件来自任意英雄的小型伙伴",null,……并为该物品赋予黄金附魔（如适用）,……并为该物品赋予沉重附魔（如适用）,……并为该物品赋予寒冰附魔（如适用）,……并为该物品赋予疾速附魔（如适用）,……并为该物品赋予护盾附魔（如适用）,……并为该物品赋予回复附魔（如适用）,……并为该物品赋予剧毒附魔（如适用）,……并为该物品赋予炽焰附魔（如适用）,……并为该物品赋予闪亮附魔（如适用）,……并为该物品赋予致命附魔（如适用）,……并为该物品赋予辉耀附魔（如适用）,……并为该物品赋予黑曜石附魔（如适用）
b3b0f6a4-bad5-49dc-a6f7-128be2565869,Assault Sigil,突击符印,Item / 物品,Medium / 中型,Silver / 白银,Silver/Gold/Diamond,Karnok,Weapon / 武器,Rage | RageReference | HealthRef / 生命值引用 | Damage / 伤害,0.0,,0,0,0,,0,,0,,0,,0,,0,,0,,0,,0,,0,0,0,0,"[被动] 当你使用武器时，获得0怒火
[被动] 当你进入暴怒状态时，造成伤害，等量于你最大生命值的10/15/20%。",null,此物品的价值翻倍,当你进入暴怒状态时，减速2件物品4秒,当你进入暴怒状态时，冻结2件物品2秒,当你进入暴怒状态时，加速2件物品4秒,当你进入暴怒状态时，获得护盾，等量于此物品伤害,当你进入暴怒状态时，获得治疗，等量于此物品伤害,当你进入暴怒状态时，造成剧毒，等量于此物品伤害的10%,当你进入暴怒状态时，造成灼烧，等量于此物品伤害的10%,此物品的怒火获取值翻倍,己方物品+25%暴击率,相邻物品受冻结和减速影响的时间减半,此物品的伤害翻倍
b3be5988-ed2f-4dc8-b8d2-97ba7dca0976,Bladed Armor,刃甲,Item / 物品,Medium / 中型,Bronze / 青铜,Bronze/Silver/Gold/Diamond,Karnok,Weapon / 武器 | Apparel / 服饰,Damage / 伤害 | Shield / 护盾,9.0,9/8/7/6,10,10,0,,10,10,0,,0,,4,4,0,,0,,0,,0,,0,0,0,0,"[主动] 造成10伤害
[主动] 获得10护盾",null,此物品的价值翻倍,减速一件物品1秒,冻结一件物品0.5秒,加速一件物品1秒,此物品的护盾翻倍,获得治疗，等量于此物品伤害,造成剧毒，等量于此物品伤害的10%,造成灼烧，等量于此物品伤害的10%,此物品+1多重释放,此物品+50%暴击率,此物品免疫冻结、减速和摧毁,此物品的伤害翻倍
b3c06ff9-f0e1-4527-81aa-2f71d7bf6503,Red Piggles L,红色小圆猪 左,Item / 物品,Small / 小型,Bronze / 青铜,Bronze/Silver/Gold/Diamond,Pygmalien / 皮格马利翁,Toy / 玩具,DamageRef / 伤害引用,4.0,4,0,,0,,0,,0,,0,,1,1,0,,0,,0,,0,,0,0,0,0,[主动] 左侧相邻的武器获得5/10/15/20,null,,减速一件物品2秒,冻结一件物品0.5秒,加速左侧相邻的物品2秒,左侧相邻的物品获得0,左侧相邻的物品获得0,左侧相邻的物品获得0,左侧相邻的物品获得0,此物品+1多重释放,左侧相邻的武器+50%暴击率,此物品免疫冻结、减速和摧毁,此物品的伤害加成翻倍
b4462dd4-2a2d-412b-b532-c47bba6f93c1,Heirlooms,传家宝,Item / 物品,Small / 小型,Bronze / 青铜,Bronze/Silver/Gold/Diamond,Pygmalien / 皮格马利翁,Apparel / 服饰 | Relic / 遗物,Shield / 护盾 | EconomyRef / 经济引用 | Value / 价值,4.0,4,0,,0,,0,0,0,,0,,1,1,0,,0,,0,,0,,0,0,0,0,"[主动] 获得护盾，等量于此物品价值的两倍
[被动] 此物品在战斗中+10/20/30/40价值",null,此物品的价值翻倍,减速一件物品2秒,冻结一件物品0.5秒,加速一件物品2秒,此物品的护盾翻倍,获得治疗，等量于此物品护盾值,造成剧毒，等量于此物品护盾值的10%,造成灼烧，等量于此物品护盾值的10%,此物品+1多重释放,此物品+50%暴击率,此物品免疫冻结、减速和摧毁,造成伤害，等量于此物品护盾
b456e981-db43-4791-b364-7973221e6f03,Resistance Bands,弹力带,Item / 物品,Small / 小型,Silver / 白银,Silver/Gold/Diamond,Karnok,Apparel / 服饰,Health / 生命值 | RageReference,6.0,6/5/4,0,,0,,0,,0,,0,,1,1,0,,0,,0,,0,,0,0,0,0,"[主动] 获得10/20/40最大生命值
[被动] 获得怒火时，充能此物品1秒",null,此物品的价值翻倍,减速一件物品1秒,冻结一件物品0.5秒,加速一件物品1秒,获得20护盾,治疗20生命值,造成2剧毒,造成2灼烧,此物品+1多重释放,己方物品+20%暴击率,此物品免疫冻结、减速和摧毁,造成20伤害
b48baf8a-1b43-47aa-9b8e-b379057d669d,Eggs,蛋,Item / 物品,Small / 小型,Bronze / 青铜,Bronze/Silver/Gold/Diamond,Jules / 朱尔斯,Food / 食物,Shield / 护盾 | Regen / 再生,5.0,5/4/3/2,0,,0,,10,10,0,,0,,1,1,0,,0,,1,1,0,,0,0,0,0,"[主动] 生命再生量提高1
[主动] 获得10护盾",null,此物品的价值翻倍,减速一件物品1秒,冻结一件物品0.5秒,加速一件物品1秒,此物品的护盾翻倍,获得治疗，等量于此物品护盾值,造成剧毒，等量于此物品生命再生量,造成灼烧，等量于此物品的生命再生量,此物品+1多重释放,此物品+50%暴击率,此物品免疫冻结、减速和摧毁,造成伤害，等量于此物品护盾
b4ccf465-fbf6-4fd4-b4ed-515594ed8722,Jellyfish,水母,Item / 物品,Small / 小型,Bronze / 青铜,Bronze/Silver/Gold/Diamond,Vanessa / 瓦内莎,Aquatic / 水系 | Friend / 伙伴,Poison / 剧毒 | Haste / 加速,7.0,7,0,,0,,0,,0,,0,,1,1,0,,3,3/6/9/12,0,,0,,0,0,0,0,"[主动] 造成3/6/9/12剧毒
[被动] 当你使用相邻水系物品时，加速此物品1/2/3/4秒",null,此物品的价值翻倍,减速一件物品2秒,冻结一件物品0.5秒,此物品的加速持续时间翻倍,获得护盾，等量于此物品剧毒的5倍,获得治疗，等量于此物品剧毒的5倍,此物品的剧毒翻倍,造成灼烧，等量于此物品的剧毒,此物品+1多重释放,此物品+50%暴击率,此物品免疫冻结、减速和摧毁,造成伤害，等量于此物品剧毒的5倍
b553bdf2-bde8-408b-9e78-336eab394546,Business Card,名片,Item / 物品,Small / 小型,Bronze / 青铜,Bronze/Silver/Gold/Diamond,Pygmalien / 皮格马利翁,,Value / 价值,0.0,,0,,0,,0,,0,,0,,0,,0,,0,,0,,0,,0,0,0,0,"[被动] 拜访商人时，此物品永久获得1/2/3/4价值
[被动] 每拜访5位商人，升级此物品[已拜访商人数：0]",null,此物品的价值翻倍,,,,,,,,此物品+2价值获取,,,
b57734a7-642e-4c57-861c-b8a488596047,Tree Club,树木大棒,Item / 物品,Large / 大型,Gold / 黄金,Gold/Diamond,Karnok,Weapon / 武器,Damage / 伤害 | Rage | RageReference,11.0,11,1000,1000/2000,0,,0,,0,,0,,1,1,0,,0,,0,,0,,0,0,0,0,"[主动] 造成1000/2000伤害
[被动] 使用相邻物品时，获得怒火
[被动] 暴怒期间，此物品才会自行充能，且冷却时间缩短7000秒",null,此物品的价值翻倍,减速3件物品1秒,冻结2件物品1秒,加速3件物品1秒,获得护盾，等量于此物品伤害量,获得治疗，等量于此物品伤害,造成剧毒，等量于此物品伤害的10%,造成灼烧，等量于此物品伤害的10%,此物品+1多重释放,此物品+50%暴击率,此物品免疫冻结、减速和摧毁,此物品的伤害翻倍
b57d9963-d241-40c9-8f9f-f9925a2da661,Red Piggles R,红色小圆猪 右,Item / 物品,Small / 小型,Bronze / 青铜,Bronze/Silver/Gold/Diamond,Pygmalien / 皮格马利翁,Toy / 玩具,DamageRef / 伤害引用,4.0,4,0,,0,,0,,0,,0,,1,1,0,,0,,0,,0,,0,0,0,0,[主动] 右侧相邻的武器获得5/10/15/20,null,,减速一件物品2秒,冻结一件物品0.5秒,加速右侧相邻的物品2秒,右侧相邻的物品获得0,右侧相邻的物品获得0,右侧相邻的物品获得0,右侧相邻的物品获得0,此物品+1多重释放,右侧相邻的武器+50%暴击率,此物品免疫冻结、减速和摧毁,此物品的伤害加成翻倍
b59a6072-5eb3-4782-b683-a20ee9294e54,The Boulder,滚石,Item / 物品,Large / 大型,Gold / 黄金,Gold/Diamond,Vanessa / 瓦内莎,Weapon / 武器 | Relic / 遗物 | Trap,Damage / 伤害 | Ammo / 弹药,22.0,22/18,0,0,0,,0,,1,1,0,,1,1,0,,0,,0,,0,,0,0,0,0,"[主动] 造成伤害，等量于一位敌人的最大生命值
[主动] 弹药: 1",null,此物品的价值翻倍,减速3件物品4秒,冻结3件物品1秒,加速3件物品4秒,获得护盾，等量于此物品伤害量,获得治疗，等量于此物品伤害,造成剧毒，等量于此物品伤害的10%,造成灼烧，等量于此物品伤害的10%,此物品+1多重释放,此物品+50%暴击率,此物品免疫冻结、减速和摧毁,此物品的伤害翻倍
b5f82e87-ffb1-4cc6-a3b3-7193b5f8862a,Ornithopter,扑翼机,Item / 物品,Small / 小型,Bronze / 青铜,Bronze/Silver/Gold/Diamond,Stelle / 斯黛尔,Vehicle / 载具,Flying / 飞行 | DamageRef / 伤害引用,5.0,5/4/3/2,0,,0,,0,,0,,0,,1,1,0,,0,,0,,0,,0,0,0,0,"[主动] 一件相邻物品开始飞行
[被动] 己方飞行物品+5/10/15/20",null,此物品的价值翻倍,减速一件物品2秒,冻结一件物品0.5秒,加速一件物品2秒,获得30护盾,治疗30生命值,造成3剧毒,造成3灼烧,此物品+1多重释放,此物品左侧相邻的物品+30%暴击率,此物品免疫冻结、减速和摧毁,造成30伤害
b6176b94-5ad0-4664-8669-c2950a5d4278,Pinwheel,纸风车,Item / 物品,Small / 小型,Bronze / 青铜,Bronze/Silver/Gold/Diamond,Stelle / 斯黛尔,Toy / 玩具,Flying / 飞行 | Haste / 加速 | FlyingRef / 飞行引用,8.0,8/7/6/5,0,,0,,0,,0,,0,,1,1,0,,0,,0,,0,,0,0,0,0,"[主动] 一件小型物品开始飞行
[主动] 加速1件物品1秒
[被动] 有物品开始飞行时，为此物品充能2秒",null,此物品的价值翻倍,减速一件物品1秒,冻结一件物品0.5秒,此物品的加速持续时间翻倍,获得20护盾,治疗20生命值,造成2剧毒,造成2灼烧,此物品+1多重释放,相邻物品+25%暴击率,此物品免疫冻结、减速和摧毁,造成20伤害
b642b5dd-180e-4980-bffd-c90110fdc96f,Soul Ring,魂戒,Item / 物品,Small / 小型,Gold / 黄金,Gold/Diamond,Mak / 马克,Apparel / 服饰 | Relic / 遗物,Poison / 剧毒 | Regen / 再生,10.0,10/8,0,,0,,0,,0,,0,,1,1,0,,0,0,10,10,0,,0,0,0,0,"[主动] 造成剧毒，等量于己方生命再生量
[被动] 你+10生命再生量",null,此物品的价值翻倍,减速一件物品5秒,冻结一件物品1秒,加速一件物品5秒,获得护盾，等量于此物品剧毒的5倍,获得治疗，等量于此物品剧毒的5倍,此物品的剧毒翻倍,造成灼烧，等量于此物品的剧毒,此物品+1多重释放,此物品+50%暴击率,此物品免疫冻结、减速和摧毁,造成伤害，等量于此物品剧毒的5倍
b6afda86-9dec-4580-b1e3-4d1cc59c3029,Gramophone,留声机,Item / 物品,Medium / 中型,Gold / 黄金,Gold/Diamond,Pygmalien / 皮格马利翁,,Cooldown / 冷却,0.0,,0,,0,,0,,0,,0,,0,,0,,0,,0,,0,,0,0,0,0,[被动] 左侧相邻物品的冷却时间缩短20/35%,null,此物品的价值翻倍,当你使用左侧物品时，减速一件物品1秒,当你使用左侧物品时，冻结一件物品0.5秒,使用左侧相邻的物品时，加速一件物品1秒,使用左侧相邻的物品时，获得20护盾,使用左侧相邻的物品时，获得20治疗,使用左侧相邻的物品时，造成2剧毒,使用左侧相邻的物品时，造成2灼烧,此物品的冷却时间缩短效果翻倍,左侧相邻的物品+50%暴击率,此物品左侧相邻的物品受冻结和减速影响的时间减半,使用左侧相邻的物品时，造成20伤害
b6b210e5-0e56-4c82-9165-7f526dd5c9ea,Alembic,蒸馏器,Item / 物品,Medium / 中型,Silver / 白银,Silver/Gold/Diamond,Mak / 马克,Tool / 工具,PotionRef / 药水引用,0.0,,0,,0,,0,,0,,0,,0,,0,,0,,0,,0,,0,0,0,0,"[被动] 每天开始时，获得一个催化剂并将左侧相邻的小型物品转化为一件药水
[被动] 当你购买此物品时，获得一件小型原料",null,此物品的价值翻倍,如果该物品未被附魔，为其赋予沉重附魔（如适用）,如果该物品未被附魔，为其赋予寒冰附魔（如适用）,如果该物品未被附魔，为其赋予疾速附魔（如适用）,如果该物品未被附魔，为其赋予护盾附魔（如适用）,如果该物品未被附魔，为其赋予回复附魔（如适用）,如果该物品未被附魔，为其赋予剧毒附魔（如适用）,如果该物品未被附魔，为其赋予炽焰附魔（如适用）,如果该物品未被附魔，为其赋予闪亮附魔（如适用）,如果该物品未被附魔，为其赋予致命附魔（如适用）,如果该物品未被附魔，为其赋予辉耀附魔（如适用）,如果该物品未被附魔，为其赋予黑曜石附魔（如适用）
b6cd2ee1-f44f-44a5-9652-c577800a427f,Hot Springs,温泉,Item / 物品,Large / 大型,Bronze / 青铜,Bronze/Silver/Gold/Diamond,Common / 通用,Property / 地产,Heal / 治疗 | HealRef / 治疗引用,6.0,6,0,,25,25/50/100/200,0,,0,,0,,1,1,0,,0,,0,,0,,0,0,0,0,"[主动] 治疗25/50/100/200生命值
[被动] 出售此物品时，己方物品永久获得10/20/30/40",null,此物品的价值翻倍,减速3件物品2秒,冻结2件物品1秒,加速3件物品2秒,获得护盾，等量于此物品治疗量,此物品的治疗翻倍,造成剧毒，等量于此物品治疗量的10%,造成灼烧，等量于此物品治疗量的10%,此物品+1多重释放,此物品+50%暴击率,此物品免疫冻结、减速和摧毁,造成伤害，等量于此物品治疗量
b769eef3-b324-4704-91fd-3a971c6f47b4,Battery,电池,Item / 物品,Small / 小型,Bronze / 青铜,Bronze/Silver/Gold/Diamond,Dooley / 杜利,Tech / 科技,Ammo / 弹药 | Charge / 充能,4.0,4,0,,0,,0,,4,4,0,,1,1,0,,0,,0,,0,,0,0,0,0,"[主动] 充能左侧相邻的物品1/2/3/4秒
[主动] 弹药: 4",null,此物品的价值翻倍,减速一件物品2秒,冻结一件物品0.5秒,加速一件物品2秒,获得30护盾,治疗30生命值,造成3剧毒,造成3灼烧,此物品+1多重释放,此物品左侧相邻的物品+30%暴击率,此物品左侧相邻的物品受冻结和减速影响的时间减半,造成30伤害
b77984de-50e8-4fe6-a8c8-65939fba140e,Caustic Solvent,腐蚀溶剂,Item / 物品,Small / 小型,Silver / 白银,Silver/Gold/Diamond,Karnok,Potion / 药水,Poison / 剧毒 | PoisonRef / 剧毒引用 | Ammo / 弹药 | BurnRef / 灼烧引用,7.0,7/6/5,0,,0,,0,,1,1,0,,1,1,0,,3,3,0,,0,,0,0,0,0,"[主动] 造成3剧毒
[主动] 己方物品的剧毒和灼烧提高，增幅等于此物品的剧毒
[主动] 弹药: 1",null,此物品的价值翻倍,减速一件物品3秒,冻结一件物品0.5秒,加速一件物品3秒,获得护盾，等量于此物品剧毒的5倍,获得治疗，等量于此物品剧毒的5倍,此物品的剧毒翻倍,造成灼烧，等量于此物品的剧毒,此物品+2最大弹药量,此物品+50%暴击率,此物品免疫冻结、减速和摧毁,造成伤害，等量于此物品剧毒的5倍
b77bccff-153d-4bb6-bdc0-93f049dea437,Signal Fire,烽火台,Item / 物品,Medium / 中型,Silver / 白银,Silver/Gold/Diamond,Karnok,Tool / 工具,Burn / 灼烧 | Haste / 加速 | Charge / 充能,7.0,7,0,,0,,0,,0,,0,,1,1,5,5/10/15,0,,0,,0,,0,0,0,0,"[主动] 造成5/10/15灼烧
[被动] 使用相邻物品时，充能此物品2秒
[被动] 触发灼烧时，加速一个伙伴1/2/3秒",null,此物品的价值翻倍,减速2件物品2秒,冻结一件物品1秒,此物品的加速持续时间翻倍,获得护盾，等量于此物品灼烧的5倍,获得治疗，等量于此物品灼烧的5倍,造成剧毒，等量于此物品灼烧,此物品的灼烧翻倍,此物品+1多重释放,此物品+50%暴击率,此物品免疫冻结、减速和摧毁,造成伤害，等量于此物品灼烧的5倍
b8167003-4e4c-4405-8986-0efaaf77665f,Hunter's Journal,猎人日志,Item / 物品,Small / 小型,Bronze / 青铜,Bronze/Silver/Gold/Diamond,Karnok,Tool / 工具,Crit / 暴击 | Value / 价值,0.0,,0,,0,,0,,0,,0,,0,,0,,0,,0,,0,,0,0,0,0,"[被动] 己方物品+暴击率，等量于此物品的价值
[被动] 战胜怪物时，此物品永久获得+2/3/4/5价值",null,此物品的价值翻倍,此物品暴击时，减速一件物品1秒,此物品暴击时，冻结一件物品0.5秒,此物品暴击时，加速一件物品1秒,此物品暴击时，获得10护盾,此物品暴击时，获得10治疗,此物品暴击时，造成1剧毒,此物品暴击时，造成1灼烧,此物品的价值提升和暴击率加成翻倍,此物品的暴击率加成翻倍,相邻物品受冻结和减速影响的时间减半,此物品暴击时，造成10伤害
b84f4145-cb4b-4d08-a6f7-0f41b06a0e1f,Infused Bracers,注能护腕,Item / 物品,Medium / 中型,Silver / 白银,Silver/Gold/Diamond,Mak / 马克,Apparel / 服饰 | Tool / 工具,Poison / 剧毒 | DamageRef / 伤害引用,6.0,6/5/4,0,,0,,0,,0,,0,,1,1,0,,8,8/16/24,0,,0,,0,0,0,0,"[主动] 对双方玩家都造成8/16/24剧毒
[被动] 当你使自己中毒时，己方武器伤害提高，增幅等于中毒量
[被动] 左侧武器拥有吸血",null,此物品的价值翻倍,减速2件物品1秒,冻结一件物品1秒,加速2件物品1秒,获得护盾，等量于此物品剧毒的5倍,获得治疗，等量于此物品剧毒的5倍,此物品的剧毒翻倍,造成灼烧，等量于此物品的剧毒,此物品+1多重释放,此物品+50%暴击率,此物品免疫冻结、减速和摧毁,造成伤害，等量于此物品剧毒的5倍
b86d7698-70b2-4caa-b373-2f377125d6d2,Battle Axe,战斧,Item / 物品,Medium / 中型,Bronze / 青铜,Bronze/Silver/Gold/Diamond,Karnok,Weapon / 武器,Damage / 伤害 | RageReference,8.0,8,60,60/120/180/240,0,,0,,0,,0,,1,1,0,,0,,0,,0,,0,0,0,0,"[主动] 造成60/120/180/240伤害
[被动] 当你进入暴怒状态时，此物品获得60/120/180/240
[被动] 暴怒期间，此物品冷却时间缩短4000秒",null,此物品的价值翻倍,减速2件物品3秒,冻结2件物品1秒,加速2件物品3秒,获得护盾，等量于此物品伤害量,获得治疗，等量于此物品伤害,造成剧毒，等量于此物品伤害的10%,造成灼烧，等量于此物品伤害的10%,此物品+1多重释放,此物品+50%暴击率,此物品免疫冻结、减速和摧毁,此物品的伤害翻倍
b89ae3b6-6383-47a3-94fe-2571d30a564a,Bolas,流星索,Item / 物品,Small / 小型,Bronze / 青铜,Bronze/Silver/Gold/Diamond,Vanessa / 瓦内莎,Weapon / 武器,Damage / 伤害 | Ammo / 弹药 | Slow / 减速,4.0,4,20,20/40/80/160,0,,0,,2,2,0,,1,1,0,,0,,0,,0,,0,0,0,0,"[主动] 造成20/40/80/160伤害
[主动] 减速一件物品2/3/4/5秒
[主动] 弹药: 2",null,此物品的价值翻倍,此物品的减速持续时间翻倍,冻结一件物品0.5秒,加速一件物品3秒,获得护盾，等量于此物品伤害量,获得治疗，等量于此物品伤害,造成剧毒，等量于此物品伤害的10%,造成灼烧，等量于此物品伤害的10%,此物品+1多重释放,此物品+50%暴击率,此物品免疫冻结、减速和摧毁,此物品的伤害翻倍
b8a86c12-6b43-475d-8748-1676f45655bb,Viper Cane,蛇首手杖,Item / 物品,Medium / 中型,Silver / 白银,Silver/Gold/Diamond,Mak / 马克,Weapon / 武器 | Relic / 遗物,Damage / 伤害 | PoisonRef / 剧毒引用 | RegenRef / 再生引用,6.0,6,10,10,0,,0,,0,,0,,0,,0,,0,,0,,0,,0,0,0,0,"[主动] 造成10伤害
[被动] 触发剧毒或生命再生时，己方物品获得4/8/12",null,此物品的价值翻倍,减速2件物品2秒,冻结一件物品1秒,加速2件物品2秒,获得护盾，等量于此物品伤害量,获得治疗，等量于此物品伤害,造成剧毒，等量于此物品伤害的10%,造成灼烧，等量于此物品伤害的10%,此物品+1多重释放,此物品+50%暴击率,此物品免疫冻结、减速和摧毁,此物品的伤害提升值翻倍
b91bfce3-8b58-44a3-8250-ca91c3100598,Oven Mitts,烤箱手套,Item / 物品,Medium / 中型,Silver / 白银,Silver/Gold/Diamond,Jules / 朱尔斯,Apparel / 服饰 | Tool / 工具,Shield / 护盾 | Haste / 加速 | HeatedReference,6.0,6,0,,0,,20,20/30/40,0,,0,,1,1,0,,0,,0,,0,,0,0,0,0,"[主动] 加速2件物品1/2/3秒
[主动] 获得20/30/40护盾
[被动] 当你使用另一件高温物品时，充能此物品2秒",null,此物品的价值翻倍,减速一件物品1秒,冻结一件物品0.5秒,此物品的加速持续时间翻倍,此物品的护盾翻倍,获得治疗，等量于此物品护盾值,造成剧毒，等量于此物品护盾值的10%,造成灼烧，等量于此物品护盾值的10%,此物品+1多重释放,此物品+50%暴击率,此物品免疫冻结、减速和摧毁,造成伤害，等量于此物品护盾
b9246968-8eed-49c7-954e-6cd8f9feda36,Oxygen Mask,氧气面罩,Item / 物品,Medium / 中型,Bronze / 青铜,Bronze/Silver/Gold/Diamond,Stelle / 斯黛尔,Tool / 工具 | Apparel / 服饰,Shield / 护盾,5.0,5,0,,0,,20,20/40/80/160,0,,0,,1,1,0,,0,,0,,0,,0,0,0,0,"[主动] 获得20/40/80/160护盾
[被动] 当你使用工具或载具时，充能此物品1秒",null,此物品的价值翻倍,减速1件物品1秒,冻结一件物品0.5秒,加速1件物品1秒,此物品的护盾翻倍,获得治疗，等量于此物品护盾值,造成剧毒，等量于此物品护盾值的10%,造成灼烧，等量于此物品护盾值的10%,此物品+1多重释放,此物品+50%暴击率,此物品免疫冻结、减速和摧毁,造成伤害，等量于此物品护盾
b931a779-d15f-4ea5-b47a-65b8b0a3449c,Pressure Heater,压力热炉,Item / 物品,Medium / 中型,Silver / 白银,Silver/Gold/Diamond,Stelle / 斯黛尔,Tool / 工具,BurnRef / 灼烧引用,6.0,6,0,,0,,0,,0,,0,,1,1,0,,0,,0,,0,,0,0,0,0,"[主动] 相邻的灼烧物品获得3/6/9
[被动] 当你使用另一件工具或载具时，充能此物品2秒",null,此物品的价值翻倍,减速一件物品1秒,冻结一件物品0.5秒,加速一件物品1秒,获得护盾，等量于相邻物品灼烧的两倍,获得治疗，等量于相邻物品灼烧的两倍,造成剧毒，等量于相邻物品灼烧的一半,此物品的灼烧加成翻倍,此物品+1多重释放,己方灼烧物品+40%暴击率,此物品免疫冻结、减速和摧毁,造成伤害，等量于相邻物品灼烧的两倍
b9a59fba-b266-478d-8bef-ae183e4f79d5,Honey Badger,蜜獾,Item / 物品,Medium / 中型,Bronze / 青铜,Bronze/Silver/Gold/Diamond,Karnok,Weapon / 武器 | Friend / 伙伴,Damage / 伤害 | RageReference | Charge / 充能,7.0,7/6/5/4,10,10,0,,0,,0,,0,,1,1,0,,0,,0,,0,,0,0,0,0,"[主动] 造成10伤害
[被动] 获得怒火时，充能此物品1秒
[被动] 当你退出暴怒状态时，此物品的充能量增加1秒、冷却时间延长1秒",null,此物品的价值翻倍,减速一件物品1秒,冻结一件物品0.5秒,加速一件物品1秒,获得护盾，等量于此物品伤害量,获得治疗，等量于此物品伤害,造成剧毒，等量于此物品伤害的10%,造成灼烧，等量于此物品伤害的10%,此物品+1多重释放,此物品+50%暴击率,此物品免疫冻结、减速和摧毁,此物品的伤害翻倍
b9d4df16-0876-45ee-a35e-700d7b68cb6f,Defense Matrix,防御矩阵,Item / 物品,Medium / 中型,Silver / 白银,Silver/Gold/Diamond,Dooley / 杜利,Tech / 科技,Shield / 护盾 | Haste / 加速,4.0,4,0,,0,,10,10/20/30,0,,0,,1,1,0,,0,,0,,0,,0,0,0,0,"[主动] 加速相邻物品1/2/3秒
[被动] 使用相邻物品时，获得10/20/30护盾",null,此物品的价值翻倍,使用相邻物品时，减速一件物品1秒,使用相邻物品时，冻结一件物品0.5秒,此物品的加速持续时间翻倍,此物品的护盾翻倍,使用相邻物品时，获得治疗，等量于此物品护盾,使用相邻物品时，造成剧毒，等量于此物品护盾的10%,使用相邻物品时，造成灼烧，等量于此物品护盾的10%,此物品+1多重释放,相邻物品+40%暴击率,此物品免疫冻结、减速和摧毁,使用相邻物品时，造成伤害，等量于此物品护盾
ba625e9a-9c8b-4c21-bf6e-e7a6ff264019,Ice Cubes,冰块,Item / 物品,Small / 小型,Silver / 白银,Silver/Gold/Diamond,Jules / 朱尔斯,Food / 食物,Freeze / 冻结 | Ammo / 弹药 | ChilledReference,4.0,4/3/2,0,,0,,0,,3,3,0,,1,1,0,,0,,0,,0,,0,0,0,0,"[主动] 冻结一件物品1秒
[主动] 弹药: 3
[被动] 霜冻时：此物品+3最大弹药量",null,此物品的价值翻倍,减速一件物品1秒,此物品的冻结持续时间翻倍,加速一件物品1秒,获得30护盾,治疗30生命值,造成3剧毒,造成3灼烧,此物品+1多重释放,己方物品+20%暴击率,此物品免疫冻结、减速和摧毁,造成30伤害
ba6ba8f6-7076-406a-89e6-ddaa39044959,Lifting Gloves,举重手套,Item / 物品,Small / 小型,Bronze / 青铜,Bronze/Silver/Gold/Diamond,Common / 通用,Tool / 工具 | Apparel / 服饰,DamageRef / 伤害引用,5.0,5,0,,0,,0,,0,,0,,1,1,0,,0,,0,,0,,0,0,0,0,"[主动] 己方物品+1/2/3/4
[被动] 出售此物品时，己方物品永久获得3/6/9/12",null,此物品的价值翻倍,减速一件物品2秒,冻结一件物品0.5秒,加速一件物品2秒,获得40护盾,治疗40生命值,造成4剧毒,造成4灼烧,此物品+1多重释放,,此物品免疫冻结、减速和摧毁,此物品的伤害加成翻倍
baec36c3-2c41-47fa-bd54-6f1d6b34e8d0,Void Ray,虚空射线,Item / 物品,Medium / 中型,Gold / 黄金,Gold/Diamond,Common / 通用,Ray / 射线 | Relic / 遗物,Burn / 灼烧 | ShieldRef / 护盾引用,7.0,7,0,,0,,0,,0,,0,,2,2,4,4/6,0,,0,,0,,0,0,0,0,"[主动] 造成4/6灼烧
[被动] 获得护盾时，此物品获得1/2",null,此物品的价值翻倍,减速一件物品1秒,冻结一件物品0.5秒,加速一件物品1秒,获得护盾，等量于此物品灼烧的5倍,获得治疗，等量于此物品灼烧的5倍,造成剧毒，等量于此物品灼烧,此物品的灼烧翻倍,此物品+1多重释放,此物品+50%暴击率,此物品免疫冻结、减速和摧毁,造成伤害，等量于此物品灼烧的5倍
bb101259-4d30-4d93-9d69-b99c08f17488,Aurora Dome,极光穹顶,Item / 物品,Medium / 中型,Silver / 白银,Silver/Gold/Diamond,Pygmalien / 皮格马利翁,Property / 地产,Freeze / 冻结 | ShieldRef / 护盾引用,5.0,5,0,,0,,0,,0,,0,,0,,0,,0,,0,,0,,0,0,0,0,"[主动] 冻结一件物品1秒
[被动] 触发冻结时，己方护盾物品+10/20/30",null,此物品的价值翻倍,减速2件物品1秒,此物品的冻结持续时间翻倍,加速2件物品1秒,获得100护盾,治疗100生命值,造成10剧毒,造成10灼烧,此物品+1多重释放,己方物品+30%暴击率,此物品免疫冻结、减速和摧毁,造成100伤害
bb1b65d5-ead6-4828-adb9-688c7e2aabb6,Fishing Rod,钓鱼竿,Item / 物品,Medium / 中型,Bronze / 青铜,Bronze/Silver/Gold/Diamond,Vanessa / 瓦内莎,Aquatic / 水系 | Tool / 工具,Haste / 加速,5.0,5,0,,0,,0,,0,,0,,1,1,0,,0,,0,,0,,0,0,0,0,"[主动] 加速右侧相邻的水系物品2秒
[被动] 每天开始时，获得一件小型水系物品",null,……并为该物品赋予黄金附魔（如适用）,……并为该物品赋予沉重附魔（如适用）,……并为该物品赋予寒冰附魔（如适用）,……并为该物品赋予疾速附魔（如适用）,……并为该物品赋予护盾附魔（如适用）,……并为该物品赋予回复附魔（如适用）,……并为该物品赋予剧毒附魔（如适用）,……并为该物品赋予炽焰附魔（如适用）,……并为该物品赋予闪亮附魔（如适用）,……并为该物品赋予致命附魔（如适用）,……并为该物品赋予辉耀附魔（如适用）,……并为该物品赋予黑曜石附魔（如适用）
bbdd06b6-c45a-43b6-8f6a-2a3c87ce5880,Bonfire,篝火,Item / 物品,Medium / 中型,Silver / 白银,Silver/Gold/Diamond,Vanessa / 瓦内莎,,Burn / 灼烧 | Haste / 加速,5.0,5,0,,0,,0,,0,,0,,1,1,5,5/10/15,0,,0,,0,,0,0,0,0,"[主动] 造成5/10/15灼烧
[被动] 触发灼烧时，加速一件相邻物品1/2/3秒。",null,此物品的价值翻倍,减速一件物品1秒,冻结一件物品0.5秒,此物品的加速持续时间翻倍,获得护盾，等量于此物品灼烧的5倍,获得治疗，等量于此物品灼烧的5倍,造成剧毒，等量于此物品灼烧,此物品的灼烧翻倍,此物品+1多重释放,此物品+50%暴击率,此物品免疫冻结、减速和摧毁,造成伤害，等量于此物品灼烧的5倍
bbf63b5c-57c3-4412-beb5-18bfec2372e6,Pesky Pete,鹦鹉皮特,Item / 物品,Small / 小型,Bronze / 青铜,Bronze/Silver/Gold/Diamond,Vanessa / 瓦内莎,Friend / 伙伴,Burn / 灼烧 | Flying / 飞行,8.0,8/7/6/5,0,,0,,0,,0,,0,,1,1,2,2,0,,0,,0,,0,0,0,0,"[主动] 此物品开始飞行
[主动] 造成2灼烧
[被动] 相邻每有一件伙伴或地产，此物品+1多重释放",null,此物品的价值翻倍,减速一件物品1秒,冻结一件物品0.5秒,加速一件物品1秒,获得护盾，等量于此物品灼烧的5倍,获得治疗，等量于此物品灼烧的5倍,造成剧毒，等量于此物品灼烧,此物品的灼烧翻倍,此物品+1多重释放,此物品+50%暴击率,此物品免疫冻结、减速和摧毁,造成伤害，等量于此物品灼烧的5倍
bccd64e7-750d-4150-977e-943b8a5d74bf,Metronome,节拍器,Item / 物品,Small / 小型,Silver / 白银,Silver/Gold/Diamond,Dooley / 杜利,,Haste / 加速,0.0,,0,,0,,0,,0,,0,,0,,0,,0,,0,,0,,0,0,0,0,[被动] 使用相邻物品时，加速另一件相邻物品1/2/3秒。,null,此物品的价值翻倍,使用相邻物品时，减速一件物品1秒,使用相邻物品时，冻结一件物品0.5秒,此物品的加速持续时间翻倍,当你使用相邻物品时，获得10护盾,当你使用相邻物品时，治疗10,当你使用相邻物品时，剧毒1,当你使用相邻物品时，灼烧1,使用相邻物品时，加速另一件相邻物品{ability.0}秒。,相邻物品+30%暴击率,相邻物品受冻结和减速影响的时间减半,当你使用相邻物品时，造成10伤害
bd46ceff-a181-49f2-ac60-a769a062cb6d,Grabinator,抓取工具,Item / 物品,Medium / 中型,Gold / 黄金,Gold/Diamond,Stelle / 斯黛尔,Tool / 工具,,8.0,8/7,0,,0,,0,,0,,0,,0,,0,,0,,0,,0,,0,0,0,0,[主动] 摧毁敌方最左侧的中型物品，并将此物品转化为该物品,null,……并为该物品赋予黄金附魔（如适用）,……并为该物品赋予沉重附魔（如适用）,……并为该物品赋予寒冰附魔（如适用）,……并为该物品赋予疾速附魔（如适用）,……并为该物品赋予护盾附魔（如适用）,……并为该物品赋予回复附魔（如适用）,……并为该物品赋予剧毒附魔（如适用）,……并为该物品赋予炽焰附魔（如适用）,……并为该物品赋予闪亮附魔（如适用）,……并为该物品赋予致命附魔（如适用）,……并为该物品赋予辉耀附魔（如适用）,……并为该物品赋予黑曜石附魔（如适用）
bdb95fa6-1607-4fd6-a78b-063f826df717,Coral,珊瑚,Item / 物品,Small / 小型,Bronze / 青铜,Bronze/Silver/Gold/Diamond,Vanessa / 瓦内莎,Aquatic / 水系 | Relic / 遗物,Heal / 治疗,5.0,5,0,,20,20,0,,0,,0,,1,1,0,,0,,0,,0,,0,0,0,0,"[主动] 治疗20生命值
[被动] 购买水系物品时，此物品永久获得5/10/15/20治疗",null,此物品的价值翻倍,减速一件物品2秒,冻结一件物品0.5秒,加速一件物品2秒,获得护盾，等量于此物品治疗量,此物品的治疗翻倍,造成剧毒，等量于此物品治疗量的10%,造成灼烧，等量于此物品治疗量的10%,此物品+1多重释放,此物品+50%暴击率,此物品免疫冻结、减速和摧毁,造成伤害，等量于此物品治疗量
bede53aa-8d47-4d6c-b302-2e684e8c3fcf,Junkyard Club,废品场大棒,Item / 物品,Medium / 中型,Bronze / 青铜,Bronze/Silver/Gold/Diamond,Common / 通用,Weapon / 武器,Damage / 伤害,11.0,11,30,30/60/120/240,0,,0,,0,,0,,1,1,0,,0,,0,,0,,0,0,0,0,"[主动] 造成30/60/120/240伤害
[被动] 出售此物品时，己方物品永久获得4/6/8/10",null,,减速2件物品4秒,冻结2件物品1秒,加速2件物品4秒,获得护盾，等量于此物品伤害量,获得治疗，等量于此物品伤害,造成剧毒，等量于此物品伤害的10%,造成灼烧，等量于此物品伤害的10%,此物品+1多重释放,此物品+50%暴击率,此物品免疫冻结、减速和摧毁,此物品的伤害翻倍
bef0a78b-b3b4-4e7b-85d3-7c42aca6379f,Potion Potion,产药药水,Item / 物品,Medium / 中型,Bronze / 青铜,Bronze/Silver/Gold/Diamond,Mak / 马克,Potion / 药水,Ammo / 弹药,2.0,2,0,,0,,0,,1,1,0,,1,1,0,,0,,0,,0,,0,0,0,0,"[主动] 转化为2件来自任意英雄的小型药水
[主动] 弹药: 1
[被动] 当你购买此物品时，获得一件催化剂",null,……并为转化后的物品赋予黄金附魔（如适用）,……并为转化后的物品赋予沉重附魔（如适用）,……并为转化后的物品赋予寒冰附魔（如适用）,……并为转化后的物品赋予疾速附魔（如适用）,……并为转化后的物品赋予护盾附魔（如适用）,……并为转化后的物品赋予回复附魔（如适用）,……并为转化后的物品赋予剧毒附魔（如适用）,……并为转化后的物品赋予炽焰附魔（如适用）,……并为转化后的物品赋予闪亮附魔（如适用）,……并为转化后的物品赋予致命附魔（如适用）,……并为转化后的物品赋予辉耀附魔（如适用）,……并为转化后的物品赋予黑曜石附魔（如适用）
bf232612-7129-43ec-9a1d-bcd83509a9fb,Lucky Clover,幸运三叶草,Item / 物品,Small / 小型,Bronze / 青铜,Bronze/Silver/Gold/Diamond,Common / 通用,,EconomyRef / 经济引用,0.0,,0,,0,,0,,0,,0,,0,,0,,0,,0,,0,,0,0,0,0,[被动] 商人物品有10/20/40/80%几率升级至更高级别,null,,,,,,,,,,,,
bf480fe7-530e-4a33-b494-1cb9a841f996,Jerky,肉干,Item / 物品,Small / 小型,Bronze / 青铜,Bronze/Silver/Gold/Diamond,Karnok,Food / 食物,Heal / 治疗 | Ammo / 弹药,3.0,3,0,,40,40/80/120/160,0,,2,2,0,,1,1,0,,0,,0,,0,,0,0,0,0,"[主动] 治疗40/80/120/160生命值
[主动] 弹药: 2
[被动] 战胜怪物时，此物品永久获得+1最大弹药量",null,此物品的价值翻倍,减速一件物品1秒,冻结一件物品0.5秒,加速一件物品1秒,获得护盾，等量于此物品治疗量,此物品的治疗翻倍,造成剧毒，等量于此物品治疗量的10%,造成灼烧，等量于此物品治疗量的10%,此物品+1多重释放,此物品+50%暴击率,此物品免疫冻结、减速和摧毁,造成伤害，等量于此物品治疗量
bf90b501-0d87-49ae-a82a-5941db70179c,Weather Machine,天气机,Item / 物品,Large / 大型,Silver / 白银,Silver/Gold/Diamond,Stelle / 斯黛尔,Vehicle / 载具 | Property / 地产 | Tech / 科技,Freeze / 冻结 | Slow / 减速 | Flying / 飞行,5.0,5,0,,0,,0,,0,,0,,1,1,0,,0,,0,,0,,0,0,0,0,"[主动] 使2/3/4件物品开始飞行
[主动] 冻结每位玩家布阵区上的一件物品1/2/3秒
[主动] 减速所有物品1/2/3秒",null,此物品的价值翻倍,此物品的减速持续时间翻倍,此物品的冻结持续时间翻倍,加速3件物品1秒,获得160护盾,治疗160生命值,造成16剧毒,造成16灼烧,此物品+1多重释放,己方物品+30%暴击率,此物品免疫冻结、减速和摧毁,造成160伤害
bfa02e6a-1e0d-4e88-830e-850097026a02,First Aiden,急救艾登,Item / 物品,Small / 小型,Bronze / 青铜,Bronze/Silver/Gold/Diamond,Dooley / 杜利,Friend / 伙伴,Heal / 治疗 | Haste / 加速,4.0,4,0,,10,10/20/40/80,0,,0,,0,,1,1,0,,0,,0,,0,,0,0,0,0,"[主动] 治疗10/20/40/80生命值
[主动] 加速一件物品1/2/3/4秒",null,此物品的价值翻倍,减速一件物品1秒,冻结一件物品0.5秒,此物品的加速持续时间翻倍,获得护盾，等量于此物品治疗量,此物品的治疗翻倍,造成剧毒，等量于此物品治疗量的10%,造成灼烧，等量于此物品治疗量的10%,此物品+1多重释放,此物品+50%暴击率,此物品免疫冻结、减速和摧毁,造成伤害，等量于此物品治疗量
bfa28eec-84de-41cb-bc5c-8de700a5d21f,Focused Core,,Item / 物品,Medium / 中型,Silver / 白银,Silver/Gold/Diamond,Dooley / 杜利,Core / 核心 | Tech / 科技,Haste / 加速 | Charge / 充能,6.0,6,0,,0,,0,,0,,0,,1,1,0,,0,,0,,0,,0,0,0,0,"[主动] Charge the item to the right 1/2/3 second(s)
[主动] Haste the item to the right for 1/2/3 second(s)
[被动] 当你使用左侧任意物品时，充能此物品1秒",null,此物品的价值翻倍,减速2件物品1秒,冻结一件物品1秒,加速2件物品1秒,获得80护盾,治疗80生命值,造成8剧毒,造成8灼烧,此物品+1多重释放,Your items to the right gain 50% Crit Chance,此物品免疫冻结、减速和摧毁,造成80伤害
bfb765fc-764c-4e16-aa17-0e10efda4b5b,Nitrogen Hammer,液氮锤,Item / 物品,Medium / 中型,Gold / 黄金,Gold/Diamond,Dooley / 杜利,Weapon / 武器,Damage / 伤害 | Freeze / 冻结,7.0,7,200,200,0,,0,,0,,0,,1,1,0,,0,,0,,0,,0,0,0,0,"[主动] 造成200伤害
[主动] 冻结一件物品1秒
[被动] 触发冻结时，此物品获得100/200",null,此物品的价值翻倍,减速2件物品2秒,此物品的冻结持续时间翻倍,加速2件物品2秒,获得护盾，等量于此物品伤害量,获得治疗，等量于此物品伤害,造成剧毒，等量于此物品伤害的10%,造成灼烧，等量于此物品伤害的10%,此物品+1多重释放,此物品+50%暴击率,此物品免疫冻结、减速和摧毁,此物品的伤害翻倍
c0455f22-2fb9-4ce6-a65f-e874e3d86ff0,Hot Sauce,辣酱,Item / 物品,Small / 小型,Bronze / 青铜,Bronze/Silver/Gold/Diamond,Jules / 朱尔斯,Food / 食物,Burn / 灼烧,8.0,8/7/6/5,0,,0,,0,,0,,0,,1,1,2,2,0,,0,,0,,0,0,0,0,"[主动] 造成2灼烧
[被动] 相邻每有一件食物或工具，此物品+1多重释放",null,此物品的价值翻倍,减速一件物品1秒,冻结一件物品0.5秒,加速一件物品1秒,获得护盾，等量于此物品灼烧的5倍,获得治疗，等量于此物品灼烧的5倍,造成剧毒，等量于此物品灼烧,此物品的灼烧翻倍,此物品+1多重释放,此物品+50%暴击率,此物品免疫冻结、减速和摧毁,造成伤害，等量于此物品灼烧的5倍
c05828f1-39e6-47aa-9041-216dfa60d83d,Spices,香料,Item / 物品,Small / 小型,Gold / 黄金,Gold/Diamond,Pygmalien / 皮格马利翁,Food / 食物,DamageRef / 伤害引用 | Ammo / 弹药,12.0,12/10,0,,0,,0,,1,1,0,,1,1,0,,0,,0,,0,,0,0,0,0,"[主动] 己方物品伤害提高，增幅等于你最弱武器的伤害 [0]
[主动] 弹药: 1",null,此物品的价值翻倍,减速一件物品5秒,冻结一件物品1秒,加速一件物品5秒,己方物品护盾提高，增幅等于你最弱护盾物品的护盾,己方物品治疗提高，增幅等于你最弱治疗物品的治疗,己方物品剧毒提高，增幅等于你最弱剧毒物品的剧毒,己方物品灼烧提高，增幅等于你最弱灼烧物品的灼烧,此物品+1多重释放,己方物品+20%暴击率,此物品免疫冻结、减速和摧毁,此物品的伤害加成翻倍
c0da70d5-3332-4d10-9f75-3b907fb2f287,Crocodile Tears,鳄鱼眼泪,Item / 物品,Small / 小型,Bronze / 青铜,Bronze/Silver/Gold/Diamond,Mak / 马克,Potion / 药水 | Weapon / 武器,Damage / 伤害 | Ammo / 弹药,13.0,13/12/11/10,1,1,0,,0,,1,1,0,,1,1,0,,0,,0,,0,,0,0,0,0,"[主动] 造成1伤害
[主动] 弹药: 1
[被动] 当敌人受到伤害时，此物品获得8/16/24/32",null,此物品的价值翻倍,减速一件物品5秒,冻结一件物品1秒,加速一件物品5秒,获得护盾，等量于此物品伤害量,获得治疗，等量于此物品伤害,造成剧毒，等量于此物品伤害的10%,造成灼烧，等量于此物品伤害的10%,此物品+1多重释放,此物品+50%暴击率,此物品免疫冻结、减速和摧毁,此物品的伤害翻倍
c0eb01d3-5f8e-4271-8045-ec283a47bcaa,Copper Ed,铜蛇艾德,Item / 物品,Small / 小型,Bronze / 青铜,Bronze/Silver/Gold/Diamond,Dooley / 杜利,Friend / 伙伴,Poison / 剧毒 | Shield / 护盾,6.0,6/5/4/3,0,,0,,15,15,0,,0,,1,1,0,,2,2,0,,0,,0,0,0,0,"[主动] 造成2剧毒
[主动] 获得15护盾",null,此物品的价值翻倍,减速一件物品2秒,冻结一件物品0.5秒,加速一件物品2秒,此物品的护盾翻倍,获得治疗，等量于此物品护盾值,此物品的剧毒翻倍,造成灼烧，等量于此物品的剧毒,此物品+1多重释放,此物品+50%暴击率,此物品免疫冻结、减速和摧毁,造成伤害，等量于此物品剧毒的5倍
c135f23d-b8b4-4aa8-9a11-b288ae05908c,Staff of the Moose,驼鹿角杖,Item / 物品,Large / 大型,Gold / 黄金,Gold/Diamond,Mak / 马克,Weapon / 武器 | Relic / 遗物,Damage / 伤害 | Regen / 再生,10.0,10,200,200,0,,0,,0,,0,,2,2,0,,0,,25,25/50,0,,0,0,0,0,"[主动] 造成200伤害
[被动] 每场战斗中首次生命值降至一半以下时，你在1/2秒内不受伤害并获得25/50
[被动] 己方物品伤害提高，增幅等于你的生命再生量",null,此物品的价值翻倍,减速3件物品2秒,冻结2件物品1秒,加速3件物品2秒,获得护盾，等量于此物品伤害量,获得治疗，等量于此物品伤害,造成剧毒，等量于此物品伤害的10%,造成灼烧，等量于此物品伤害的10%,此物品+1多重释放,此物品+50%暴击率,此物品免疫冻结、减速和摧毁,此物品的伤害翻倍
c14e76be-2dd6-4d0b-8652-04c6b46412d5,Model Ship,模型船,Item / 物品,Medium / 中型,Silver / 白银,Silver/Gold/Diamond,Pygmalien / 皮格马利翁,Aquatic / 水系 | Vehicle / 载具 | Toy / 玩具,Shield / 护盾 | EconomyRef / 经济引用,6.0,6/5/4,0,,0,,0,0,0,,0,,1,1,0,,0,,0,,0,,0,0,0,0,"[主动] 获得护盾，等量于此物品的价值
[被动] 相邻玩具+1多重释放",null,此物品的价值翻倍,减速一件物品1秒,冻结一件物品0.5秒,加速一件物品1秒,此物品的护盾翻倍,获得治疗，等量于此物品护盾值,造成剧毒，等量于此物品护盾值的10%,造成灼烧，等量于此物品护盾值的10%,此物品+1多重释放,此物品+50%暴击率,此物品免疫冻结、减速和摧毁,造成伤害，等量于此物品护盾
c1c4f8fc-548d-4ae6-bfca-1c7ea2aca212,Omega Ray,欧米伽射线,Item / 物品,Small / 小型,Silver / 白银,Silver/Gold/Diamond,Dooley / 杜利,Ray / 射线 | Tech / 科技,Burn / 灼烧 | BurnRef / 灼烧引用,6.0,6,0,,0,,0,,0,,0,,1,1,4,4/6/8,0,,0,,0,,0,0,0,0,"[主动] 造成4/6/8灼烧
[被动] 当你使用核心或射线时，此物品和相邻物品获得2/3/4",null,此物品的价值翻倍,减速一件物品3秒,冻结一件物品0.5秒,加速一件物品3秒,获得护盾，等量于此物品灼烧的5倍,获得治疗，等量于此物品灼烧的5倍,造成剧毒，等量于此物品灼烧,此物品的灼烧获取翻倍,此物品+1多重释放,己方射线+25%暴击率,此物品免疫冻结、减速和摧毁,造成伤害，等量于此物品灼烧的5倍
c204f622-4000-40a4-9bf4-6aa53f768b1d,Green Piggles R,绿色小圆猪 右,Item / 物品,Small / 小型,Bronze / 青铜,Bronze/Silver/Gold/Diamond,Pygmalien / 皮格马利翁,Toy / 玩具,HealRef / 治疗引用,4.0,4,0,,0,,0,,0,,0,,1,1,0,,0,,0,,0,,0,0,0,0,[主动] 右侧相邻的治疗物品+5/10/15/20,null,,减速一件物品2秒,冻结一件物品0.5秒,加速右侧相邻的物品2秒,右侧相邻的物品获得0,此物品的治疗加成翻倍,右侧相邻的物品获得0,右侧相邻的物品获得0,此物品+1多重释放,右侧相邻的治疗物品+50%暴击率,此物品免疫冻结、减速和摧毁,右侧相邻的物品获得0
c20cf1f9-63af-4672-92de-08a6e6110e43,Seashadow,海影宝驹,Item / 物品,Medium / 中型,Silver / 白银,Silver/Gold/Diamond,Vanessa / 瓦内莎,Friend / 伙伴 | Vehicle / 载具,Cooldown / 冷却,2.0,2,0,,0,,0,,0,,0,,1,1,0,,0,,0,,0,,0,0,0,0,"[主动] 己方其他物品冷却时间缩短8%
[主动] 此物品的冷却时间延长4000/3000/2000秒",null,此物品的价值翻倍,减速一件物品1秒,冻结一件物品0.5秒,加速一件物品1秒,获得75护盾,治疗75生命值,造成7剧毒,造成7灼烧,此物品+1多重释放,己方物品+25%暴击率,此物品免疫冻结、减速和摧毁,造成75伤害
c25780af-ae03-4fcf-b8ea-a2bd096ec215,Bread Knife,面包刀,Item / 物品,Small / 小型,Silver / 白银,Silver/Gold/Diamond,Jules / 朱尔斯,Weapon / 武器 | Tool / 工具,Damage / 伤害 | Haste / 加速 | RegenRef / 再生引用,4.0,4,0,0,0,,0,,0,,0,,1,1,0,,0,,0,,0,,0,0,0,0,"[主动] 造成伤害，等量于己方生命再生量的两倍
[主动] 加速左侧相邻的食物1/2/3秒",null,此物品的价值翻倍,减速2件物品1秒,冻结一件物品1秒,此物品的加速持续时间翻倍,获得护盾，等量于此物品伤害量,获得治疗，等量于此物品伤害,造成剧毒，等量于此物品伤害的10%,造成灼烧，等量于此物品伤害的10%,此物品+1多重释放,此物品+50%暴击率,此物品免疫冻结、减速和摧毁,此物品的伤害翻倍
c264f900-4482-4f8c-b99d-22a5a529fb2a,Cannonade,火炮阵列,Item / 物品,Large / 大型,Gold / 黄金,Gold/Diamond,Vanessa / 瓦内莎,Weapon / 武器,Damage / 伤害,14.0,14,200,200/400,0,,0,,0,,0,,3,3,0,,0,,0,,0,,0,0,0,0,"[主动] 造成200/400伤害
[被动] 当你使用另一件武器时，充能此物品2秒",null,此物品的价值翻倍,减速一件物品1秒,冻结一件物品0.5秒,加速一件物品1秒,获得护盾，等量于此物品伤害量,获得治疗，等量于此物品伤害,造成剧毒，等量于此物品伤害的10%,造成灼烧，等量于此物品伤害的10%,此物品的充能量翻倍,此物品+50%暴击率,此物品免疫冻结、减速和摧毁,此物品的伤害翻倍
c2a74791-1d79-45bd-841d-2e3f2a61da8f,Hogwash,猪猪洗衣房,Item / 物品,Large / 大型,Silver / 白银,Silver/Gold/Diamond,Pygmalien / 皮格马利翁,Property / 地产,Heal / 治疗 | Health / 生命值,6.0,6/5/4,0,,0,0,0,,0,,0,,1,1,0,,0,,0,,0,,0,0,0,0,"[主动] 获得治疗，等量于最大生命值的10/15/20%
[被动] 当你治疗时，获得50/100/150最大生命值",null,此物品的价值翻倍,减速3件物品1秒,冻结2件物品1秒,加速3件物品1秒,获得护盾，等量于此物品治疗量,此物品的治疗翻倍,造成剧毒，等量于此物品治疗量的10%,造成灼烧，等量于此物品治疗量的10%,此物品+1多重释放,此物品+50%暴击率,此物品免疫冻结、减速和摧毁,造成伤害，等量于此物品治疗量
c2b6e584-b0b0-417d-92c6-e916ca55e3ae,Levitation Pad,悬浮垫,Item / 物品,Small / 小型,Bronze / 青铜,Bronze/Silver/Gold/Diamond,Dooley / 杜利,Tech / 科技,Haste / 加速 | Flying / 飞行,4.0,4,0,,0,,0,,0,,0,,1,1,0,,0,,0,,0,,0,0,0,0,[主动] 使此物品左侧相邻的物品加速1/2/3/4秒并开始飞行,null,此物品的价值翻倍,减速一件物品2秒,冻结一件物品0.5秒,此物品的加速持续时间翻倍,获得30护盾,治疗30生命值,造成3剧毒,造成3灼烧,此物品+1多重释放,此物品左侧相邻的物品+30%暴击率,此物品免疫冻结、减速和摧毁,造成30伤害
c2cc691a-8f35-43be-8951-c65911b08865,Retort,曲颈甑,Item / 物品,Medium / 中型,Bronze / 青铜,Bronze/Silver/Gold/Diamond,Mak / 马克,Tool / 工具,Poison / 剧毒 | EconomyRef / 经济引用,6.0,6,0,,0,,0,,0,,0,,1,1,0,,6,6,0,,0,,0,0,0,0,"[主动] 造成6剧毒
[被动] 本次冒险中每转化过一种原料，此物品+3/4/5/6
[被动] 每天开始时，花费2金币获得一块铅块",null,此物品的价值翻倍,减速2件物品2秒,冻结一件物品1秒,加速2件物品2秒,获得护盾，等量于此物品剧毒的5倍,获得治疗，等量于此物品剧毒的5倍,此物品的剧毒翻倍,造成灼烧，等量于此物品的剧毒,此物品+1多重释放,此物品+50%暴击率,此物品免疫冻结、减速和摧毁,造成伤害，等量于此物品剧毒的5倍
c35bd10f-8ada-44e5-b32e-427787e6f0b6,The Tome of Yyahan,亚罕典籍,Item / 物品,Medium / 中型,Silver / 白银,Silver/Gold/Diamond,Mak / 马克,Relic / 遗物,Regen / 再生,0.0,,0,,0,,0,,0,,0,,0,,0,,0,,0,,0,,0,0,0,0,"[被动] 当你转化原料时，生命再生量永久提高3/6/9
[被动] 每天开始时，获得一件小型原料",null,每天开始时，获得一份松露,每天开始时，获得一份飞蛾粉末,,每天开始时，获得一份云精灵,每天开始时，获得一份废料,每天开始时，获得一份没药,每天开始时，获得一份毒芹,每天开始时，获得一份硫磺,每天开始时，获得一份提纯阳光,每天开始时，获得一份离子闪电,相邻物品受冻结和减速影响的时间减半,每天开始时，获得一份黑曜石碎片
c39c18f9-fe1b-4329-af69-ede09a5da58b,Anaconda,巨蟒,Item / 物品,Large / 大型,Gold / 黄金,Gold/Diamond,Karnok,Friend / 伙伴 | Weapon / 武器 | Vehicle / 载具 | Aquatic / 水系,Damage / 伤害 | RageReference,6.0,6/4,0,0,0,,0,,0,,0,,2,2,0,,0,,0,,0,,0,0,0,0,"[主动] 造成伤害，等量于本场战斗中你获得的怒火总值的两倍
[被动] 当你进入暴怒状态时，此物品+3多重释放。",null,此物品的价值翻倍,减速2件物品1秒,冻结一件物品1秒,加速2件物品1秒,获得护盾，等量于此物品伤害量,获得治疗，等量于此物品伤害,造成剧毒，等量于此物品伤害的10%,造成灼烧，等量于此物品伤害的10%,此物品+1多重释放,此物品+50%暴击率,此物品免疫冻结、减速和摧毁,此物品的伤害翻倍
c39eed44-0e6a-4720-9d70-817b737449ec,Atlas Stone,阿特拉斯之石,Item / 物品,Medium / 中型,Bronze / 青铜,Bronze/Silver/Gold/Diamond,Pygmalien / 皮格马利翁,Weapon / 武器 | Relic / 遗物,Damage / 伤害,8.0,8/7/6/5,20,20,0,,0,,0,,0,,1,1,0,,0,,0,,0,,0,0,0,0,"[主动] 此物品的伤害翻倍
[主动] 造成20伤害",null,此物品的价值翻倍,减速2件物品2秒,冻结一件物品1秒,加速2件物品2秒,获得护盾，等量于此物品伤害量,获得治疗，等量于此物品伤害,造成剧毒，等量于此物品伤害的10%,造成灼烧，等量于此物品伤害的10%,此物品+1多重释放,此物品+50%暴击率,此物品免疫冻结、减速和摧毁,此物品的伤害翻倍
c39f3c39-77d9-49ee-9850-400e7d5fe484,Kinetic Cannon,动能加农炮,Item / 物品,Large / 大型,Gold / 黄金,Gold/Diamond,Dooley / 杜利,Weapon / 武器 | Tech / 科技,Damage / 伤害 | Charge / 充能,8.0,8/7,100,100,0,,0,,0,,0,,1,1,0,,0,,0,,0,,0,0,0,0,"[主动] 造成100伤害
[被动] 当你使用小型物品时，充能己方核心1秒，且此物品获得50/100伤害",null,此物品的价值翻倍,减速3件物品2秒,冻结2件物品1秒,加速3件物品2秒,获得护盾，等量于此物品伤害量,获得治疗，等量于此物品伤害,造成剧毒，等量于此物品伤害的10%,造成灼烧，等量于此物品伤害的10%,此物品+1多重释放,此物品+50%暴击率,此物品免疫冻结、减速和摧毁,此物品的伤害翻倍
c400ec7f-8d7a-4845-9ab4-06bac18ef551,Spice Rack,调料架,Item / 物品,Medium / 中型,Silver / 白银,Silver/Gold/Diamond,Jules / 朱尔斯,Tool / 工具,Crit / 暴击 | CritReference | BurnRef / 灼烧引用,4.0,4,0,,0,,0,,0,,0,,1,1,0,,0,,0,,0,,0,0,0,0,"[主动] 相邻物品+4/8/12%暴击率
[被动] 当相邻物品暴击时，己方物品获得4/8/12",null,此物品的价值翻倍,使用相邻物品造成暴击时，减速1件物品1秒,使用相邻物品造成暴击时，冻结一件物品0.5秒。,使用相邻物品造成暴击时，加速1件物品1秒,使用相邻物品造成暴击时，获得25护盾,使用相邻物品造成暴击时，获得25治疗。,使用相邻物品造成暴击时，造成2剧毒。,此物品的灼烧获取翻倍,此物品+1多重释放,此物品的暴击率加成翻倍,此物品免疫冻结、减速和摧毁,当相邻物品暴击时，造成25伤害
c45a7c22-ae24-4246-bb6c-a83324a8546c,Cosmic Plumage,宇宙炫羽,Item / 物品,Medium / 中型,Silver / 白银,Silver/Gold/Diamond,Common / 通用,Relic / 遗物,Crit / 暴击 | Flying / 飞行 | FlyingRef / 飞行引用,4.0,4,0,,0,,0,,0,,0,,1,1,0,,0,,0,,0,,0,0,0,0,"[主动] 一件物品开始飞行，且己方飞行物品+5/10/15%暴击率
[被动] 当你暴击或使用飞行物品时，充能此物品1秒。",null,此物品的价值翻倍,减速2件物品1秒,冻结一件物品1秒,加速2件物品1秒,获得25护盾,治疗25生命值,造成2剧毒,造成2灼烧,此物品+1多重释放,己方物品+25%暴击率,此物品免疫冻结、减速和摧毁,造成25伤害
c47744c9-d3bd-42ba-ae49-5fbff2f5d785,Parts Picker,零件选择机器人,Item / 物品,Small / 小型,Gold / 黄金,Gold/Diamond,Stelle / 斯黛尔,Drone,Cooldown / 冷却,10.0,10/8,0,,0,,0,,0,,0,,0,,0,,0,,0,,0,,0,0,0,0,"[主动] 摧毁己方最左侧的物品
[被动] 当此物品摧毁物品时，己方其他物品冷却时间缩短1秒",null,此物品的价值翻倍,减速一件物品3秒,冻结一件物品1秒,加速一件物品3秒,获得80护盾,治疗80生命值,造成8剧毒,造成8灼烧,此物品+1多重释放,己方物品+20%暴击率,此物品免疫冻结和减速,造成80伤害
c486ba1a-2661-4ab6-be33-c4a5a4526e35,LavaRoller,熔岩压路机,Item / 物品,Medium / 中型,Gold / 黄金,Gold/Diamond,Stelle / 斯黛尔,Vehicle / 载具,Burn / 灼烧,8.0,8/6,0,,0,,0,,0,,0,,1,1,50,50/100,0,,0,,0,,0,0,0,0,"[主动] 摧毁一件相邻物品
[主动] 造成50/100灼烧
[被动] 当你摧毁物品时，此物品获得50/100",null,此物品的价值翻倍,减速2件物品2秒,冻结一件物品1秒,加速2件物品2秒,获得护盾，等量于此物品灼烧的5倍,获得治疗，等量于此物品灼烧的5倍,造成剧毒，等量于此物品灼烧,此物品的灼烧翻倍,此物品+1多重释放,此物品+50%暴击率,此物品免疫冻结、减速和摧毁,造成伤害，等量于此物品灼烧的5倍
c4bd78e4-77c1-4d94-b8be-b6630e811d44,Keylogger,键盘记录器,Item / 物品,Small / 小型,Silver / 白银,Silver/Gold/Diamond,Dooley / 杜利,Tech / 科技,PoisonRef / 剧毒引用,7.0,7,0,,0,,0,,0,,0,,1,1,0,,0,,0,,0,,0,0,0,0,"[主动] 相邻物品获得2/4/3
[被动] 敌人使用物品时，充能此物品1秒",null,此物品的价值翻倍,减速一件物品1秒,冻结一件物品0.5秒,加速一件物品1秒,相邻物品获得0,相邻物品获得0,此物品的剧毒获取翻倍,相邻物品获得0,此物品+1多重释放,相邻物品+30%暴击率,此物品免疫冻结、减速和摧毁,相邻物品获得0
c5362859-48d7-4f5e-84ed-f8430b84a8ae,Flashbang,闪光弹,Item / 物品,Small / 小型,Silver / 白银,Silver/Gold/Diamond,Stelle / 斯黛尔,,Slow / 减速,6.0,6,0,,0,,0,,0,,0,,1,1,0,,0,,0,,0,,0,0,0,0,"[主动] 减速敌人所有物品1/2/3秒
[主动] 摧毁此物品",null,此物品的价值翻倍,此物品的减速持续时间翻倍,冻结一件物品1秒,加速一件物品4秒,获得150护盾,治疗150生命值,造成15剧毒,造成15灼烧,此物品+1多重释放,己方物品+10%暴击率,此物品免疫冻结、减速和摧毁,造成150伤害
c53eff8b-0407-4e8c-adaf-70b2a66b3528,Gumball Machine,口香糖球贩售机,Item / 物品,Medium / 中型,Silver / 白银,Silver/Gold/Diamond,Pygmalien / 皮格马利翁,Toy / 玩具,Shield / 护盾 | Gold / 金币,5.0,5,0,,0,,0,0,0,,0,,1,1,0,,0,,0,,0,,0,0,0,0,"[主动] 储存箱中每有一件小型物品，获得10/20/30护盾
[被动] 每小时开始时，花费1金币获得一颗口香糖球。",null,可以免费获得口香糖球了！,减速2件物品1秒,冻结一件物品1秒,加速2件物品1秒,此物品的护盾翻倍,获得治疗，等量于此物品护盾值,造成剧毒，等量于此物品护盾值的10%,造成灼烧，等量于此物品护盾值的10%,此物品+1多重释放,此物品+50%暴击率,此物品免疫冻结、减速和摧毁,造成伤害，等量于此物品护盾
c553a41a-1e8a-48c5-8b04-df60451b7795,Emerald,翡翠,Item / 物品,Small / 小型,Bronze / 青铜,Bronze/Silver/Gold/Diamond,Mak / 马克,Relic / 遗物,Poison / 剧毒,7.0,7,0,,0,,0,,0,,0,,1,1,0,,2,2/3/4/5,0,,0,,0,0,0,0,"[主动] 造成2/3/4/5剧毒
[被动] 己方物品+2/3/4/5",null,此物品的价值翻倍,减速一件物品3秒,冻结一件物品0.5秒,加速一件物品3秒,己方物品+0,己方物品+0,此物品的剧毒加成翻倍,己方物品+0,此物品+1多重释放,此物品+50%暴击率,此物品免疫冻结、减速和摧毁,己方物品+0
c600d27d-0df0-4f05-a2ab-4a64a0d9fa32,The Eclipse,日蚀号,Item / 物品,Large / 大型,Legendary / 传奇,Diamond/Legendary,Common / 通用,Weapon / 武器 | Vehicle / 载具 | Tech / 科技,Damage / 伤害,16.0,15/16,100,100,0,,0,,0,,0,,1,1,0,,0,,0,,0,,0,0,0,0,"[主动] 使用己方所有其他物品
[被动] 使用物品时，造成100伤害。
[被动] 每场战斗中首次生命值降至一半以下时，使用此物品",null,此物品的价值翻倍,减速3件物品4秒,冻结3件物品1秒,加速3件物品4秒,使用物品时，获得护盾，等量于此物品伤害。,使用物品时，获得治疗，等量于此物品伤害。,使用物品时，造成剧毒，等量于此物品伤害的10%。,使用物品时，造成灼烧，等量于此物品伤害的10%。,此物品+1多重释放,己方物品+30%暴击率,此物品免疫冻结、减速和摧毁,此物品的伤害翻倍
c61942c5-71b4-4761-9bfa-745107aa9cc3,Smelling Salts,嗅盐,Item / 物品,Small / 小型,Bronze / 青铜,Bronze/Silver/Gold/Diamond,Mak / 马克,,Slow / 减速 | Haste / 加速,7.0,7,0,,0,,0,,0,,0,,1,1,0,,0,,0,,0,,0,0,0,0,"[主动] 减速一件物品1/2/3/4秒
[被动] 当此物品或相邻物品触发减速时，加速左侧相邻的物品1/2/3/4秒",null,此物品的价值翻倍,此物品的减速持续时间翻倍,此物品或相邻物品触发减速时，冻结一件物品0.5秒,此物品的加速持续时间翻倍,此物品或相邻物品触发减速时，获得10护盾,此物品或相邻物品触发减速时，获得10治疗,此物品或相邻物品触发减速时，造成1剧毒,此物品或相邻物品触发减速时，造成1灼烧,此物品+1多重释放,己方物品+20%暴击率,此物品免疫冻结、减速和摧毁,此物品或相邻物品触发减速时，造成10伤害
c6433adf-cebc-4b6a-9172-3d7b36f6b428,Binoculars,望远镜,Item / 物品,Small / 小型,Bronze / 青铜,Bronze/Silver/Gold/Diamond,Stelle / 斯黛尔,Tool / 工具,CritReference | FlyingRef / 飞行引用,0.0,,0,,0,,0,,0,,0,,0,,0,,0,,0,,0,,0,0,0,0,[被动] 使用飞行物品时，一件物品+5/10/15/20%暴击率,null,此物品的价值翻倍,此物品暴击时，减速一件物品1秒,此物品暴击时，冻结一件物品0.5秒,此物品暴击时，加速一件物品1秒,此物品暴击时，获得20护盾,此物品暴击时，获得20治疗,此物品暴击时，造成2剧毒,此物品暴击时，造成2灼烧,此物品的暴击率加成翻倍,此物品的暴击率加成翻倍,相邻物品受冻结和减速影响的时间减半,此物品暴击时，造成20伤害
c65da89e-3504-40e7-87a8-10defcb7f07b,Nesting Doll,套娃,Item / 物品,Small / 小型,Silver / 白银,Silver/Gold/Diamond,Vanessa / 瓦内莎,Toy / 玩具,Shield / 护盾 | Ammo / 弹药,2.0,2,0,,0,,0,0,8,8,0,,1,1,0,,0,,0,,0,,0,0,0,0,"[主动] 获得护盾，等量于此物品弹药量
[主动] 弹药: 8
[被动] 每天开始时，此物品永久获得1/2/3最大弹药量",null,此物品的价值翻倍,减速一件物品1秒,冻结一件物品0.5秒,加速一件物品1秒,此物品的护盾翻倍,获得治疗，等量于此物品弹药数量,造成剧毒，等量于此物品护盾值的10%,造成灼烧，等量于此物品护盾值的10%,此物品+1多重释放,此物品+50%暴击率,此物品免疫冻结、减速和摧毁,造成伤害，等量于此物品护盾
c65e6801-7d3d-43e0-907e-ff7260efaf58,Floor Spike,地刺陷阱,Item / 物品,Small / 小型,Bronze / 青铜,Bronze/Silver/Gold/Diamond,Mak / 马克,Weapon / 武器 | Trap,Damage / 伤害 | Poison / 剧毒,9.0,9/8/7/6,20,20,0,,0,,0,,0,,1,1,0,,2,2,0,,0,,0,0,0,0,"[主动] 造成20伤害
[主动] 造成2剧毒
[被动] 当任意一方玩家使用武器时，充能此物品1秒",null,此物品的价值翻倍,减速一件物品1秒,冻结一件物品0.5秒,加速一件物品1秒,获得护盾，等量于此物品伤害量,获得治疗，等量于此物品伤害,此物品的剧毒翻倍,造成灼烧，等量于此物品的剧毒,此物品+1多重释放,此物品+50%暴击率,此物品免疫冻结、减速和摧毁,此物品的伤害翻倍
c6ab4982-da6c-4a1a-934d-820c45014646,Electric Eels,电鳗,Item / 物品,Large / 大型,Gold / 黄金,Gold/Diamond,Vanessa / 瓦内莎,Aquatic / 水系 | Weapon / 武器 | Friend / 伙伴,Damage / 伤害 | Slow / 减速,7.0,7/6,100,100,0,,0,,0,,0,,1,1,0,,0,,0,,0,,0,0,0,0,"[主动] 造成100伤害
[主动] 减速一件物品1秒
[被动] 敌人使用物品时，充能此物品2秒",null,,此物品的减速持续时间翻倍,冻结一件物品1秒,加速2件物品1秒,获得护盾，等量于此物品伤害量,获得治疗，等量于此物品伤害,造成剧毒，等量于此物品伤害的10%,造成灼烧，等量于此物品伤害的10%,此物品+1多重释放,此物品+50%暴击率,此物品免疫冻结、减速和摧毁,此物品的伤害翻倍
c6c9d2dd-7463-4171-83a9-4a1c2a83edb8,Vortex Cannon,漩涡加农炮,Item / 物品,Large / 大型,Gold / 黄金,Gold/Diamond,Stelle / 斯黛尔,Weapon / 武器 | Tech / 科技,Damage / 伤害 | Flying / 飞行 | FlyingRef / 飞行引用,5.0,5/4,50,50,0,,0,,0,,0,,1,1,0,,0,,0,,0,,0,0,0,0,"[主动] 造成50伤害
[主动] 所有物品开始飞行
[被动] 当任意一方玩家使用飞行物品时，此物品获得30/50",null,此物品的价值翻倍,减速3件物品1秒,冻结2件物品1秒,加速3件物品1秒,获得护盾，等量于此物品伤害量,获得治疗，等量于此物品伤害,造成剧毒，等量于此物品伤害的10%,造成灼烧，等量于此物品伤害的10%,此物品+1多重释放,此物品+50%暴击率,此物品免疫冻结、减速和摧毁,此物品的伤害翻倍
c6cddb71-fa3a-43eb-8946-e71e139df8fa,Terry-Dactyl,特里翼龙,Item / 物品,Large / 大型,Gold / 黄金,Gold/Diamond,Dooley / 杜利,Friend / 伙伴 | Dinosaur / 恐龙 | Weapon / 武器,Damage / 伤害 | Flying / 飞行 | FlyingRef / 飞行引用,14.0,14/10,800,800/1600,0,,0,,0,,0,,1,1,0,,0,,0,,0,,0,0,0,0,"[主动] 此物品开始或停止飞行
[被动] 此物品停止飞行时，造成800/1600伤害
[被动] 当你使用恐龙或飞行物品时，充能此物品2秒",null,此物品的价值翻倍,此物品停止飞行时，减速敌方所有物品2秒,此物品停止飞行时，冻结敌方所有物品1秒,此物品停止飞行时，加速己方物品2秒,此物品停止飞行时，获得护盾，等量于此物品伤害,此物品停止飞行时，获得治疗，等量于此物品伤害,此物品停止飞行时，造成剧毒，等量于此物品伤害的10%,此物品停止飞行时，造成灼烧，等量于此物品伤害的10%,此物品的充能量翻倍,己方飞行物品+50%暴击率,此物品免疫冻结、减速和摧毁,此物品的伤害翻倍
c74239b9-563c-4672-b664-9c9f22329f19,Cannon,火炮,Item / 物品,Medium / 中型,Bronze / 青铜,Bronze/Silver/Gold/Diamond,Vanessa / 瓦内莎,Weapon / 武器,Damage / 伤害 | Ammo / 弹药 | Burn / 灼烧,4.0,4,40,40/80/120/160,0,,0,,2,2,0,,1,1,0,0,0,,0,,0,,0,0,0,0,"[主动] 造成40/80/120/160伤害
[主动] 造成灼烧，等量于此物品伤害的10%
[主动] 弹药: 2",null,此物品的价值翻倍,减速2件物品2秒,冻结一件物品1秒,加速2件物品2秒,获得护盾，等量于此物品伤害量,获得治疗，等量于此物品伤害,造成剧毒，等量于此物品灼烧,此物品的灼烧翻倍,此物品+1多重释放,此物品+50%暴击率,此物品免疫冻结、减速和摧毁,此物品的伤害翻倍
c7432844-9341-411b-8a1f-8662d46c181f,Large Package,大型包裹,Item / 物品,Large / 大型,Bronze / 青铜,Bronze/Silver/Gold/Diamond,Common / 通用,,,0.0,,0,,0,,0,,0,,0,,0,,0,,0,,0,,0,,0,0,0,0,[主动] 这是一个大型物品模板,null,,,,,,,,,,,,
c7435ab5-dd8b-4c78-a5a4-6b2795dacaf3,Chum,鱼饵,Item / 物品,Small / 小型,Bronze / 青铜,Bronze/Silver/Gold/Diamond,Vanessa / 瓦内莎,Aquatic / 水系 | Food / 食物,Crit / 暴击,4.0,4,0,,0,,0,,0,,0,,1,1,0,,0,,0,,0,,0,0,0,0,"[主动] 己方水系物品+3/6/9/12%暴击率
[被动] 当你购买此物品时，获得一件水虎鱼",null,此物品的价值翻倍,减速一件物品2秒,冻结一件物品0.5秒,加速一件物品2秒,获得30护盾,治疗30生命值,造成3剧毒,造成3灼烧,此物品+1多重释放,此物品的暴击率加成翻倍,此物品免疫冻结、减速和摧毁,己方水系武器获得5
c7c21196-e41e-4569-a579-25826648cdc6,GRN-W4SP,机械绿马蜂,Item / 物品,Small / 小型,Bronze / 青铜,Bronze/Silver/Gold/Diamond,Dooley / 杜利,Friend / 伙伴,Poison / 剧毒 | FreezeRef / 冻结引用 | SlowRef / 减速引用,8.0,8/7/6/5,0,,0,,0,,0,,0,,1,1,0,,6,6/8/10/12,0,,0,,0,0,0,0,"[主动] 造成6/8/10/12剧毒
[被动] 当相邻物品减速或冻结时，充能此物品1秒",null,此物品的价值翻倍,减速一件物品1秒,冻结一件物品0.5秒,加速一件物品1秒,获得护盾，等量于此物品剧毒的5倍,获得治疗，等量于此物品剧毒的5倍,此物品的剧毒翻倍,造成灼烧，等量于此物品的剧毒,此物品+1多重释放,此物品+50%暴击率,此物品免疫冻结、减速和摧毁,造成伤害，等量于此物品剧毒的5倍
c7fc7738-bc2a-48ea-9665-f12765975671,Nanobot Blue,,Item / 物品,Small / 小型,Silver / 白银,Silver/Gold/Diamond,Common / 通用,Friend / 伙伴 | Weapon / 武器,Damage / 伤害,6.0,6,0,0,0,,0,,0,,0,,1,1,0,,0,,0,,0,,0,0,0,0,"[主动] Deal 15/20/25 Damage for each Friend you have
[被动] 每有一件相邻的伙伴物品，此物品的冷却时间缩短1000秒",null,,减速一件物品3秒,冻结一件物品0.5秒,加速一件物品3秒,获得护盾，等量于此物品伤害量,获得治疗，等量于此物品伤害,造成剧毒，等量于此物品伤害的10%,造成灼烧，等量于此物品伤害的10%,此物品+1多重释放,此物品+50%暴击率,此物品免疫冻结、减速和摧毁,此物品的伤害翻倍
c8a322c7-a8f9-49e3-90e5-3a348d0fe5fc,Bottled Tornado,瓶装龙卷风,Item / 物品,Small / 小型,Silver / 白银,Silver/Gold/Diamond,Mak / 马克,Potion / 药水,Ammo / 弹药 | Slow / 减速,5.0,5,0,,0,,0,,1,1,0,,1,1,0,,0,,0,,0,,0,0,0,0,"[主动] 沙尘暴来袭！
[主动] 减速1/2/3件物品3秒
[主动] 弹药: 1",null,此物品的价值翻倍,此物品的减速持续时间翻倍,冻结一件物品0.5秒,加速一件物品3秒,获得80护盾,治疗80生命值,造成8剧毒,造成8灼烧,此物品+1多重释放,己方物品+50%暴击率,此物品免疫冻结、减速和摧毁,造成80伤害
c8abacb3-3d98-4266-9842-775a5683ac8c,Pantry,储粮柜,Item / 物品,Large / 大型,Diamond / 钻石,Diamond,Jules / 朱尔斯,Property / 地产,Charge / 充能,0.0,,0,,0,,0,,0,,0,,0,,0,,0,,0,,0,,0,0,0,0,"[被动] 当你使用食物时，充能另一件食物2秒
[被动] 每天开始时，获得一件来自任意英雄的小型或中型食物",null,此物品的价值翻倍,使用食物时，减速一件物品1秒,使用食物时，冻结一件物品0.5秒,使用食物时，加速一件物品1秒,当你使用食物时，获得30护盾,当你使用食物时，获得30治疗,当你使用食物时，造成3剧毒,当你使用食物时，造成3灼烧,此物品的充能量翻倍,己方食物+50%暴击率,己方食物所受冻结和减速持续时间减半,当你使用食物时，造成30伤害
c8daaaa2-e652-465a-8d5b-718c33674f0c,Angle Grinder Drone,角磨无人机,Item / 物品,Small / 小型,Bronze / 青铜,Bronze/Silver/Gold/Diamond,Stelle / 斯黛尔,Weapon / 武器 | Tool / 工具 | Drone,Damage / 伤害 | Flying / 飞行,5.0,5,10,10/20/40/80,0,,0,,0,,0,,1,1,0,,0,,0,,0,,0,0,0,0,"[主动] 一个工具或无人机开始飞行
[主动] 造成10/20/40/80伤害",null,此物品的价值翻倍,减速一件物品2秒,冻结一件物品0.5秒,加速一件物品2秒,获得护盾，等量于此物品伤害量,获得治疗，等量于此物品伤害,造成剧毒，等量于此物品伤害的10%,造成灼烧，等量于此物品伤害的10%,此物品+1多重释放,此物品+50%暴击率,此物品免疫冻结、减速和摧毁,此物品的伤害翻倍
c8e95316-8a46-43cd-8fc7-09ce609e8b38,MagShield,磁力护盾,Item / 物品,Large / 大型,Gold / 黄金,Gold/Diamond,Stelle / 斯黛尔,Property / 地产,Flying / 飞行 | FlyingRef / 飞行引用 | Shield / 护盾,5.0,5,0,,0,,100,100/200,0,,0,,1,1,0,,0,,0,,0,,0,0,0,0,"[主动] 其他物品开始或停止飞行
[被动] 当己方物品开始飞行时，获得100/200护盾",null,此物品的价值翻倍,当己方物品开始飞行时，减速一件物品1秒,当己方物品开始飞行时，冻结一件物品0.5秒,己方物品开始飞行时，加速一件物品1秒,此物品的护盾翻倍,己方物品开始飞行时，获得治疗，等量于此物品护盾,己方物品开始飞行时，造成剧毒，等量于此物品护盾值的10%,己方物品开始飞行时，造成灼烧，等量于此物品护盾值的10%,此物品+1多重释放,己方物品+40%暴击率,此物品免疫冻结、减速和摧毁,己方物品开始飞行时，造成伤害，等量于此物品护盾
c905d622-051e-4250-934c-3acb82c3ab35,Dragon Steak,巨龙肉排,Item / 物品,Medium / 中型,Gold / 黄金,Gold/Diamond,Jules / 朱尔斯,Food / 食物 | Dragon / 龙,Burn / 灼烧 | CritReference | HeatedReference,7.0,7/5,0,,0,,0,,0,,0,,0,,10,10,0,,0,,0,,0,0,0,0,"[主动] 造成10灼烧
[被动] 高温时：此物品+灼烧，等量于其暴击率",null,此物品的价值翻倍,减速2件物品2秒,冻结一件物品1秒,加速2件物品2秒,获得护盾，等量于此物品灼烧的5倍,获得治疗，等量于此物品灼烧的5倍,造成剧毒，等量于此物品灼烧,此物品的灼烧翻倍,此物品+1多重释放,此物品+50%暴击率,此物品免疫冻结、减速和摧毁,造成伤害，等量于此物品灼烧的5倍
c9140667-2263-4b58-b479-3fec3a3779ba,Bottled Explosion,瓶装爆炸,Item / 物品,Medium / 中型,Gold / 黄金,Gold/Diamond,Mak / 马克,Potion / 药水 | Weapon / 武器,Damage / 伤害 | Ammo / 弹药,7.0,7/6,5,5/10,0,,0,,1,1,0,,1,1,0,,0,,0,,0,,0,0,0,0,"[主动] 此物品的伤害翻倍
[主动] 造成5/10伤害
[主动] 弹药: 1",null,此物品的价值翻倍,减速2件物品2秒,冻结一件物品1秒,加速2件物品2秒,获得护盾，等量于此物品伤害量,获得治疗，等量于此物品伤害,造成剧毒，等量于此物品伤害的10%,造成灼烧，等量于此物品伤害的10%,此物品+1多重释放,此物品+50%暴击率,此物品免疫冻结、减速和摧毁,此物品的伤害翻倍
c926fac8-f9ba-4430-a01a-a71a32c501c7,ATM,自动取款机,Item / 物品,Medium / 中型,Bronze / 青铜,Bronze/Silver/Gold/Diamond,Pygmalien / 皮格马利翁,Property / 地产 | Tech / 科技,Income / 收入 | EconomyRef / 经济引用 | Shield / 护盾,3.0,3,0,,0,,0,0,0,,0,,1,1,0,,0,,0,,0,,0,0,0,0,"[主动] 获得护盾，等量于收入的2/4/6/8倍
[被动] 当你购买此物品时，获得+1/2/3/4收入",null,此物品的收入加成翻倍,减速2件物品1秒,冻结一件物品1秒,加速2件物品1秒,此物品的护盾翻倍,获得治疗，等量于此物品护盾值,造成剧毒，等量于此物品护盾值的10%,造成灼烧，等量于此物品护盾值的10%,此物品+1多重释放,此物品+50%暴击率,此物品免疫冻结、减速和摧毁,造成伤害，等量于此物品护盾
c984adcc-6a42-4b0b-a964-fd64fd2fdaa7,Aerial Turret,空中炮塔,Item / 物品,Medium / 中型,Bronze / 青铜,Bronze/Silver/Gold/Diamond,Stelle / 斯黛尔,Weapon / 武器 | Tech / 科技,Damage / 伤害 | FlyingRef / 飞行引用,7.0,7,15,15/30/60/120,0,,0,,0,,0,,1,1,0,,0,,0,,0,,0,0,0,0,"[主动] 造成15/30/60/120伤害
[主动] 此物品的冷却时间缩短1000秒
[被动] 此物品正在飞行时，此物品+1多重释放",null,此物品的价值翻倍,减速一件物品1秒,冻结一件物品0.5秒,加速一件物品1秒,获得护盾，等量于此物品伤害量,获得治疗，等量于此物品伤害,造成剧毒，等量于此物品伤害的10%,造成灼烧，等量于此物品伤害的10%,此物品+1多重释放,此物品+50%暴击率,此物品免疫冻结、减速和摧毁,此物品的伤害翻倍
c9930f2d-507e-4187-8889-b55bbd88ea18,Robe,长袍,Item / 物品,Medium / 中型,Bronze / 青铜,Bronze/Silver/Gold/Diamond,Pygmalien / 皮格马利翁,Apparel / 服饰,Shield / 护盾 | ShieldRef / 护盾引用,6.0,6/5/4/3,0,,0,,50,50,0,,0,,1,1,0,,0,,0,,0,,0,0,0,0,"[主动] 获得50护盾
[被动] 当你使用非护盾物品时，充能此物品1秒",null,此物品的价值翻倍,减速一件物品1秒,冻结一件物品0.5秒,加速一件物品1秒,此物品的护盾翻倍,获得治疗，等量于此物品护盾值,造成剧毒，等量于此物品护盾值的10%,造成灼烧，等量于此物品护盾值的10%,此物品+1多重释放,此物品+50%暴击率,此物品免疫冻结、减速和摧毁,造成伤害，等量于此物品护盾
c9a88c39-28e0-4618-907d-aec77f44d817,Arken's Ring,阿肯的戒指,Item / 物品,Small / 小型,Diamond / 钻石,Diamond,Common / 通用,Apparel / 服饰,,0.0,,0,,0,,0,,0,,0,,0,,0,,0,,0,,0,,0,0,0,0,[被动] 出售此物品时，恢复5声望,null,,出售此物品时，己方最左侧的减速物品获得200减速持续时间,出售此物品时，己方最左侧的冻结物品获得100冻结持续时间,出售此物品时，己方最左侧的加速物品获得200加速持续时间,出售此物品时，最左侧的护盾物品+10,出售此物品时，最左侧的治疗物品+10,出售此物品时，己方最左侧的剧毒物品获得1,出售此物品时，己方最左侧的灼烧物品获得1,此物品的声望获取值翻倍,出售此物品时，己方最左侧的物品获得2%暴击率,,出售此物品时，己方最左侧武器+10伤害
c9beb35d-e6c6-4e3a-ad2c-1d64db11be07,Signet Ring,徽印戒指,Item / 物品,Small / 小型,Bronze / 青铜,Bronze/Silver/Gold/Diamond,Pygmalien / 皮格马利翁,Apparel / 服饰 | Relic / 遗物,Income / 收入 | Health / 生命值,0.0,,0,,0,,0,,0,,0,,0,,0,,0,,0,,0,,0,0,0,0,"[被动] 每小时开始时，永久获得5/10/15/20最大生命值
[被动] 你的收入+1/2/3/4",null,此物品的收入加成翻倍,,,,,,,,此物品的最大生命值获取值翻倍,,,
c9c9a413-59b3-4fc8-b4ab-dcfac0a44e90,Ganjo,甘卓琴,Item / 物品,Medium / 中型,Bronze / 青铜,Bronze/Silver/Gold/Diamond,Pygmalien / 皮格马利翁,,HealRef / 治疗引用 | ShieldRef / 护盾引用 | DamageRef / 伤害引用,5.0,5,0,,0,,0,,0,,0,,1,1,0,,0,,0,,0,,0,0,0,0,[主动] 相邻物品获得10/15/20/25、10/15/20/25和10/15/20/25,null,此物品的价值翻倍,减速2件物品1秒,冻结一件物品1秒,加速2件物品1秒,此物品的护盾获取值翻倍,此物品的治疗获取值翻倍,相邻物品获得0,相邻物品获得0,此物品+1多重释放,相邻物品获得10%暴击率,此物品免疫冻结、减速和摧毁,此物品的伤害加成翻倍
c9dd4c7b-d2c0-491a-95b6-d1a163e9d755,Balloon Bot,气球机器人,Item / 物品,Medium / 中型,Silver / 白银,Silver/Gold/Diamond,Dooley / 杜利,Friend / 伙伴,Flying / 飞行 | Shield / 护盾 | ShieldRef / 护盾引用,4.0,4,0,,0,,20,20/40/80,0,,0,,1,1,0,,0,,0,,0,,0,0,0,0,"[主动] 获得20/40/80护盾
[主动] 一件小型物品开始飞行
[被动] 当你拥有护盾时，此物品冷却时间缩短2000秒",null,此物品的价值翻倍,减速一件物品1秒,冻结一件物品0.5秒,加速一件物品1秒,此物品的护盾翻倍,获得治疗，等量于此物品护盾值,造成剧毒，等量于此物品护盾值的10%,造成灼烧，等量于此物品护盾值的10%,此物品+1多重释放,此物品+50%暴击率,此物品免疫冻结、减速和摧毁,造成伤害，等量于此物品护盾
c9f75211-7012-418d-b53f-3f5ac5959b62,Bill Dozer,推土比尔,Item / 物品,Large / 大型,Gold / 黄金,Gold/Diamond,Dooley / 杜利,Friend / 伙伴 | Vehicle / 载具 | Weapon / 武器,Damage / 伤害 | Cooldown / 冷却,6.0,6,10,10,0,,0,,0,,0,,1,1,0,,0,,0,,0,,0,0,0,0,"[主动] 造成10伤害
[被动] 当你使用另一件伙伴时，此物品获得40/80伤害
[被动] 己方其他伙伴的冷却时间缩短15/25%",null,此物品的价值翻倍,减速3件物品2秒,冻结一件物品3秒,加速3件物品2秒,获得护盾，等量于此物品伤害量,获得治疗，等量于此物品伤害,造成剧毒，等量于此物品伤害的10%,造成灼烧，等量于此物品伤害的10%,此物品+1多重释放,此物品+50%暴击率,此物品免疫冻结、减速和摧毁,此物品的伤害翻倍
ca45968e-c996-412b-b359-7bfc3e70e893,Epicurean Chocolate,美食家巧克力,Item / 物品,Medium / 中型,Bronze / 青铜,Bronze/Silver/Gold/Diamond,Common / 通用,Food / 食物,DamageRef / 伤害引用 | Ammo / 弹药,4.0,4,0,,0,,0,,10,10,0,,1,1,0,,0,,0,,0,,0,0,0,0,"[主动] 相邻武器永久获得2/3/4/5
[主动] 此物品永久失去1最大弹药量
[主动] 弹药: 10
[被动] 每场战斗结束时，如果此物品没有弹药，则将其永久摧毁",null,,,,,,,,,,,,
ca77281c-f912-4db3-86ce-64842a4ccdaa,Cog,齿轮,Item / 物品,Small / 小型,Bronze / 青铜,Bronze/Silver/Gold/Diamond,Dooley / 杜利,Relic / 遗物,Haste / 加速,4.0,4,0,,0,,0,,0,,0,,1,1,0,,0,,0,,0,,0,0,0,0,[主动] 加速一件相邻物品1/2/3/4秒,null,此物品的价值翻倍,减速一件物品1秒,冻结一件物品0.5秒,此物品的加速持续时间翻倍,获得30护盾,治疗30生命值,造成3剧毒,造成3灼烧,此物品+1多重释放,一件相邻物品获得20%暴击率,此物品免疫冻结、减速和摧毁,造成30伤害
cae6a187-7e4e-40fb-989b-4b84d59bda24,Kusarigama,锁镰,Item / 物品,Small / 小型,Silver / 白银,Silver/Gold/Diamond,Vanessa / 瓦内莎,Weapon / 武器 | Tech / 科技,Damage / 伤害 | CritReference | SlowRef / 减速引用,5.0,5,4,4/8/12,0,,0,,0,,0,,1,1,0,,0,,0,,0,,0,0,0,0,"[主动] 造成4/8/12伤害
[被动] 触发减速或暴击时，此物品和相邻武器获得4/8/12",null,此物品的价值翻倍,减速一件物品2秒,冻结一件物品0.5秒,加速一件物品2秒,获得护盾，等量于此物品伤害量,获得治疗，等量于此物品伤害,造成剧毒，等量于此物品伤害的10%,造成灼烧，等量于此物品伤害的10%,此物品+1多重释放,此物品+50%暴击率,此物品免疫冻结、减速和摧毁,此物品的伤害翻倍
cb16b205-785f-4ebe-80ae-c69f95942023,Stretch Pants,弹力裤,Item / 物品,Medium / 中型,Bronze / 青铜,Bronze/Silver/Gold/Diamond,Karnok,Apparel / 服饰,Shield / 护盾 | Heal / 治疗 | RageReference,6.0,6/5/4/3,0,,10,10,10,10,0,,0,,2,2,0,,0,,0,,0,,0,0,0,0,"[主动] 治疗10
[主动] 获得10护盾
[被动] 当你进入暴怒状态时，此物品+1多重释放",null,此物品的价值翻倍,减速一件物品1秒,冻结一件物品0.5秒,加速一件物品1秒,此物品的护盾翻倍,此物品的治疗翻倍,造成剧毒，等量于此物品护盾值的10%,造成灼烧，等量于此物品护盾值的10%,此物品+1多重释放,此物品+50%暴击率,此物品免疫冻结、减速和摧毁,造成伤害，等量于此物品护盾
cb519fbf-1f2c-4dd1-ba9b-3dc031fd7cbe,Refractor,折射棱镜,Item / 物品,Medium / 中型,Bronze / 青铜,Bronze/Silver/Gold/Diamond,Mak / 马克,Weapon / 武器,Damage / 伤害 | PoisonRef / 剧毒引用 | BurnRef / 灼烧引用 | SlowRef / 减速引用 | FreezeRef / 冻结引用,6.0,6,20,20,0,,0,,0,,0,,1,1,0,,0,,0,,0,,0,0,0,0,"[主动] 造成20伤害
[被动] 触发减速、冻结、灼烧或剧毒时，此物品获得10/20/30/40伤害",null,此物品的价值翻倍,减速2件物品2秒,冻结一件物品1秒,加速2件物品2秒,获得护盾，等量于此物品伤害量,获得治疗，等量于此物品伤害,造成剧毒，等量于此物品伤害的10%,造成灼烧，等量于此物品伤害的10%,此物品+1多重释放,此物品+50%暴击率,此物品免疫冻结、减速和摧毁,此物品的伤害翻倍
cb684d78-9065-4b68-a02f-0e08ecdf5df4,Prep Station,制备工作台,Item / 物品,Medium / 中型,Bronze / 青铜,Bronze/Silver/Gold/Diamond,Jules / 朱尔斯,Tool / 工具,Charge / 充能 | ShieldRef / 护盾引用 | BurnRef / 灼烧引用 | RegenRef / 再生引用,7.0,7,0,,0,,0,,0,,0,,1,1,0,,0,,0,,0,,0,0,0,0,"[主动] 己方食物获得5/10/15/20、1/2/3/4和1/2/3/4
[被动] 当你使用相邻工具时，充能此物品2秒",null,此物品的价值翻倍,减速一件物品1秒,冻结一件物品0.5秒,加速一件物品1秒,此物品的护盾获取值翻倍,己方食物获得0,己方食物获得0,此物品的灼烧获取翻倍,此物品+1多重释放,己方食物+40%暴击率,此物品免疫冻结、减速和摧毁,己方食物获得0
cb6b104e-3173-471d-8dce-80b78675b680,Gorgon Spore,戈尔贡孢子,Item / 物品,Small / 小型,Bronze / 青铜,Bronze/Silver/Gold/Diamond,Common / 通用,,Poison / 剧毒,0.0,,0,,0,,0,,0,,0,,0,,0,,6,6/9/12/15,0,,0,,0,0,0,0,[被动] 每场战斗开始时，造成6/9/12/15剧毒,null,此物品的价值翻倍,每场战斗开始时，减速一件物品4秒,每场战斗开始时，冻结一件物品2秒,每场战斗开始时，加速一件物品4秒,每场战斗开始时，获得护盾，等量于此物品剧毒的5倍,每场战斗开始时，获得6治疗,此物品的剧毒翻倍,每场战斗开始时，造成灼烧，等量于此物品的剧毒,,,,每场战斗开始时，造成伤害，等量于此物品剧毒的5倍
cb766f97-21b4-43b9-af0e-c47bc7a3b4fd,Singularity,奇点,Item / 物品,Small / 小型,Legendary / 传奇,Diamond/Legendary,Common / 通用,,,8.0,8,0,,0,,0,,0,,0,,1,1,0,,0,,0,,0,,0,0,0,0,[主动] 摧毁敌人的一件物品,null,此物品的价值翻倍,减速一件物品4秒,冻结一件物品1秒,加速一件物品4秒,获得60护盾,治疗60生命值,造成6剧毒,造成6灼烧,此物品+1多重释放,己方物品+20%暴击率,此物品免疫冻结、减速和摧毁,造成60伤害
cbe0436a-3573-4bbb-968b-9bb61343c2a7,Flail,链枷,Item / 物品,Medium / 中型,Bronze / 青铜,Bronze/Silver/Gold/Diamond,Pygmalien / 皮格马利翁,Weapon / 武器,Damage / 伤害,8.0,8/7/6/5,20,20,0,,0,,0,,0,,3,3,0,,0,,0,,0,,0,0,0,0,[主动] 造成20伤害,null,此物品的价值翻倍,减速一件物品1秒,冻结一件物品0.5秒,加速一件物品1秒,获得护盾，等量于此物品伤害量,获得治疗，等量于此物品伤害,造成剧毒，等量于此物品伤害的10%,造成灼烧，等量于此物品伤害的10%,此物品的伤害翻倍,此物品+50%暴击率,此物品免疫冻结、减速和摧毁,此物品的伤害翻倍
cbec1d5f-096e-49d0-b736-60091fd3f9aa,Teddy,泰迪熊,Item / 物品,Medium / 中型,Legendary / 传奇,Diamond/Legendary,Common / 通用,Weapon / 武器 | Friend / 伙伴 | Toy / 玩具,Damage / 伤害 | AmmoRef / 弹药引用,0.0,9,0,100,0,,0,,0,,0,25,0,2,0,,0,,0,,0,,0,0,0,0,"[主动] 造成100伤害
[被动] 当你使用另一件玩具、伙伴或弹药物品时，充能此物品1秒",null,此物品的价值翻倍,减速2件物品1秒,冻结一件物品1秒,加速2件物品1秒,获得护盾，等量于此物品伤害量,获得治疗，等量于此物品伤害,造成剧毒，等量于此物品伤害的10%,造成灼烧，等量于此物品伤害的10%,此物品+1多重释放,此物品+50%暴击率,此物品免疫冻结、减速和摧毁,此物品的伤害翻倍
cc0c3ddc-c4c4-4b2a-beb4-142973639f44,Pulse Rifle,脉冲步枪,Item / 物品,Medium / 中型,Bronze / 青铜,Bronze/Silver/Gold/Diamond,Dooley / 杜利,Weapon / 武器 | Tech / 科技,Damage / 伤害,5.0,5,15,15/30/60/120,0,,0,,0,,0,,1,1,0,,0,,0,,0,,0,0,0,0,"[主动] 造成15/30/60/120伤害
[被动] 如果此物品与伙伴相邻，此物品+1多重释放。如果该伙伴是你唯一的伙伴，效果翻倍。",null,此物品的价值翻倍,减速一件物品1秒,冻结一件物品0.5秒,加速一件物品1秒,获得护盾，等量于此物品伤害量,获得治疗，等量于此物品伤害,造成剧毒，等量于此物品伤害的10%,造成灼烧，等量于此物品伤害的10%,此物品+1多重释放,此物品+50%暴击率,此物品免疫冻结、减速和摧毁,此物品的伤害翻倍
cc25c553-c676-4b7b-a6a0-509da0512614,Library,图书馆,Item / 物品,Large / 大型,Gold / 黄金,Gold/Diamond,Mak / 马克,Property / 地产,Cooldown / 冷却,0.0,,0,,0,,0,,0,,0,,0,,0,,0,,0,,0,,0,0,0,0,"[被动] 所有武器冷却时间延长1000/1500秒
[被动] 己方非武器物品的冷却时间缩短1000/1500秒",null,此物品的价值翻倍,当你使用非武器物品时，减速一件物品1秒,当你使用非武器物品时，冻结一件物品0.5秒,当你使用非武器物品时，加速一件物品1秒,当你使用非武器物品时，获得30护盾,当你使用非武器物品时，获得30治疗,当你使用非武器物品时，造成3剧毒,当你使用非武器物品时，造成3灼烧,此物品的冷却时间延长和缩短效果+1秒,己方非武器物品+50%暴击率,己方非武器物品受到冻结和减速的时间减半,当你使用非武器物品时，造成30伤害
cd06b93f-ed76-40ac-a3f5-0cbb7fcc5aac,Volcanic Vents,海底热泉,Item / 物品,Medium / 中型,Bronze / 青铜,Bronze/Silver/Gold/Diamond,Vanessa / 瓦内莎,Aquatic / 水系,Burn / 灼烧,7.0,7,0,,0,,0,,0,,0,,3,3,3,3/6/9/12,0,,0,,0,,0,0,0,0,[主动] 造成3/6/9/12灼烧,null,此物品的价值翻倍,减速一件物品1秒,冻结一件物品0.5秒,加速一件物品1秒,获得护盾，等量于此物品灼烧的5倍,获得治疗，等量于此物品灼烧的5倍,造成剧毒，等量于此物品灼烧,此物品的灼烧翻倍,此物品+1多重释放,此物品+50%暴击率,此物品免疫冻结、减速和摧毁,造成伤害，等量于此物品灼烧的5倍
cd651487-174f-49dd-9022-c27e1fcd2f7c,Rune Axe,符文手斧,Item / 物品,Small / 小型,Bronze / 青铜,Bronze/Silver/Gold/Diamond,Common / 通用,Weapon / 武器 | Relic / 遗物,Damage / 伤害,6.0,6,15,15/30/60/120,0,,0,,0,,0,,1,1,0,,0,,0,,100,100,0,0,0,0,"[主动] 造成15/30/60/120伤害
[被动] 出售此物品时，己方武器伤害提高+1/2/3/4。",null,此物品的价值翻倍,减速一件物品3秒,冻结一件物品0.5秒,加速一件物品3秒,获得护盾，等量于此物品伤害量,获得治疗，等量于此物品伤害,造成剧毒，等量于此物品伤害的10%,造成灼烧，等量于此物品伤害的10%,此物品+1多重释放,此物品+50%暴击率,此物品免疫冻结、减速和摧毁,此物品的伤害翻倍
cda40a45-8703-4347-8f4e-7fd460b2ac57,Dryad,树精,Item / 物品,Medium / 中型,Bronze / 青铜,Bronze/Silver/Gold/Diamond,Karnok,Friend / 伙伴,Heal / 治疗 | RageReference | Charge / 充能,7.0,7/6/5/4,0,,30,30,0,,0,,0,,0,,0,,0,,0,,0,,0,0,0,0,"[主动] 治疗30生命值
[被动] 当你使用其他物品时，充能此物品1秒
[被动] 当你进入暴怒状态时，此物品的充能量增加1秒",null,此物品的价值翻倍,减速一件物品1秒,冻结一件物品0.5秒,加速一件物品1秒,获得护盾，等量于此物品治疗量,此物品的治疗翻倍,造成剧毒，等量于此物品治疗量的10%,造成灼烧，等量于此物品治疗量的10%,此物品+1多重释放,此物品+50%暴击率,此物品免疫冻结、减速和摧毁,造成伤害，等量于此物品治疗量
cdea14ac-23d0-43c2-95b3-12cedab1795a,Hot Stones,滚烫石块,Item / 物品,Small / 小型,Bronze / 青铜,Bronze/Silver/Gold/Diamond,Pygmalien / 皮格马利翁,,Burn / 灼烧 | Health / 生命值,4.0,4,0,,0,,0,,0,,0,,1,1,4,4/6/8/10,0,,0,,0,,0,0,0,0,"[主动] 造成4/6/8/10灼烧
[主动] 己方+最大生命值，增幅等于2/3/4/5乘以此物品的灼烧",null,此物品的价值翻倍,减速一件物品2秒,冻结一件物品0.5秒,加速一件物品2秒,获得护盾，等量于此物品灼烧的5倍,获得治疗，等量于此物品灼烧的5倍,造成剧毒，等量于此物品灼烧,此物品的灼烧翻倍,此物品+1多重释放,此物品+50%暴击率,此物品免疫冻结、减速和摧毁,造成伤害，等量于此物品灼烧的5倍
cdf39547-ab9b-4c90-bfec-db12c0c9a514,Foundation Robe,基底长袍,Item / 物品,Medium / 中型,Legendary / 传奇,Diamond,Common / 通用,Apparel / 服饰 | Relic / 遗物,RegenRef / 再生引用 | DamageRef / 伤害引用,0.0,,0,,0,,0,,0,,0,,0,,0,,0,,0,,0,,0,0,0,0,[被动] 此物品右侧相邻的物品伤害提高，增幅等于你的生命再生量,null,此物品的价值翻倍,当你使用右侧相邻的物品时，减速一件物品1秒,当你使用右侧相邻的物品时，冻结一件物品0.5秒,当你使用右侧相邻的物品时，加速一件物品1秒,当你使用右侧相邻的物品时，获得20护盾,当你使用右侧相邻的物品时，获得20治疗,当你使用右侧相邻的物品时，造成2剧毒,当你使用右侧相邻的物品时，造成2灼烧,此物品的伤害加成翻倍,右侧相邻物品+40%暴击率,右侧相邻物品受到的冻结和减速效果持续时间减半,此物品的伤害加成翻倍
ce0ee6fc-ff37-488c-95e1-f975339dec75,Pitchfork,草叉,Item / 物品,Medium / 中型,Bronze / 青铜,Bronze/Silver/Gold/Diamond,Pygmalien / 皮格马利翁,Weapon / 武器 | Tool / 工具,Damage / 伤害 | EconomyRef / 经济引用,4.0,4,20,20/40/80/160,0,,0,,0,,0,,1,1,0,,0,,0,,0,,0,0,0,0,"[主动] 造成20/40/80/160伤害
[被动] 每天开始时，己方每拥有一件地产和工具，获得一颗松露",null,……并为该物品赋予黄金附魔（如适用）,……并为该物品赋予沉重附魔（如适用）,……并为该物品赋予寒冰附魔（如适用）,……并为该物品赋予疾速附魔（如适用）,……并为该物品赋予护盾附魔（如适用）,……并为该物品赋予回复附魔（如适用）,……并为该物品赋予剧毒附魔（如适用）,……并为该物品赋予炽焰附魔（如适用）,,……并为该物品赋予致命附魔（如适用）,,……并为该物品赋予黑曜石附魔（如适用）
ce6769db-f9a6-44a8-b915-afec472a2ea3,Dive Weights,潜水配重,Item / 物品,Small / 小型,Silver / 白银,Silver/Gold/Diamond,Vanessa / 瓦内莎,Aquatic / 水系 | Tool / 工具 | Apparel / 服饰,Haste / 加速 | Ammo / 弹药,8.0,8,0,,0,,0,,4,4,0,,1,1,0,,0,,0,,0,,0,0,0,0,"[主动] 加速一件物品1/2/3秒
[主动] 弹药: 4
[被动] 相邻每有一件水系物品，此物品冷却时间缩短1000秒
[被动] 此物品+多重释放，增幅等于其弹药量",null,此物品的价值翻倍,减速一件物品1秒,冻结一件物品0.5秒,此物品的加速持续时间翻倍,获得10护盾,治疗10生命值,造成1剧毒,造成1灼烧,相邻物品视为水系,如果两侧相邻物品均为水系，它们获得50%暴击率,此物品免疫冻结、减速和摧毁,造成10伤害
ce776fca-3f9f-44f9-b3f0-5aa623d6711b,Premium Orange Piggles,高级橙色小圆猪,Item / 物品,Small / 小型,Bronze / 青铜,Bronze/Silver/Gold/Diamond,Pygmalien / 皮格马利翁,Toy / 玩具,Burn / 灼烧 | Value / 价值,5.0,5,0,,0,,0,,0,,0,,1,1,0,0,0,,0,,0,,0,0,0,0,[主动] 造成灼烧，等量于此物品价值的一半,null,此物品的价值翻倍,减速一件物品2秒,冻结一件物品0.5秒,加速一件物品2秒,获得护盾，等量于此物品灼烧的5倍,获得治疗，等量于此物品灼烧的5倍,造成剧毒，等量于此物品灼烧,此物品的灼烧翻倍,此物品+1多重释放,此物品+50%暴击率,此物品免疫冻结、减速和摧毁,造成伤害，等量于此物品灼烧的5倍
ce7ff94f-29e4-4f2d-bca9-cca83eacf774,Blue Piggles A,蓝色小圆猪 邻,Item / 物品,Small / 小型,Bronze / 青铜,Bronze/Silver/Gold/Diamond,Pygmalien / 皮格马利翁,Toy / 玩具,Crit / 暴击,4.0,4,0,,0,,0,,0,,0,,1,1,0,,0,,0,,0,,0,0,0,0,[主动] 相邻物品+2/4/6/8%暴击率,null,,减速一件物品2秒,冻结一件物品0.5秒,加速一件物品2秒,相邻物品获得0,相邻物品获得0,相邻物品获得0,相邻物品获得0,此物品+1多重释放,此物品的暴击率加成翻倍,此物品免疫冻结、减速和摧毁,相邻物品获得0
cf3a7956-f400-42e1-bae1-d3678d76fd01,Fire Potion,火焰药水,Item / 物品,Small / 小型,Bronze / 青铜,Bronze/Silver/Gold/Diamond,Mak / 马克,Potion / 药水,Burn / 灼烧 | Ammo / 弹药,5.0,5,0,,0,,0,,1,1,0,,1,1,6,6/8/10/12,0,,0,,0,,0,0,0,0,"[主动] 造成6/8/10/12灼烧
[主动] 弹药: 1",null,此物品的价值翻倍,减速一件物品3秒,冻结一件物品0.5秒,加速一件物品3秒,获得护盾，等量于此物品灼烧的5倍,获得治疗，等量于此物品灼烧的5倍,造成剧毒，等量于此物品灼烧,此物品的灼烧翻倍,此物品+1多重释放,此物品+50%暴击率,此物品免疫冻结、减速和摧毁,造成伤害，等量于此物品灼烧的5倍
cfc3db0f-c8f2-4acf-bf9b-80e170ca3120,Combat Core,战斗核心,Item / 物品,Large / 大型,Gold / 黄金,Gold/Diamond,Dooley / 杜利,Core / 核心 | Tech / 科技 | Weapon / 武器 | Vehicle / 载具,Damage / 伤害 | Shield / 护盾,6.0,6,50,50,0,,50,50,0,,0,,0,,0,,0,,0,,0,,0,0,0,0,"[主动] 造成50伤害
[主动] 获得50护盾
[被动] 当你使用左侧任意物品时，此物品获得50/100
[被动] 当你使用右侧任意物品时，此物品获得50/100",null,此物品的价值翻倍,减速3件物品1秒,冻结一件物品2秒,加速3件物品1秒,此物品的护盾翻倍,获得治疗，等量于此物品伤害,造成剧毒，等量于此物品伤害的10%,造成灼烧，等量于此物品伤害的10%,此物品+1多重释放,此物品+50%暴击率,此物品免疫冻结、减速和摧毁,此物品的伤害翻倍
cfca6975-d74c-41b1-a179-ae796058ca18,Solar Drone,太阳能无人机,Item / 物品,Small / 小型,Bronze / 青铜,Bronze/Silver/Gold/Diamond,Stelle / 斯黛尔,Tech / 科技 | Drone,Flying / 飞行 | Shield / 护盾 | FlyingRef / 飞行引用 | BurnRef / 灼烧引用,6.0,6,0,,0,,10,10,0,,0,,1,1,0,,0,,0,,0,,0,0,0,0,"[主动] 此物品开始飞行
[主动] 获得10护盾
[被动] 触发灼烧时，此物品获得5/10/15/20",null,此物品的价值翻倍,减速一件物品3秒,冻结一件物品0.5秒,加速一件物品3秒,此物品的护盾翻倍,获得治疗，等量于此物品护盾值,造成剧毒，等量于此物品护盾值的10%,造成灼烧，等量于此物品护盾值的10%,此物品+1多重释放,此物品+50%暴击率,此物品免疫冻结、减速和摧毁,造成伤害，等量于此物品护盾
cfd94b43-c547-4dea-a977-658a388e75d4,Void Shield,虚空护盾,Item / 物品,Medium / 中型,Diamond / 钻石,Diamond,Common / 通用,Relic / 遗物,Burn / 灼烧 | Shield / 护盾,8.0,8,0,,0,,0,0,0,,0,,1,1,1,1,0,,0,,0,,0,0,0,0,"[主动] 获得护盾，等量于一位敌人的灼烧
[被动] 当敌人使用物品时，造成1灼烧",null,此物品的价值翻倍,减速2件物品3秒,冻结2件物品1秒,加速2件物品3秒,此物品的护盾翻倍,获得治疗，等量于此物品护盾值,造成剧毒，等量于此物品护盾值的10%,此物品的灼烧翻倍,此物品+1多重释放,此物品+50%暴击率,此物品免疫冻结、减速和摧毁,造成伤害，等量于此物品护盾
d022cc12-8fe2-442c-af6e-165eb97ed055,Improvised Bludgeon,临时钝器,Item / 物品,Medium / 中型,Bronze / 青铜,Bronze/Silver/Gold/Diamond,Common / 通用,Weapon / 武器,Damage / 伤害 | Slow / 减速,8.0,8,20,20/40/80/160,0,,0,,0,,0,,1,1,0,,0,,0,,0,,0,0,0,0,"[主动] 造成20/40/80/160伤害
[主动] 减速2件物品3/4/5/6秒
[被动] 出售此物品时，己方最左侧的减速物品永久获得+1000秒减速持续时间",null,此物品的价值翻倍,此物品的减速持续时间翻倍,冻结3件物品1秒,加速3件物品3秒,获得护盾，等量于此物品伤害量,获得治疗，等量于此物品伤害,造成剧毒，等量于此物品伤害的10%,造成灼烧，等量于此物品伤害的10%,此物品+1多重释放,此物品+50%暴击率,此物品免疫冻结、减速和摧毁,此物品的伤害翻倍
d06e3d7d-24a9-4fec-a9a4-55a710484382,Momma-Saur,妈妈暴龙,Item / 物品,Large / 大型,Gold / 黄金,Gold/Diamond,Dooley / 杜利,Friend / 伙伴 | Weapon / 武器 | Dinosaur / 恐龙,Damage / 伤害,8.0,8/6,200,200,0,,0,,0,,0,,1,1,0,,0,,0,,0,,0,0,0,0,"[主动] 造成200伤害
[被动] 每场战斗中首次使用此物品时，摧毁一件敌方的小型或中型物品
[被动] 当你摧毁物品时，此物品伤害翻倍",null,此物品的价值翻倍,减速3件物品3秒,冻结3件物品1秒,加速3件物品3秒,获得护盾，等量于此物品伤害量,获得治疗，等量于此物品伤害,造成剧毒，等量于此物品伤害的10%,造成灼烧，等量于此物品伤害的10%,此物品+1多重释放,此物品+50%暴击率,此物品免疫冻结、减速和摧毁,此物品的伤害翻倍
d09ea5e5-484f-491f-8c78-167a9a13c801,Blazehowl Warden,焰嚎守卫,Item / 物品,Medium / 中型,Legendary / 传奇,Diamond/Legendary,Common / 通用,Relic / 遗物,Burn / 灼烧 | BurnRef / 灼烧引用 | FreezeRef / 冻结引用 | PoisonRef / 剧毒引用,8.0,8,0,,0,,0,,0,,0,,1,1,10,10,0,,0,,0,,0,0,0,0,"[主动] 造成10灼烧
[被动] 触发冻结、剧毒或灼烧时，己方物品获得4
[被动] 当你使用相邻的遗物时，充能此物品1秒",null,此物品的价值翻倍,减速2件物品3秒,冻结一件物品1秒,加速2件物品3秒,获得护盾，等量于此物品灼烧的5倍,获得治疗，等量于此物品灼烧的5倍,造成剧毒，等量于此物品灼烧,此物品的灼烧翻倍,此物品+1多重释放,此物品+50%暴击率,此物品免疫冻结、减速和摧毁,造成伤害，等量于此物品灼烧的5倍
d0a15bf6-fc3a-47c5-84c5-7c34c6996598,Green Gumball,绿色口香糖球,Item / 物品,Small / 小型,Bronze / 青铜,Bronze/Silver/Gold/Diamond,Common / 通用,Food / 食物,Health / 生命值,0.0,,0,,0,,0,,0,,0,,0,,0,,0,,0,,0,,0,0,0,0,[被动] 出售此物品时，获得10/20/30/40最大生命值,null,,出售此物品时，己方最左侧的减速物品获得1000减速持续时间,出售此物品时，己方最左侧的冻结物品获得200冻结持续时间,出售此物品时，己方最左侧的加速物品获得1000加速持续时间,出售此物品时，最左侧的护盾物品+20,出售此物品时，最左侧的治疗物品+20,出售此物品时，己方最左侧的剧毒物品获得2,出售此物品时，己方最左侧的灼烧物品获得2,此物品的暴击率加成翻倍,出售此物品时，己方最左侧的物品获得10%暴击率,,出售此物品时，己方最左侧的武器获得20
d0b0c34c-f616-4a51-a0f4-fe63216cf8af,Moon Orb,月光宝珠,Item / 物品,Small / 小型,Diamond / 钻石,Diamond,Common / 通用,Relic / 遗物,Slow / 减速 | Haste / 加速,0.0,,0,,0,,0,,0,,0,,0,,0,,0,,0,,0,,0,0,0,0,"[被动] 当敌方一件物品被加速时，减速该物品1秒
[被动] 当己方一件物品被减速时，加速该物品1秒",null,此物品的价值翻倍,此物品的减速持续时间翻倍,当己方物品被减速时，冻结一件物品1秒,此物品的加速持续时间翻倍,当敌方物品被加速或己方物品被减速时，获得10护盾,当敌方物品被加速或己方物品被减速时，获得10治疗,当敌方物品被加速或己方物品被减速时，造成1剧毒,当敌方物品被加速或己方物品被减速时，造成1灼烧,此物品的加速和减速持续时间加倍,己方物品+20%暴击率,此物品左侧相邻的物品受冻结和减速影响的时间减半,当敌方物品被加速或己方物品被减速时，造成10伤害
d1507c0e-0dea-411d-be97-52400ee0ce1a,Rice,米饭,Item / 物品,Medium / 中型,Bronze / 青铜,Bronze/Silver/Gold/Diamond,Jules / 朱尔斯,Food / 食物,Regen / 再生 | Burn / 灼烧 | HasteRef / 加速引用 | HeatedReference,6.0,6,0,,0,,0,,0,,0,,1,1,0,0,0,,2,2/4/6/8,0,,0,0,0,0,"[主动] 生命再生量提高2/4/6/8
[主动] 高温时：造成灼烧，等量于此物品的生命再生量
[被动] 加速此物品时，它获得2/4/6/8",null,此物品的价值翻倍,减速2件物品3秒,冻结一件物品1秒,加速2件物品3秒,获得护盾，等量于此物品生命再生量的5倍,获得治疗，等量于此物品生命再生量的5倍,造成剧毒，等量于此物品生命再生量,此物品的灼烧翻倍,此物品+1多重释放,此物品+50%暴击率,此物品免疫冻结、减速和摧毁,造成伤害，等量于此物品生命再生的5倍
d154b0ed-4fe3-4abe-a08c-fbc622a64500,Soul of the District,街区之魂,Item / 物品,Medium / 中型,Legendary / 传奇,Diamond/Legendary,Common / 通用,Weapon / 武器 | Relic / 遗物,Shield / 护盾 | Damage / 伤害,13.0,13,0,0,0,,0,0,0,,0,,1,1,0,,0,,0,,0,,0,0,0,0,"[主动] 获得护盾，等量于当前生命值
[主动] 造成伤害，等量于己方护盾",null,此物品的价值翻倍,减速2件物品4秒,冻结2件物品1秒,加速2件物品4秒,此物品的护盾翻倍,获得治疗，等量于此物品护盾值,造成剧毒，等量于此物品护盾值的10%,造成灼烧，等量于此物品护盾值的10%,此物品+1多重释放,此物品+50%暴击率,此物品免疫冻结、减速和摧毁,此物品的伤害翻倍
d1788cd1-cd70-4391-a0d9-c50fc9e08d9a,Weather Glass,风暴瓶,Item / 物品,Medium / 中型,Silver / 白银,Silver/Gold/Diamond,Vanessa / 瓦内莎,Tool / 工具,Burn / 灼烧 | Poison / 剧毒 | SlowRef / 减速引用 | FreezeRef / 冻结引用,7.0,7/6/5,0,,0,,0,,0,,0,,1,1,4,4,4,4,0,,0,,0,0,0,0,"[主动] 造成4灼烧
[主动] 造成4剧毒
[被动] 此物品以外，每拥有一件具有灼烧、剧毒、减速或冻结的物品，此物品就+1多重释放",null,此物品的价值翻倍,减速一件物品1秒,冻结一件物品0.5秒,加速一件物品1秒,获得护盾，等量于此物品灼烧的5倍,获得治疗，等量于此物品灼烧的5倍,此物品的剧毒翻倍,此物品的灼烧翻倍,此物品的剧毒和灼烧翻倍,此物品+50%暴击率,此物品免疫冻结、减速和摧毁,造成伤害，等量于此物品灼烧的5倍
d18ea11d-941d-446e-806f-523384eda6f2,Infinite Potion,无限药水,Item / 物品,Small / 小型,Silver / 白银,Silver/Gold/Diamond,Mak / 马克,Potion / 药水,Regen / 再生 | Ammo / 弹药,4.0,4,0,,0,,0,,1,1,0,,1,1,0,,0,,3,3/6/9,0,,0,0,0,0,"[主动] 生命再生量提高3/6/9
[主动] 装填此物品
[主动] 弹药: 1",null,此物品的价值翻倍,减速一件物品2秒,冻结一件物品0.5秒,加速一件物品2秒,获得护盾，等量于此物品生命再生量的5倍,获得治疗，等量于此物品生命再生量的5倍,造成剧毒，等量于此物品生命再生量,造成灼烧，等量于此物品的生命再生量,此物品+1多重释放,此物品+50%暴击率,此物品免疫冻结、减速和摧毁,造成伤害，等量于此物品生命再生的5倍
d19486fe-3222-42d5-a2c6-b885611893d9,Fairy Statue,仙女雕像,Item / 物品,Small / 小型,Diamond / 钻石,Diamond,Common / 通用,Property / 地产,,0.0,,0,,0,,0,,0,,0,,0,,0,,0,,0,,0,,0,0,0,0,[被动] 当你携带此物品击败怪物时，将此物品转化为一件来自任意英雄的附魔伙伴,null,……并为该物品赋予黄金附魔（如适用）,……并为该物品赋予沉重附魔（如适用）,……并为该物品赋予寒冰附魔（如适用）,……并为该物品赋予疾速附魔（如适用）,……并为该物品赋予护盾附魔（如适用）,……并为该物品赋予回复附魔（如适用）,……并为该物品赋予剧毒附魔（如适用）,……并为该物品赋予炽焰附魔（如适用）,……并为该物品赋予闪亮附魔（如适用）,……并为该物品赋予致命附魔（如适用）,……并为该物品赋予辉耀附魔（如适用）,……并为该物品赋予黑曜石附魔（如适用）
d208b6ac-fb07-466c-b895-625405bfc3e7,Seeker Probe,探寻探测器,Item / 物品,Small / 小型,Silver / 白银,Silver/Gold/Diamond,Stelle / 斯黛尔,Weapon / 武器 | Drone | Tech / 科技,Damage / 伤害 | CritReference,4.0,4,5,5/10/15,0,,0,,0,,0,,1,1,0,,0,,0,,0,,0,0,0,0,"[主动] 造成5/10/15伤害
[被动] 敌人使用物品时，此物品+5/10/15%暴击率
[被动] 此物品暴击时，摧毁此物品和敌人的一件小型物品",null,此物品的价值翻倍,减速一件物品1秒,冻结一件物品0.5秒,加速一件物品1秒,获得护盾，等量于此物品伤害量,获得治疗，等量于此物品伤害,造成剧毒，等量于此物品伤害的10%,造成灼烧，等量于此物品伤害的10%,此物品+1多重释放,此物品+50%暴击率,此物品免疫冻结和减速,此物品的伤害翻倍
d24d6805-6fed-4261-9e75-5cce64c03923,Toaster,吐司机,Item / 物品,Medium / 中型,Bronze / 青铜,Bronze/Silver/Gold/Diamond,Jules / 朱尔斯,Tool / 工具,Burn / 灼烧,6.0,6,0,,0,,0,,0,,0,,2,2,1,1/2/3/4,0,,0,,0,,0,0,0,0,"[主动] 造成1/2/3/4灼烧
[被动] 当你使用相邻食物时，此物品获得1/2/3/4",null,此物品的价值翻倍,减速一件物品1秒,冻结一件物品0.5秒,加速一件物品1秒,获得护盾，等量于此物品灼烧的5倍,获得治疗，等量于此物品灼烧的5倍,造成剧毒，等量于此物品灼烧,此物品的灼烧翻倍,此物品+1多重释放,此物品+50%暴击率,此物品免疫冻结、减速和摧毁,造成伤害，等量于此物品灼烧的5倍
d25ccf21-f789-4e06-8c38-b7f5f47e66af,Ghillie Suit,吉利服,Item / 物品,Medium / 中型,Silver / 白银,Silver/Gold/Diamond,Karnok,Apparel / 服饰,Crit / 暴击 | SlowRef / 减速引用,0.0,,0,,0,,0,,0,,0,,0,,0,,0,,0,,0,,0,0,0,0,"[被动] 触发减速时，己方物品+3/6/9%暴击率
[被动] 每场战斗中首次3/4/5次暴击时，你在1秒内不受任何伤害",null,此物品的价值翻倍,此物品暴击时，减速一件物品1秒,此物品暴击时，冻结一件物品0.5秒,此物品暴击时，加速一件物品1秒,此物品暴击时，获得20护盾,此物品暴击时，获得20治疗,此物品暴击时，造成2剧毒,此物品暴击时，造成2灼烧,此物品额外抵御全部伤害2次,此物品的暴击率加成翻倍,相邻物品受冻结和减速影响的时间减半,此物品暴击时，造成20伤害
d2d9344d-ee1e-4e54-9d84-af19f1d5e022,Piggles Launcher,小圆猪发射器,Item / 物品,Medium / 中型,Bronze / 青铜,Bronze/Silver/Gold/Diamond,Pygmalien / 皮格马利翁,Toy / 玩具 | Apparel / 服饰 | Weapon / 武器,Damage / 伤害 | Shield / 护盾 | Heal / 治疗 | Burn / 灼烧 | Flying / 飞行,7.0,7,10,10/20/40/80,10,10/20/40/80,10,10/20/40/80,0,,0,,1,1,2,2/4/6/8,0,,0,,0,,0,0,0,0,"[主动] 一件小型物品开始飞行
[主动] 造成10/20/40/80伤害\n\n获得10/20/40/80护盾\n\n获得10/20/40/80治疗\n\n造成2/4/6/8灼烧
[被动] 使用小型物品时，充能此物品1秒",null,此物品的价值翻倍,减速一件物品1秒,冻结一件物品0.5秒,加速一件物品1秒,此物品的护盾翻倍,此物品的治疗翻倍,造成剧毒，等量于此物品灼烧,此物品的灼烧翻倍,此物品+1多重释放,此物品+50%暴击率,此物品免疫冻结、减速和摧毁,此物品的伤害翻倍
d305ef99-9ace-4d66-820d-a5d3d42b6bae,Dart Launcher,飞镖发射器,Item / 物品,Small / 小型,Silver / 白银,Silver/Gold/Diamond,Vanessa / 瓦内莎,Weapon / 武器 | Tech / 科技,Damage / 伤害 | Slow / 减速 | Poison / 剧毒 | PoisonRef / 剧毒引用,4.0,4,5,5/10/15,0,,0,,4,4,0,,1,1,0,,3,3/6/9,0,,0,,0,0,0,0,"[主动] 造成5/10/15伤害
[主动] 如果与减速物品相邻，就减速1/2/3件物品1秒
[主动] 如果此物品与剧毒物品相邻，就造成3/6/9剧毒
[主动] 弹药: 4",null,此物品的价值翻倍,此物品的减速持续时间翻倍,冻结一件物品1秒,加速2件物品1秒,获得护盾，等量于此物品伤害量,获得治疗，等量于此物品伤害,此物品的剧毒翻倍,造成灼烧，等量于此物品的剧毒,此物品+1多重释放,此物品+50%暴击率,此物品免疫冻结、减速和摧毁,此物品的伤害翻倍
d36f0ce1-98c4-4b00-8342-a6b89f142ae4,Bear Claws,熊爪,Item / 物品,Small / 小型,Bronze / 青铜,Bronze/Silver/Gold/Diamond,Karnok,Weapon / 武器,Damage / 伤害 | Rage,6.0,6/5/4/3,10,10,0,,0,,0,,0,,1,1,0,,0,,0,,0,,0,0,0,0,"[主动] 造成10伤害
[主动] 获得怒火",null,此物品的价值翻倍,减速一件物品2秒,冻结一件物品0.5秒,加速一件物品2秒,获得护盾，等量于此物品伤害量,获得治疗，等量于此物品伤害,造成剧毒，等量于此物品伤害的10%,造成灼烧，等量于此物品伤害的10%,此物品+1多重释放,此物品+50%暴击率,此物品免疫冻结、减速和摧毁,此物品的伤害翻倍
d458042a-bbfa-4ac9-86cf-5a709ac814ae,Giant Sling,巨型投石索,Item / 物品,Large / 大型,Silver / 白银,Silver/Gold/Diamond,Karnok,Weapon / 武器,Damage / 伤害 | Ammo / 弹药 | RageReference,3.0,3,40,40/80/120,0,,0,,4,4/6/8,0,,1,1,0,,0,,0,,0,,0,0,0,0,"[主动] 造成40/80/120伤害
[主动] 弹药: 4/6/8
[被动] 暴怒期间，此物品造成五倍伤害",null,此物品的价值翻倍,减速3件物品1秒,冻结2件物品1秒,加速3件物品1秒,获得护盾，等量于此物品伤害量,获得治疗，等量于此物品伤害,造成剧毒，等量于此物品伤害的10%,造成灼烧，等量于此物品伤害的10%,此物品+1多重释放,此物品+50%暴击率,此物品免疫冻结、减速和摧毁,此物品的伤害翻倍
d459061d-e76b-4b00-91de-528679eee0e0,Whisk,打蛋器,Item / 物品,Small / 小型,Silver / 白银,Silver/Gold/Diamond,Jules / 朱尔斯,Weapon / 武器 | Tool / 工具,Damage / 伤害,5.0,5,15,15/30/60,0,,0,,0,,0,,1,1,0,,0,,0,,0,,0,0,0,0,"[主动] 造成15/30/60伤害
[主动] 此物品的冷却时间缩短1秒",null,此物品的价值翻倍,减速一件物品1秒,冻结一件物品0.5秒,加速一件物品1秒,获得护盾，等量于此物品伤害量,获得治疗，等量于此物品伤害,造成剧毒，等量于此物品伤害的10%,造成灼烧，等量于此物品伤害的10%,此物品+1多重释放,此物品+50%暴击率,此物品免疫冻结、减速和摧毁,此物品的伤害翻倍
d45bb1dd-5342-4c69-b7fe-f56d3fac7d1f,Cinders,余烬,Item / 物品,Small / 小型,Bronze / 青铜,Bronze/Silver/Gold/Diamond,Common / 通用,Loot / 战利品,BurnRef / 灼烧引用,0.0,,0,,0,,0,,0,,0,,0,,0,,0,,0,,0,,0,0,0,0,[被动] 出售此物品时，己方最左侧的灼烧物品永久获得1/2/4/8,null,此物品的价值翻倍,出售此物品时，己方最左侧的减速物品获得200减速持续时间,出售此物品时，己方最左侧的冻结物品获得100冻结持续时间,出售此物品时，己方最左侧的加速物品获得200加速持续时间,出售此物品时，最左侧的护盾物品+10,出售此物品时，最左侧的治疗物品+10,出售此物品时，己方最左侧的剧毒物品获得1,此物品的灼烧获取翻倍,此物品的灼烧获取翻倍,出售此物品时，己方最左侧的物品获得2%暴击率,,出售此物品时，己方最左侧的武器获得10
d4c0cf1e-7856-4e40-877f-c77b34f596ed,RED-F1R3FLY,机械红焰萤,Item / 物品,Small / 小型,Bronze / 青铜,Bronze/Silver/Gold/Diamond,Dooley / 杜利,Friend / 伙伴,Burn / 灼烧 | HasteRef / 加速引用 | SlowRef / 减速引用,8.0,8/7/6/5,0,,0,,0,,0,,0,,1,1,6,6/8/10/12,0,,0,,0,,0,0,0,0,"[主动] 造成6/8/10/12灼烧
[被动] 当相邻物品被加速或减速时，充能此物品1秒",null,此物品的价值翻倍,减速一件物品1秒,冻结一件物品0.5秒,加速一件物品1秒,获得护盾，等量于此物品灼烧的5倍,获得治疗，等量于此物品灼烧的5倍,造成剧毒，等量于此物品灼烧,此物品的灼烧翻倍,此物品+1多重释放,此物品+50%暴击率,此物品免疫冻结、减速和摧毁,造成伤害，等量于此物品灼烧的5倍
d50bb808-14f8-4554-950d-d0630899ba85,Hacksaw,手锯,Item / 物品,Medium / 中型,Gold / 黄金,Gold/Diamond,Dooley / 杜利,Weapon / 武器 | Tool / 工具,Damage / 伤害,8.0,8/7,50,50,0,,0,,0,,0,,0,,0,,0,,0,,0,,0,0,0,0,"[主动] 造成50伤害
[主动] 将一件敌方中型物品转化为2件小型物品",null,此物品的价值翻倍,减速2件物品2秒,冻结一件物品1秒,加速2件物品2秒,获得护盾，等量于此物品伤害量,获得治疗，等量于此物品伤害,造成剧毒，等量于此物品伤害的10%,造成灼烧，等量于此物品伤害的10%,此物品+1多重释放,此物品+50%暴击率,此物品免疫冻结、减速和摧毁,此物品的伤害翻倍
d5110378-323c-4af3-93e5-dca3451b3ea8,Mantis Shrimp,皮皮虾,Item / 物品,Small / 小型,Bronze / 青铜,Bronze/Silver/Gold/Diamond,Vanessa / 瓦内莎,Aquatic / 水系 | Weapon / 武器 | Friend / 伙伴,Damage / 伤害 | Burn / 灼烧 | SlowRef / 减速引用 | Ammo / 弹药,9.0,9,20,20,0,,0,,2,2,0,,1,1,2,2,0,,0,,0,,0,0,0,0,"[主动] 造成20伤害
[主动] 造成2灼烧
[主动] 弹药: 2
[被动] 触发减速时，此物品获得10/15/20/25和2/3/4/5",null,此物品的价值翻倍,减速一件物品4秒,冻结一件物品1秒,加速一件物品4秒,获得护盾，等量于此物品伤害量,获得治疗，等量于此物品伤害,造成剧毒，等量于此物品灼烧,此物品的灼烧翻倍,此物品+1多重释放,此物品+50%暴击率,此物品免疫冻结、减速和摧毁,此物品的伤害翻倍
d536d891-e898-4438-a39a-248fd31ff3c3,Guardian Shell,守护神之壳,Item / 物品,Medium / 中型,Silver / 白银,Silver/Gold/Diamond,Common / 通用,Relic / 遗物,Shield / 护盾 | PoisonRef / 剧毒引用,7.0,7,0,,0,,75,75/150/300,0,,0,,1,1,0,,0,,0,,0,,0,0,0,0,"[主动] 获得75/150/300护盾
[被动] 触发剧毒时，充能此物品2秒",null,此物品的价值翻倍,减速2件物品1秒,冻结一件物品1秒,加速2件物品1秒,此物品的护盾翻倍,获得治疗，等量于此物品护盾值,造成剧毒，等量于此物品护盾值的10%,造成灼烧，等量于此物品护盾值的10%,此物品+1多重释放,此物品+50%暴击率,此物品免疫冻结、减速和摧毁,造成伤害，等量于此物品护盾
d576f5e8-abfb-44cb-a777-be7cf714e02d,Coolant,冷却剂,Item / 物品,Small / 小型,Silver / 白银,Silver/Gold/Diamond,Dooley / 杜利,Tool / 工具,Freeze / 冻结,6.0,6,0,,0,,0,,0,,0,,1,1,0,,0,,0,,0,,0,0,0,0,"[主动] 冻结1/2/3件物品1秒
[主动] 为你净化一半的灼烧",null,此物品的价值翻倍,减速一件物品1秒,此物品的冻结持续时间翻倍,加速一件物品1秒,获得60护盾,治疗60生命值,造成6剧毒,造成6灼烧,此物品+1多重释放,己方物品+10%暴击率,此物品免疫冻结、减速和摧毁,造成60伤害
d5a56d21-6892-4a08-b57a-1af53687ff37,Aludel,炼金梨缶,Item / 物品,Medium / 中型,Bronze / 青铜,Bronze/Silver/Gold/Diamond,Mak / 马克,Tool / 工具,PotionRef / 药水引用 | Poison / 剧毒,7.0,7,0,,0,,0,,0,,0,,1,1,0,,4,4/8/12/16,0,,0,,0,0,0,0,"[主动] 造成4/8/12/16剧毒
[被动] 相邻每有一件药水或原料，此物品+1多重释放
[被动] 每天开始时，获得一件催化剂",null,此物品的价值翻倍,减速一件物品1秒,冻结一件物品0.5秒,加速一件物品1秒,获得护盾，等量于此物品剧毒的5倍,获得治疗，等量于此物品剧毒的5倍,此物品的剧毒翻倍,造成灼烧，等量于此物品的剧毒,此物品+1多重释放,此物品+50%暴击率,此物品免疫冻结、减速和摧毁,造成伤害，等量于此物品剧毒的5倍
d5ad07b5-9b1e-4000-848e-503861851e2b,Tournament Arena,竞技场,Item / 物品,Large / 大型,Diamond / 钻石,Diamond,Pygmalien / 皮格马利翁,Property / 地产,,0.0,,0,,0,,0,,0,,0,,0,,0,,0,,0,,0,,0,0,0,0,[被动] 己方玩具+1多重释放,null,此物品的价值翻倍,当你使用玩具时，减速一件物品1秒,当你使用玩具时，冻结一件物品0.5秒,当你使用玩具时，加速一件物品1秒,当你使用玩具时，获得30护盾,当你使用玩具时，获得30治疗,当你使用玩具时，造成3剧毒,当你使用玩具时，造成3灼烧,此物品的多重释放加成翻倍,己方玩具+50%暴击率,己方玩具受冻结和减速的影响时间减半,当你使用玩具时，造成30伤害
d5dd20ef-31ad-4eb7-af8d-3a42eb3008d3,Chicken Cannon,鸡农炮,Item / 物品,Medium / 中型,Bronze / 青铜,Bronze/Silver/Gold/Diamond,Stelle / 斯黛尔,Weapon / 武器,Damage / 伤害 | ShieldRef / 护盾引用 | Flying / 飞行,6.0,6/5/4/3,0,0,0,,0,,0,,0,,1,1,0,,0,,0,,0,,0,0,0,0,"[主动] 造成伤害，等量于相邻小型和中型物品的护盾之和
[主动] 相邻物品开始飞行",null,此物品的价值翻倍,减速2件物品2秒,冻结一件物品1秒,加速2件物品2秒,获得护盾，等量于此物品伤害量,获得治疗，等量于此物品伤害,造成剧毒，等量于此物品伤害的10%,造成灼烧，等量于此物品伤害的10%,此物品+1多重释放,此物品+50%暴击率,此物品免疫冻结、减速和摧毁,此物品的伤害翻倍
d5e2cff2-31b5-48eb-86ff-9543ea0c6d40,Knee Brace,护膝,Item / 物品,Small / 小型,Bronze / 青铜,Bronze/Silver/Gold/Diamond,Common / 通用,Apparel / 服饰,Health / 生命值,0.0,,0,,0,,0,,0,,0,,0,,0,,0,,0,,0,,0,0,0,0,[被动] 携带此物品在每场英雄战斗结束时，永久获得50/100/150/200最大生命值,null,此物品的价值翻倍,,,,,,,,此物品的最大生命值加成翻倍,,,
d619c665-1d58-46e8-828f-6e7e36a86a7d,Orbital Polisher,抛光机,Item / 物品,Small / 小型,Silver / 白银,Silver/Gold/Diamond,Stelle / 斯黛尔,Tool / 工具,Flying / 飞行 | Quest | FlyingRef / 飞行引用 | Haste / 加速,6.0,6,0,,0,,0,,0,,0,,1,1,0,,0,,0,,0,,0,0,0,0,[主动] 加速此物品1秒，并使其停止飞行,目标: 使己方90件物品飞行 | 奖励: 出售此物品时，为己方最左侧同等级或更低等级的小型物品赋予闪耀附魔,此物品的价值翻倍,减速一件物品3秒,冻结一件物品1秒,此物品的加速持续时间翻倍,获得60护盾,治疗60生命值,造成6剧毒,造成6灼烧,此物品+1多重释放,己方物品+30%暴击率,此物品免疫冻结、减速和摧毁,造成60伤害
d641c57b-ab42-4b2f-b4f4-addd18eb7100,Ancient Locket,远古挂坠,Item / 物品,Small / 小型,Silver / 白银,Silver/Gold/Diamond,Karnok,Apparel / 服饰 | Relic / 遗物,RageReference,0.0,,0,,0,,0,,0,,0,,0,,0,,0,,0,,0,,0,0,0,0,[被动] 当你进入暴怒状态时，摧毁此物品，你在2/3/4秒内不受到伤害,null,此物品的价值翻倍,此物品被摧毁时，减速一件物品4秒,此物品被摧毁时，冻结一件物品2秒,此物品被摧毁时，加速一件物品4秒,此物品被摧毁时，获得200护盾,此物品被摧毁时，治疗200,此物品被摧毁时，造成20剧毒,此物品被摧毁时，造成20灼烧,你额外1秒不受到伤害,此物品被摧毁时，己方物品+50%暴击率,当此物品被摧毁时，己方物品对冻结、减速和摧毁免疫6秒,此物品被摧毁时，造成200伤害
d650bafd-d5d1-4d0f-a721-066984d6c1f6,Instant Noodles,方便面,Item / 物品,Small / 小型,Bronze / 青铜,Bronze/Silver/Gold/Diamond,Jules / 朱尔斯,Food / 食物,Burn / 灼烧 | Regen / 再生 | HeatedReference | ChilledReference,4.0,4,0,,0,,0,,0,,0,,1,1,2,2/4/6/8,0,,2,2/4/6/8,0,,0,0,0,0,"[主动] 高温时：造成2/4/6/8灼烧
[主动] 霜冻时：生命再生量提高2/4/6/8
[被动] 如果己方拥有一件中型工具，此物品冷却时间缩短2000秒",null,此物品的价值翻倍,减速一件物品1秒,冻结一件物品0.5秒,加速一件物品1秒,高温时：获得护盾，等量于此物品灼烧的5倍,高温时：获得治疗，等量于此物品灼烧的5倍,高温时：造成剧毒，等量于此物品灼烧,此物品的灼烧翻倍,此物品+1多重释放,此物品+50%暴击率,此物品免疫冻结、减速和摧毁,高温时：造成伤害，等量于此物品灼烧的5倍
d66bcc8c-a817-4b0c-bda1-eb13b28acb2b,Claws,利爪,Item / 物品,Small / 小型,Bronze / 青铜,Bronze/Silver/Gold/Diamond,Common / 通用,Weapon / 武器,Damage / 伤害 | CritReference,4.0,4,10,10/20/40/80,0,,0,,0,,0,,1,1,0,,0,,0,,0,,0,0,0,0,"[主动] 造成10/20/40/80伤害
[被动] 此物品造成双倍暴击伤害",null,此物品的价值翻倍,减速一件物品2秒,冻结一件物品0.5秒,加速一件物品2秒,获得护盾，等量于此物品伤害量,获得治疗，等量于此物品伤害,造成剧毒，等量于此物品伤害的10%,造成灼烧，等量于此物品伤害的10%,此物品+1多重释放,此物品+50%暴击率,此物品免疫冻结、减速和摧毁,此物品的伤害翻倍
d6819596-2601-4757-8b72-2d708971023d,Switchblade,弹簧刀,Item / 物品,Small / 小型,Bronze / 青铜,Bronze/Silver/Gold/Diamond,Vanessa / 瓦内莎,Weapon / 武器,Damage / 伤害,4.0,4,4,4/8/12/16,0,,0,,0,,0,,1,1,0,,0,,0,,0,,0,0,0,0,"[主动] 造成4/8/12/16伤害
[被动] 使用相邻武器时，该武器获得4/8/12/16",null,此物品的价值翻倍,使用相邻武器时，减速一件物品1秒,使用相邻武器时，冻结一件物品0.5秒,使用相邻武器时，加速一件物品1秒,使用相邻物品时，该物品获得0,使用相邻物品时，该物品获得0,使用相邻物品时，该物品获得0,使用相邻物品时，该物品获得0,此物品的伤害加成翻倍,此物品+50%暴击率,此物品免疫冻结、减速和摧毁,此物品的伤害加成翻倍
d6a5d92f-113e-4a1e-96ec-99f04ea29992,Blunderbuss,雷筒,Item / 物品,Medium / 中型,Gold / 黄金,Gold/Diamond,Vanessa / 瓦内莎,Weapon / 武器,Damage / 伤害 | Ammo / 弹药 | BurnRef / 灼烧引用,5.0,5,15,15,0,,0,,2,2/4,0,,1,1,0,,0,,0,,0,,0,0,0,0,"[主动] 造成15伤害
[主动] 弹药: 2/4
[被动] 触发灼烧时，使用此物品",null,此物品的价值翻倍,减速一件物品1秒,冻结一件物品0.5秒,加速一件物品1秒,获得护盾，等量于此物品伤害量,获得治疗，等量于此物品伤害,造成剧毒，等量于此物品伤害的10%,造成灼烧，等量于此物品伤害的10%,此物品+1多重释放,此物品+50%暴击率,此物品免疫冻结、减速和摧毁,此物品的伤害翻倍
d6ae8bd6-c9c0-4e80-bcfb-fb60025e6152,Bear Trap,捕兽夹,Item / 物品,Small / 小型,Silver / 白银,Silver/Gold/Diamond,Karnok,Tool / 工具 | Weapon / 武器 | Trap,Damage / 伤害 | Slow / 减速 | Ammo / 弹药,30.0,30,25,25/50/75,0,,0,,1,1,0,,0,,0,,0,,0,,0,,0,0,0,0,"[主动] 造成25/50/75伤害
[主动] 减速一件物品2/3/4秒
[主动] 弹药: 1
[被动] 当敌人使用物品时，使用此物品",null,此物品的价值翻倍,此物品的减速持续时间翻倍,冻结一件物品1秒,加速一件物品3秒,获得护盾，等量于此物品伤害量,获得治疗，等量于此物品伤害,造成剧毒，等量于此物品伤害的10%,造成灼烧，等量于此物品伤害的10%,此物品+1多重释放,此物品+50%暴击率,此物品免疫冻结、减速和摧毁,此物品的伤害翻倍
d6eda7aa-d4fa-4992-88c7-87b89fe7f5ec,Refrigerator,冰箱,Item / 物品,Medium / 中型,Silver / 白银,Silver/Gold/Diamond,Jules / 朱尔斯,Tool / 工具,Shield / 护盾 | Regen / 再生 | ChilledReference | FreezeRef / 冻结引用,0.0,,0,,0,,30,30/60/90,0,,0,,0,,0,,0,,3,3/6/9,0,,0,0,0,0,"[被动] 触发冻结时，获得30/60/90护盾，生命再生量提高3/6/9
[被动] 霜冻时：相邻物品获得霜冻效果。",null,此物品的价值翻倍,触发冻结时，减速1件物品1秒,霜冻时：使用相邻物品时，冻结一件物品0.5秒。,触发冻结时，加速一件物品1秒,此物品的护盾翻倍,触发冻结时，获得治疗，等量于此物品护盾,触发冻结时，造成剧毒，等量于此物品的生命再生量,触发冻结时，造成灼烧，等量于此物品的生命再生量,此物品的护盾和生命再生量翻倍。,己方霜冻物品+35%暴击率,己方霜冻物品受到的冻结和减速效果持续时间减半,触发冻结时，造成伤害，等量于此物品护盾
d7a66bfb-963f-4c13-8c2b-0bef35a650c8,Balcony,露台,Item / 物品,Medium / 中型,Gold / 黄金,Gold/Diamond,Pygmalien / 皮格马利翁,Property / 地产,Value / 价值 | Cooldown / 冷却,0.0,,0,,0,,0,,0,,0,,0,,0,,0,,0,,0,,0,0,0,0,[被动] 左侧相邻的地产在战斗中价值翻倍，且冷却时间缩短10/15%,null,左侧相邻的地产在战斗中的价值则改为三倍,使用左侧相邻的地产时，减速一件物品1秒,使用左侧相邻的地产时，冻结一件物品0.5秒,使用左侧相邻的地产时，加速该地产1秒,使用左侧相邻的地产时，获得50护盾,使用左侧相邻的地产时，获得50治疗,使用左侧相邻的地产时，造成5剧毒,使用左侧相邻的地产时，造成5灼烧,左侧相邻的地产+1多重释放,左侧相邻的地产+50%暴击率,左侧相邻的地产受到的冻结和减速持续时间减半,使用左侧相邻的地产时，造成50伤害
d7c87f38-276a-4d40-a297-fe75422c93a9,Quill and Ink,笔与墨,Item / 物品,Small / 小型,Bronze / 青铜,Bronze/Silver/Gold/Diamond,Mak / 马克,Tool / 工具,Poison / 剧毒 | Regen / 再生,7.0,7/6/5/4,0,,0,,0,,0,,0,,1,1,0,,1,1,1,1,0,,0,0,0,0,"[主动] 造成1剧毒
[主动] 生命再生量提高1
[被动] 如果己方没有其他武器，此物品+1多重释放",null,此物品的价值翻倍,减速一件物品2秒,冻结一件物品0.5秒,加速一件物品2秒,获得护盾，等量于此物品剧毒的5倍,获得治疗，等量于此物品剧毒的5倍,此物品的剧毒翻倍,造成灼烧，等量于此物品的剧毒,此物品+1多重释放,此物品+50%暴击率,此物品免疫冻结、减速和摧毁,造成伤害，等量于此物品剧毒的5倍
d7cef361-2948-4b18-ad44-9c8b145d22ac,Beast of Burden,双峰驼兽,Item / 物品,Large / 大型,Gold / 黄金,Gold/Diamond,Pygmalien / 皮格马利翁,Weapon / 武器 | Friend / 伙伴 | Vehicle / 载具,Damage / 伤害,9.0,9,80,80/120,0,,0,,0,,0,,1,1,0,,0,,0,,0,,0,0,0,0,"[主动] 造成80/120伤害
[被动] 此物品拥有你储存箱内物品的类型
[被动] 此物品每拥有一种类型，就+1多重释放",null,当你购买物品时，获得1金币,减速一件物品1秒,冻结一件物品0.5秒,加速一件物品1秒,获得护盾，等量于此物品伤害量,获得治疗，等量于此物品伤害,造成剧毒，等量于此物品伤害的10%,造成灼烧，等量于此物品伤害的10%,此物品+1多重释放,此物品+50%暴击率,此物品免疫冻结、减速和摧毁,此物品的伤害翻倍
d7cf3ee9-c62f-4832-a1cf-463a65043631,Experimental Garage,实验车库,Item / 物品,Large / 大型,Gold / 黄金,Gold/Diamond,Stelle / 斯黛尔,Property / 地产,Cooldown / 冷却,0.0,,0,,0,,0,,0,,0,,0,,0,,0,,0,,0,,0,0,0,0,"[被动] 每场战斗开始时，为所有敌方物品和己方所有未附魔的物品附魔
[被动] 己方物品冷却时间缩短10/20%",null,此物品的价值翻倍,使用附魔物品时，减速一件物品1秒,使用附魔物品时，冻结一件物品0.5秒,使用附魔物品时，加速一件物品1秒,使用附魔物品时，获得50护盾,使用附魔物品时，获得50治疗,使用附魔物品时，造成5剧毒,使用附魔物品时，造成5灼烧,己方物品+1多重释放,己方附魔物品+50%暴击率,相邻物品受冻结和减速影响的时间减半,使用附魔物品时，造成50伤害
d7d8b658-789f-49b0-83fe-6106d1e2c6c4,Wrist Crossbow,腕弩,Item / 物品,Small / 小型,Bronze / 青铜,Bronze/Silver/Gold/Diamond,Karnok,Weapon / 武器,Damage / 伤害 | Crit / 暴击 | Ammo / 弹药,3.0,3,10,10/20/40/80,0,,0,,4,4,0,,1,1,0,,0,,0,,0,,0,0,0,0,"[主动] 造成10/20/40/80伤害
[主动] 此物品+20/30/40/50%暴击率
[主动] 弹药: 4",null,此物品的价值翻倍,减速一件物品1秒,冻结一件物品0.5秒,加速一件物品1秒,获得护盾，等量于此物品伤害量,获得治疗，等量于此物品伤害,造成剧毒，等量于此物品伤害的10%,造成灼烧，等量于此物品伤害的10%,此物品+1多重释放,此物品+50%暴击率,此物品免疫冻结、减速和摧毁,此物品的伤害翻倍
d8106a24-647f-40c6-8587-22f977931d76,Water Wheel,水车,Item / 物品,Large / 大型,Silver / 白银,Silver/Gold/Diamond,Vanessa / 瓦内莎,Aquatic / 水系 | Property / 地产,Haste / 加速,8.0,8/7/6,0,,0,,0,,0,,0,,1,1,0,,0,,0,,0,,0,0,0,0,"[主动] 加速其他物品2秒
[被动] 使用相邻物品时，充能此物品2秒",null,此物品的价值翻倍,减速2件物品1秒,冻结一件物品1秒,此物品的加速持续时间翻倍,获得40护盾,治疗40生命值,造成4剧毒,造成4灼烧,此物品+1多重释放,己方物品+30%暴击率,此物品免疫冻结、减速和摧毁,造成40伤害
d8199e77-6687-4fe7-b6a7-2d3e34145bf3,Cloud Tanker,云端油轮,Item / 物品,Large / 大型,Silver / 白银,Silver/Gold/Diamond,Stelle / 斯黛尔,Vehicle / 载具,DamageRef / 伤害引用 | BurnRef / 灼烧引用 | Haste / 加速 | FlyingRef / 飞行引用,3.0,3,0,,0,,0,,0,,0,,1,1,0,,0,,0,,0,,0,0,0,0,"[主动] 相邻物品获得20/40/60和3/6/9
[被动] 当一件飞行载具或无人机在战斗中获得伤害或灼烧时，加速该物品1秒",null,此物品的价值翻倍,减速2件物品1秒,冻结1件物品1秒,此物品的加速持续时间翻倍,相邻护盾物品+0护盾,相邻物品获得0,相邻物品获得0,此物品的灼烧加成翻倍,此物品+1多重释放,相邻物品+25%暴击率,此物品免疫冻结、减速和摧毁,此物品的伤害加成翻倍
d89ab2c6-bd85-4e7e-b32e-95c242fa5358,Trollosaur,巨魔龙,Item / 物品,Medium / 中型,Silver / 白银,Silver/Gold/Diamond,Dooley / 杜利,Dragon / 龙 | Dinosaur / 恐龙 | Weapon / 武器 | Friend / 伙伴,Damage / 伤害 | Burn / 灼烧,9.0,9,50,50/100/200,0,,0,,0,,0,,1,1,0,0,0,,0,,0,,0,0,0,0,"[主动] 造成50/100/200伤害
[主动] 造成灼烧，等量于此物品伤害的10%
[被动] 每场战斗中首次有任意玩家的生命值降至一半以下时，摧毁一件小型物品。
[被动] 当你摧毁物品时，使用此物品。",null,此物品的价值翻倍,减速2件物品2秒,冻结一件物品1秒,加速2件物品2秒,获得护盾，等量于此物品伤害量,获得治疗，等量于此物品伤害,造成剧毒，等量于此物品伤害的10%,此物品的灼烧翻倍,此物品+1多重释放,此物品+50%暴击率,此物品免疫冻结、减速和摧毁,此物品的伤害翻倍
d8e476dd-8184-4cb5-8cca-df1cb66c4305,Yellow Piggles L,黄色小圆猪 左,Item / 物品,Small / 小型,Bronze / 青铜,Bronze/Silver/Gold/Diamond,Pygmalien / 皮格马利翁,Toy / 玩具,ShieldRef / 护盾引用,4.0,4,0,,0,,0,,0,,0,,1,1,0,,0,,0,,0,,0,0,0,0,[主动] 左侧相邻的护盾物品获得5/10/15/20,null,,减速一件物品2秒,冻结一件物品0.5秒,加速左侧相邻的物品2秒,此物品的护盾加成翻倍,左侧相邻的物品获得0,左侧相邻的物品获得0,左侧相邻的物品获得0,此物品+1多重释放,左侧相邻的护盾物品+50%暴击率,此物品免疫冻结、减速和摧毁,左侧相邻的物品获得0
d903dda8-9c30-4325-a727-c885ad972025,Crook,曲柄杖,Item / 物品,Medium / 中型,Bronze / 青铜,Bronze/Silver/Gold/Diamond,Pygmalien / 皮格马利翁,Tool / 工具 | Weapon / 武器,Damage / 伤害,9.0,9,10,10,0,,0,,0,,0,,1,1,0,,0,,0,,0,,0,0,0,0,"[主动] 造成10伤害
[被动] 己方每拥有一件中型物品，就使己方中型物品+5/10/15/20 [0]",null,此物品的价值翻倍,减速2件物品2秒,冻结一件物品1秒,加速2件物品2秒,获得护盾，等量于此物品伤害量,获得治疗，等量于此物品伤害,造成剧毒，等量于此物品伤害的10%,造成灼烧，等量于此物品伤害的10%,此物品+1多重释放,己方每拥有一件中型物品，就使己方物品+10%暴击率,此物品免疫冻结、减速和摧毁,此物品的伤害翻倍
d9aca67c-67e1-4388-a32e-b04579ad2102,Strength Potion,力量药水,Item / 物品,Small / 小型,Silver / 白银,Silver/Gold/Diamond,Mak / 马克,Potion / 药水,Crit / 暴击 | Ammo / 弹药,6.0,6,0,,0,,0,,1,1,0,,1,1,0,,0,,0,,0,,0,0,0,0,"[主动] 己方物品暴击率提高+100%，持续3/4/5秒
[主动] 弹药: 1",null,此物品的价值翻倍,减速一件物品4秒,冻结一件物品1秒,加速一件物品4秒,获得110护盾,治疗110生命值,造成11剧毒,造成11灼烧,此物品使暴击效果的持续时间变为两倍,己方物品+10%暴击率,此物品免疫冻结、减速和摧毁,造成110伤害
d9b24744-c718-458e-b836-d61227ab5711,Gyro Gunsight,陀螺瞄准镜,Item / 物品,Small / 小型,Bronze / 青铜,Bronze/Silver/Gold/Diamond,Stelle / 斯黛尔,,DamageRef / 伤害引用 | FlyingRef / 飞行引用,0.0,,0,,0,,0,,0,,0,,0,,0,,0,,0,,0,,0,0,0,0,[被动] 当己方一件武器开始飞行时，该武器获得12/24/36/48,null,此物品的价值翻倍,当己方武器开始飞行时，减速一件物品1秒,当己方武器开始飞行时，冻结一件物品0.5秒,当己方武器开始飞行时，加速一件物品1秒,当己方武器开始飞行时，获得20护盾,当己方武器开始飞行时，获得20治疗,当己方武器开始飞行时，造成2剧毒,当己方武器开始飞行时，造成2灼烧,此物品的伤害加成翻倍,己方飞行物品+30%暴击率,此物品左侧相邻的物品受冻结和减速影响的时间减半,当己方武器开始飞行时，造成20伤害
da049bef-7176-4226-b078-dac37a503835,Magnus' Femur,马格努斯的股骨,Item / 物品,Large / 大型,Gold / 黄金,Gold/Diamond,Mak / 马克,Weapon / 武器 | Relic / 遗物,Damage / 伤害 | SlowRef / 减速引用,16.0,16,300,300,0,,0,,0,,0,,1,1,0,,0,,0,,0,,0,0,0,0,"[主动] 造成300伤害
[被动] 触发减速时，充能此物品2秒且此物品+35/70",null,此物品的价值翻倍,减速一件物品4秒,冻结一件物品2秒,加速一件物品4秒,获得护盾，等量于此物品伤害量,获得治疗，等量于此物品伤害,造成剧毒，等量于此物品伤害的10%,造成灼烧，等量于此物品伤害的10%,此物品+1多重释放,此物品+50%暴击率,此物品免疫冻结、减速和摧毁,此物品的伤害翻倍
da0ac18a-ddcc-441f-8f90-c3b17db1b28a,Cellar,地窖,Item / 物品,Medium / 中型,Bronze / 青铜,Bronze/Silver/Gold/Diamond,Mak / 马克,Property / 地产,Regen / 再生 | AmmoRef / 弹药引用,3.0,3,0,,0,,0,,0,,0,,1,1,0,,0,,1,1/2/4/8,0,,0,0,0,0,"[主动] 装填件物品
[主动] 生命再生量提高1/2/4/8
[被动] 每天开始时，获得一件催化剂",null,此物品的价值翻倍,减速2件物品1秒,冻结一件物品1秒,加速2件物品1秒,获得护盾，等量于此物品生命再生量的5倍,获得治疗，等量于此物品生命再生量的5倍,造成剧毒，等量于此物品生命再生量,造成灼烧，等量于此物品的生命再生量,此物品+1多重释放,此物品+50%暴击率,此物品免疫冻结、减速和摧毁,造成伤害，等量于此物品生命再生的5倍
da73d4b8-d857-4121-9a6f-c621546d36e3,Clawrence,利爪劳伦斯,Item / 物品,Medium / 中型,Bronze / 青铜,Bronze/Silver/Gold/Diamond,Dooley / 杜利,Friend / 伙伴 | Weapon / 武器,Damage / 伤害,6.0,6,20,20,0,,0,,0,,0,,1,1,0,,0,,0,,0,,0,0,0,0,"[主动] 造成20伤害
[被动] 当你使用另一件伙伴时，此物品获得10/20/30/40伤害",null,此物品的价值翻倍,减速2件物品1秒,冻结一件物品1秒,加速2件物品1秒,获得护盾，等量于此物品伤害量,获得治疗，等量于此物品伤害,造成剧毒，等量于此物品伤害的10%,造成灼烧，等量于此物品伤害的10%,此物品+1多重释放,此物品+50%暴击率,此物品免疫冻结、减速和摧毁,此物品的伤害翻倍
da766a09-0352-4966-829f-20bda8da48d7,Med Kit,医疗包,Item / 物品,Small / 小型,Bronze / 青铜,Bronze/Silver/Gold/Diamond,Common / 通用,Loot / 战利品,HealRef / 治疗引用,0.0,,0,,0,,0,,0,,0,,0,,0,,0,,0,,0,,0,0,0,0,[被动] 出售此物品时，己方最左侧的治疗物品永久获得5/10/20/40。,null,此物品的价值翻倍,出售此物品时，己方最左侧的减速物品获得1000减速持续时间,出售此物品时，己方最左侧的冻结物品获得200冻结持续时间,出售此物品时，己方最左侧的加速物品获得1000加速持续时间,出售此物品时，最左侧的护盾物品+20,此物品的治疗获取值翻倍,出售此物品时，己方最左侧的剧毒物品获得2,出售此物品时，己方最左侧的灼烧物品获得2,此物品的治疗获取值翻倍,出售此物品时，己方最左侧的物品获得10%暴击率,,出售此物品时，己方最左侧的武器获得20
daa37838-fd22-4791-bc1c-ee5ae31a081c,Weaselpede,百足鼬,Item / 物品,Medium / 中型,Silver / 白银,Silver/Gold/Diamond,Mak / 马克,Friend / 伙伴,Freeze / 冻结 | PoisonRef / 剧毒引用 | SlowRef / 减速引用,8.0,8/7/6,0,,0,,0,,0,,0,,1,1,0,,0,,0,,0,,0,0,0,0,"[主动] 冻结一件物品0.5秒
[被动] 触发减速或剧毒时，充能此物品2秒",null,此物品的价值翻倍,减速一件物品1秒,此物品的冻结持续时间翻倍,加速一件物品1秒,获得50护盾,治疗50生命值,造成5剧毒,造成5灼烧,此物品+1多重释放,己方剧毒物品+40%暴击率,此物品免疫冻结、减速和摧毁,造成50伤害
dab80323-ad8e-4874-a333-0c4e50a55b2a,Sword Cane,剑杖,Item / 物品,Medium / 中型,Bronze / 青铜,Bronze/Silver/Gold/Diamond,Mak / 马克,Weapon / 武器,Damage / 伤害 | Regen / 再生 | RegenRef / 再生引用 | Burn / 灼烧 | BurnRef / 灼烧引用 | Poison / 剧毒 | PoisonRef / 剧毒引用,5.0,5/4/3/2,20,20,0,,0,,0,,0,,1,1,2,2,2,2,2,2,0,,0,0,0,0,"[主动] 造成20伤害
[主动] 如果与生命再生物品相邻，则令生命再生量提高2。
 
如果与灼烧物品相邻，则造成2灼烧。
 
如果与剧毒物品相邻，则造成2剧毒",null,此物品的价值翻倍,减速2件物品1秒,冻结一件物品1秒,加速2件物品1秒,获得护盾，等量于此物品伤害量,获得治疗，等量于此物品伤害,此物品的剧毒翻倍,此物品的灼烧翻倍,此物品+1多重释放,此物品+50%暴击率,此物品免疫冻结、减速和摧毁,此物品的伤害翻倍
dc0a123c-61df-44c5-9281-41d0430b4123,Knife Set,刀具组,Item / 物品,Medium / 中型,Bronze / 青铜,Bronze/Silver/Gold/Diamond,Jules / 朱尔斯,Weapon / 武器 | Tool / 工具,Damage / 伤害,8.0,8,20,20,0,,0,,0,,0,,1,1,0,,0,,0,,0,,0,0,0,0,"[主动] 造成20伤害
[主动] 己方物品获得5/10/15/20
[被动] 当你使用另一件工具时，充能此物品1秒",null,此物品的价值翻倍,减速一件物品1秒,冻结一件物品0.5秒,加速一件物品1秒,获得护盾，等量于此物品伤害量,获得治疗，等量于此物品伤害,造成剧毒，等量于此物品伤害的10%,造成灼烧，等量于此物品伤害的10%,此物品+1多重释放,此物品+50%暴击率,此物品免疫冻结、减速和摧毁,此物品的伤害加成翻倍
dc3bf5cb-45fa-46c7-9a0e-3f3bfb01697d,Sharpening Stone,磨刀石,Item / 物品,Small / 小型,Bronze / 青铜,Bronze/Silver/Gold/Diamond,Common / 通用,Loot / 战利品,DamageRef / 伤害引用,0.0,,0,,0,,0,,0,,0,,0,,0,,0,,0,,0,,0,0,0,0,[被动] 出售此物品时，己方最左侧的武器永久获得4/8/16/32伤害,null,此物品的价值翻倍,出售此物品时，己方最左侧的减速物品获得200减速持续时间,出售此物品时，己方最左侧的冻结物品获得100冻结持续时间,出售此物品时，己方最左侧的加速物品获得200加速持续时间,出售此物品时，最左侧的护盾物品+10,出售此物品时，最左侧的治疗物品+10,出售此物品时，己方最左侧的剧毒物品获得1,出售此物品时，己方最左侧的灼烧物品获得1,此物品的伤害加成翻倍,出售此物品时，己方最左侧的物品获得2%暴击率,,此物品的伤害加成翻倍
dc43ae7a-a60a-42e7-a019-eb3c89b59a01,Coincure,金疗术,Item / 物品,Medium / 中型,Silver / 白银,Silver/Gold/Diamond,Pygmalien / 皮格马利翁,Tool / 工具,HealRef / 治疗引用 | DamageRef / 伤害引用 | Value / 价值,6.0,6,0,,0,,0,,0,,0,,1,1,0,,0,,0,,0,,0,0,0,0,"[主动] 己方物品伤害提高和治疗量提高，增幅等于此物品的价值
[被动] 当你治疗时，此物品+3/5/7价值",null,此物品的价值翻倍,减速2件物品2秒,冻结一件物品1秒,加速2件物品2秒,己方物品护盾提高，增幅等于此物品的价值 [0],此物品的治疗获取值翻倍,己方物品剧毒提高，增幅等于此物品价值的20% [0],己方物品灼烧提高，增幅等于此物品价值的20% [0],此物品+1多重释放,己方武器和治疗物品+25%暴击率,此物品免疫冻结、减速和摧毁,此物品的伤害提升翻倍
dccb72af-f46b-4a84-a0d1-918c8d285c4e,Flamethrower,火焰喷射枪,Item / 物品,Medium / 中型,Gold / 黄金,Gold/Diamond,Dooley / 杜利,Weapon / 武器 | Tool / 工具,Burn / 灼烧 | Damage / 伤害,7.0,7/5,10,10/20,0,,0,,0,,0,,1,1,0,0,0,,0,,0,,0,0,0,0,"[主动] 造成10/20伤害
[主动] 造成灼烧，等量于此物品伤害",null,此物品的价值翻倍,减速2件物品1秒,冻结一件物品1秒,加速2件物品1秒,获得护盾，等量于此物品灼烧的5倍,获得治疗，等量于此物品灼烧的5倍,造成剧毒，等量于此物品灼烧,此物品的灼烧翻倍,此物品+1多重释放,此物品+50%暴击率,此物品免疫冻结、减速和摧毁,此物品的伤害翻倍
dcd24486-3e93-4428-a414-caeba6720237,Pepper Spray,辣椒喷雾,Item / 物品,Small / 小型,Bronze / 青铜,Bronze/Silver/Gold/Diamond,Pygmalien / 皮格马利翁,,Burn / 灼烧 | Slow / 减速,5.0,5,0,,0,,0,,0,,0,,1,1,3,3/6/9/12,0,,0,,0,,0,0,0,0,"[主动] 造成3/6/9/12灼烧
[主动] 减速一件物品1/2/3/4秒
[被动] 每场战斗中首次生命值降至一半以下时，减速所有敌方物品1/2/3/4秒并摧毁此物品",null,此物品的价值翻倍,此物品的减速持续时间翻倍,冻结一件物品0.5秒,加速一件物品1秒,获得护盾，等量于此物品灼烧的5倍,获得治疗，等量于此物品灼烧的5倍,造成剧毒，等量于此物品灼烧,此物品的灼烧翻倍,此物品+1多重释放,此物品+50%暴击率,此物品免疫冻结、减速和摧毁,造成伤害，等量于此物品灼烧的5倍
dd1a8882-4326-4545-88c7-e063d789f4ad,Fairies,仙灵,Item / 物品,Small / 小型,Silver / 白银,Silver/Gold/Diamond,Karnok,Friend / 伙伴,Slow / 减速 | Freeze / 冻结 | Heal / 治疗,7.0,7/6/5,0,,10,10/20/30,0,,0,,0,,1,1,0,,0,,0,,0,,0,0,0,0,"[主动] 治疗10/20/30生命值
[主动] 减速任意一方的一件其他物品1秒
[主动] 冻结任意一方的一件其他物品1秒
[被动] 当任意其他物品被使用时，充能此物品1秒",null,此物品的价值翻倍,此物品额外减速一件物品,此物品额外冻结一件物品,加速一件物品1秒,获得护盾，等量于此物品治疗量,此物品的治疗翻倍,造成剧毒，等量于此物品治疗量的10%,造成灼烧，等量于此物品治疗量的10%,此物品+1多重释放,此物品+50%暴击率,此物品免疫冻结、减速和摧毁,造成伤害，等量于此物品治疗量
dd438f4e-77ea-4b7a-b59e-ae8906c49da8,Augment Reagents,,Item / 物品,Small / 小型,Bronze / 青铜,Bronze/Silver/Gold/Diamond,Vanessa / 瓦内莎 | Dooley / 杜利 | Jules / 朱尔斯 | Stelle / 斯黛尔 | Mak / 马克 | Pygmalien / 皮格马利翁,,,6.0,6,0,,0,,0,,0,,0,,1,1,0,,0,,0,,0,,0,0,0,0,[主动] 这是一个小型物品模板,null,此物品的价值翻倍,减速一件物品2秒,冻结一件物品1秒,加速一件物品2秒,获得30护盾,治疗30生命值,造成3剧毒,造成3灼烧,此物品+1多重释放,此物品+50%暴击率,此物品免疫冻结、减速和摧毁,造成30伤害
dd789cd1-77d0-422b-968b-7ddb581a700f,Wild Quillback,箭背野猪,Item / 物品,Medium / 中型,Silver / 白银,Silver/Gold/Diamond,Mak / 马克,Friend / 伙伴,Poison / 剧毒 | Regen / 再生 | DamageRef / 伤害引用,0.0,,0,,0,,0,,0,,0,,0,,0,,2,2/4/6,2,2/4/6,0,,0,0,0,0,"[被动] 当任意一方玩家使用武器时，对该玩家造成2/4/6剧毒
[被动] 当你使用非武器物品时，生命再生量提高2/4/6",null,此物品的价值翻倍,当任意一方玩家使用武器时，减速一件物品1秒,当任意一方玩家使用武器时，冻结一件物品0.5秒,当任意一方玩家使用非武器物品时，加速一件物品1秒,当你使用非武器物品时，获得护盾，等量于此物品剧毒的5倍,当你使用非武器物品时，获得治疗，等量于此物品剧毒的5倍,此物品的剧毒翻倍,当任意一方玩家使用武器时，造成灼烧，等量于此物品的剧毒,此物品的剧毒翻倍,相邻物品+40%暴击率,相邻物品受冻结和减速影响的时间减半,当任意一方玩家使用武器时，造成伤害，等量于此物品剧毒的5倍
dd913d79-7509-4c8a-b68a-5bf364dc521e,Wetware,湿件战服,Item / 物品,Medium / 中型,Bronze / 青铜,Bronze/Silver/Gold/Diamond,Vanessa / 瓦内莎,Aquatic / 水系 | Apparel / 服饰 | Tech / 科技,Shield / 护盾 | DamageRef / 伤害引用,6.0,6,0,,0,,10,10,0,,0,,1,1,0,,0,,0,,0,,0,0,0,0,"[主动] 获得10护盾
[被动] 当你使用武器时，此物品+15/25/35/45",null,此物品的价值翻倍,减速2件物品2秒,冻结一件物品1秒,加速2件物品2秒,此物品的护盾翻倍,获得治疗，等量于此物品护盾值,造成剧毒，等量于此物品护盾值的10%,造成灼烧，等量于此物品护盾值的10%,此物品+1多重释放,此物品+50%暴击率,此物品免疫冻结、减速和摧毁,造成伤害，等量于此物品护盾
ddbb956b-7c31-461f-ace1-c9ab0e314e18,Atmospheric Sampler,大气采样仪,Item / 物品,Medium / 中型,Diamond / 钻石,Diamond,Mak / 马克,Vehicle / 载具 | Tech / 科技,Charge / 充能 | FlyingRef / 飞行引用,0.0,,0,,0,,0,,0,,0,,0,,0,,0,,0,,0,,0,0,0,0,[被动] 使用附魔或飞行物品时，充能另外2件附魔或飞行物品1秒,null,此物品的价值翻倍,使用附魔或飞行物品时，减速1件物品1秒,使用附魔或飞行物品时，冻结一件物品0.5秒,使用附魔或飞行物品时，加速1件物品1秒,使用附魔或飞行物品时，获得40护盾,使用附魔或飞行物品时，获得40治疗,使用附魔或飞行物品时，造成4剧毒,使用附魔或飞行物品时，造成4灼烧,此物品的充能量翻倍,己方附魔和飞行物品+40%暴击率,相邻物品受冻结和减速影响的时间减半,使用附魔或飞行物品时，造成40伤害
de82424c-91e7-41c1-8ed5-edb7408cfad3,Waystones,旅途石,Item / 物品,Medium / 中型,Bronze / 青铜,Bronze/Silver/Gold/Diamond,Karnok,Relic / 遗物,Quest | Haste / 加速,5.0,5/4/3/2,0,,0,,0,,0,,0,,1,1,0,,0,,0,,0,,0,0,0,0,[主动] 加速另一件物品1秒,"目标: 拜访爱伊拉 | 奖励: 造成伤害
目标: 拜访赫玛 | 奖励: 治疗
目标: 拜访凯夫 | 奖励: 获得护盾
目标: 拜访瓦尔帕克 | 奖励: 己方战利品物品+1价值
目标: 拜访库里欧 | 奖励: 每天开始时，获得一件战利品物品
目标: 进行一次探险 | 奖励: 此物品+1多重释放",此物品的价值翻倍,减速一件物品1秒,冻结一件物品0.5秒,此物品的加速持续时间翻倍,此物品的护盾翻倍,此物品的治疗翻倍,造成剧毒，等量于此物品伤害的10%,造成灼烧，等量于此物品伤害的10%,此物品+1多重释放,此物品+50%暴击率,此物品免疫冻结、减速和摧毁,此物品的伤害翻倍
deaad0b0-27bc-4800-928f-0fdf443d2c2d,Citrus,柑橘,Item / 物品,Small / 小型,Bronze / 青铜,Bronze/Silver/Gold/Diamond,Common / 通用,Food / 食物,Regen / 再生,0.0,,0,,0,,0,,0,,0,,0,,0,,0,,0,,0,,0,0,0,0/1/2/3,[被动] 出售此物品时，生命再生量永久提高2/4/6/8,null,,出售此物品时，己方最左侧的减速物品获得200减速持续时间,出售此物品时，己方最左侧的冻结物品获得100冻结持续时间,出售此物品时，己方最左侧的加速物品获得200加速持续时间,出售此物品时，最左侧的护盾物品+10,出售此物品时，最左侧的治疗物品+10,出售此物品时，己方最左侧的剧毒物品获得1,出售此物品时，己方最左侧的灼烧物品获得1,此物品的生命再生量获取值翻倍,出售此物品时，己方最左侧的物品获得2%暴击率,,出售此物品时，己方最左侧的武器获得10
dec20bd9-9c83-4fcb-a5d2-e71352ed78d5,Sunderer,裂盾刀,Item / 物品,Small / 小型,Bronze / 青铜,Bronze/Silver/Gold/Diamond,Common / 通用,Weapon / 武器,Damage / 伤害 | ShieldRef / 护盾引用,5.0,5,10,10/20/40/80,0,,0,,0,,0,,1,1,0,,0,,0,,0,,0,0,0,0,"[主动] 造成10/20/40/80伤害
[主动] 敌方最高护盾的物品失去10%护盾",null,此物品的价值翻倍,减速一件物品2秒,冻结一件物品0.5秒,加速一件物品2秒,获得护盾，等量于此物品伤害量,获得治疗，等量于此物品伤害,造成剧毒，等量于此物品伤害的10%,造成灼烧，等量于此物品伤害的10%,此物品+1多重释放,此物品+50%暴击率,此物品免疫冻结、减速和摧毁,此物品的伤害翻倍
df089fce-2f5a-495f-86ce-11b06e1474d5,Azakan Stew,阿扎坎乱炖,Item / 物品,Medium / 中型,Silver / 白银,Silver/Gold/Diamond,Jules / 朱尔斯,Food / 食物,Burn / 灼烧 | Regen / 再生 | Shield / 护盾 | BurnRef / 灼烧引用 | RegenRef / 再生引用 | ShieldRef / 护盾引用 | FreezeRef / 冻结引用 | HeatedReference,8.0,8/7/6,0,,0,,30,30,0,,0,,1,1,3,3,0,,3,3,0,,0,0,0,0,"[主动] 获得30护盾
[主动] 生命再生量提高3
[主动] 高温时：造成3灼烧
[被动] 此物品以外，每拥有一种带有灼烧、护盾、生命再生或冻结的物品，此物品就+1多重释放",null,此物品的价值翻倍,减速1件物品1秒,冻结一件物品0.5秒,加速1件物品1秒,此物品的护盾翻倍,获得治疗，等量于此物品护盾值,造成剧毒，等量于此物品生命再生量,此物品的灼烧翻倍,此物品+1多重释放,此物品+50%暴击率,此物品免疫冻结、减速和摧毁,造成伤害，等量于此物品护盾
df67fa82-d189-4dc3-997c-69e7963189af,Premium Yellow Piggles,高级黄色小圆猪,Item / 物品,Small / 小型,Bronze / 青铜,Bronze/Silver/Gold/Diamond,Pygmalien / 皮格马利翁,Toy / 玩具,Shield / 护盾 | Value / 价值,5.0,5,0,,0,,0,0,0,,0,,1,1,0,,0,,0,,0,,0,0,0,0,[主动] 获得护盾，等量于此物品价值的三倍,null,此物品的价值翻倍,减速一件物品2秒,冻结一件物品0.5秒,加速一件物品2秒,此物品的护盾翻倍,获得治疗，等量于此物品护盾值,造成剧毒，等量于此物品护盾值的10%,造成灼烧，等量于此物品护盾值的10%,此物品+1多重释放,此物品+50%暴击率,此物品免疫冻结、减速和摧毁,造成伤害，等量于此物品护盾
df843af8-4b2f-498b-9e06-3fad3a246a08,Herb Shears,草药剪刀,Item / 物品,Small / 小型,Silver / 白银,Silver/Gold/Diamond,Jules / 朱尔斯,Weapon / 武器 | Tool / 工具,Damage / 伤害 | Charge / 充能,5.0,5/4/3,10,10,0,,0,,0,,0,,1,1,0,,0,,0,,0,,0,0,0,0,"[主动] 造成10伤害
[主动] 为相邻食物充能1秒",null,此物品的价值翻倍,减速一件物品1秒,冻结一件物品0.5秒,加速一件物品1秒,获得护盾，等量于此物品伤害量,获得治疗，等量于此物品伤害,造成剧毒，等量于此物品伤害的10%,造成灼烧，等量于此物品伤害的10%,此物品+1多重释放,此物品+50%暴击率,此物品免疫冻结、减速和摧毁,此物品的伤害翻倍
df87dc00-f0fe-4e47-b864-ad6b4bfea81a,Bottled Lightning,瓶装闪电,Item / 物品,Small / 小型,Bronze / 青铜,Bronze/Silver/Gold/Diamond,Mak / 马克,Potion / 药水 | Weapon / 武器,Damage / 伤害 | Burn / 灼烧 | Ammo / 弹药 | Crit / 暴击,6.0,6,15,15/30/60/120,0,,0,,1,1,100,100,1,1,1,1/2/3/4,0,,0,,0,,0,0,0,0,"[主动] 造成15/30/60/120伤害
[主动] 造成1/2/3/4灼烧
[主动] 弹药: 1",null,此物品的价值翻倍,减速一件物品3秒,冻结一件物品0.5秒,加速一件物品3秒,获得护盾，等量于此物品伤害量,获得治疗，等量于此物品伤害,造成剧毒，等量于此物品灼烧,此物品的灼烧翻倍,此物品+1多重释放,此物品造成双倍暴击伤害,此物品免疫冻结、减速和摧毁,此物品的伤害翻倍
dfb80133-6125-4e28-bec0-d3f715f21344,Spider Mace,蜘蛛连枷,Item / 物品,Small / 小型,Silver / 白银,Silver/Gold/Diamond,Mak / 马克,Weapon / 武器 | Relic / 遗物,Damage / 伤害 | SlowRef / 减速引用 | PoisonRef / 剧毒引用,10.0,10/9/8,25,25,0,,0,,0,,0,,1,1,0,,0,,0,,0,,0,0,0,0,"[主动] 造成25伤害
[被动] 触发减速或剧毒时，充能此物品2秒",null,此物品的价值翻倍,减速一件物品1秒,冻结一件物品0.5秒,加速一件物品1秒,获得护盾，等量于此物品伤害量,获得治疗，等量于此物品伤害,造成剧毒，等量于此物品伤害的10%,造成灼烧，等量于此物品伤害的10%,此物品+1多重释放,此物品+50%暴击率,此物品免疫冻结、减速和摧毁,此物品的伤害翻倍
dfbeb777-974b-4a66-bd35-683b859cafa7,Steel Bramble,钢棘,Item / 物品,Small / 小型,Silver / 白银,Silver/Gold/Diamond,Karnok,Tool / 工具,Rage,0.0,,0,,0,,0,,0,,0,,0,,0,,0,,0,,0,,0,0,0,0,[被动] 敌人使用物品时，获得怒火,null,此物品的价值翻倍,敌人使用物品时，减速一件物品1秒,敌人使用物品时，冻结一件物品0.5秒,敌人使用物品时，加速一件物品1秒,敌人使用物品时，获得10护盾,敌人使用物品时，获得10治疗,敌人使用物品时，造成1剧毒,敌人使用物品时，造成1灼烧,此物品的怒火获取值翻倍,敌人使用物品时，己方物品+5%暴击率,己方物品受冻结和减速影响的时间减半,敌人使用物品时，造成10伤害
e01ac7ab-1ad5-4235-81b4-44d057878953,Wild Boar,野猪,Item / 物品,Medium / 中型,Silver / 白银,Silver/Gold/Diamond,Karnok,Weapon / 武器 | Friend / 伙伴,Damage / 伤害 | Shield / 护盾 | ShieldRef / 护盾引用 | RageReference,8.0,8/7/6,0,0,0,,20,20,0,,0,,1,1,0,,0,,0,,0,,0,0,0,0,"[主动] 获得20护盾
[主动] 造成伤害，等量于己方护盾
[被动] 当你进入暴怒状态时，己方物品获得40/60/80",null,此物品的价值翻倍,减速2件物品2秒,冻结一件物品1秒,加速2件物品2秒,此物品的护盾翻倍,获得治疗，等量于当前护盾值,造成剧毒，等量于此物品伤害的10%,造成灼烧，等量于此物品伤害的10%,此物品+1多重释放,此物品+50%暴击率,此物品免疫冻结、减速和摧毁,此物品的伤害翻倍
e01e1043-3417-40f6-953e-d6a7357f2168,Ulu Knife,乌鲁刀,Item / 物品,Small / 小型,Bronze / 青铜,Bronze/Silver/Gold/Diamond,Jules / 朱尔斯,Weapon / 武器 | Tool / 工具,Damage / 伤害 | Crit / 暴击 | HasteRef / 加速引用,4.0,4,10,10,0,,0,,0,,0,,1,1,0,,0,,0,,0,,0,0,0,0,"[主动] 造成10伤害
[被动] 加速此物品时，此物品和相邻物品+5/10/15/20暴击率",null,此物品的价值翻倍,减速一件物品2秒,冻结一件物品0.5秒,加速一件物品2秒,获得护盾，等量于此物品伤害量,获得治疗，等量于此物品伤害,造成剧毒，等量于此物品伤害的10%,造成灼烧，等量于此物品伤害的10%,此物品+1多重释放,此物品的暴击率加成翻倍,此物品免疫冻结、减速和摧毁,此物品的伤害翻倍
e041875b-2949-4c56-8e01-ac50dbb06af6,Jitte,十手,Item / 物品,Small / 小型,Silver / 白银,Silver/Gold/Diamond,Vanessa / 瓦内莎,Weapon / 武器,Damage / 伤害 | Slow / 减速,5.0,5,20,20,0,,0,,0,,0,,1,1,0,,0,,0,,0,,0,0,0,0,"[主动] 造成20伤害
[主动] 减速一件物品1/2/3秒
[被动] 触发减速时，此物品+10/20/30伤害",null,此物品的价值翻倍,此物品的减速持续时间翻倍,冻结一件物品0.5秒,加速一件物品3秒,获得护盾，等量于此物品伤害量,获得治疗，等量于此物品伤害,造成剧毒，等量于此物品伤害的10%,造成灼烧，等量于此物品伤害的10%,此物品+1多重释放,此物品+50%暴击率,此物品免疫冻结、减速和摧毁,此物品的伤害翻倍
e0420e4b-b53b-4b05-8074-1622200ca9ce,Z-Shield,Z-护盾,Item / 物品,Medium / 中型,Silver / 白银,Silver/Gold/Diamond,Dooley / 杜利,Tech / 科技,Shield / 护盾 | Freeze / 冻结 | Cooldown / 冷却,7.0,7/6/5,0,,0,,75,75,0,,0,,0,,0,,0,,0,,0,,0,0,0,0,"[主动] 获得75护盾
[主动] 冻结一件物品1秒
[被动] 相邻物品的冷却时间缩短10/15/20%
[被动] 如果你有一件大型物品，此物品+1多重释放",null,此物品的价值翻倍,减速2件物品1秒,此物品的冻结持续时间翻倍,加速2件物品1秒,此物品的护盾翻倍,获得治疗，等量于此物品护盾值,造成剧毒，等量于此物品护盾值的10%,造成灼烧，等量于此物品护盾值的10%,此物品+1多重释放,此物品+50%暴击率,此物品免疫冻结、减速和摧毁,造成伤害，等量于此物品护盾
e0c12480-b4f6-44e7-844d-b695cace791c,Imu,伊姆,Item / 物品,Medium / 中型,Silver / 白银,Silver/Gold/Diamond,Jules / 朱尔斯,Tool / 工具,Burn / 灼烧 | SlowRef / 减速引用 | HeatedReference,3.0,3,0,,0,,0,,0,,0,,1,1,4,4/6/8,0,,0,,0,,0,0,0,0,"[主动] 造成4/6/8灼烧
[被动] 高温时：触发减速时，造成4/6/8灼烧",null,此物品的价值翻倍,减速一件物品1秒,冻结一件物品0.5秒,加速一件物品1秒,高温时：触发减速时，获得护盾，等量于此物品灼烧的5倍,高温时：触发减速时，获得治疗，等量于此物品灼烧的5倍,高温时：触发减速时，造成剧毒，等量于此物品的灼烧,此物品的灼烧翻倍,此物品+1多重释放,高温时：触发减速时，己方物品+10%暴击率,此物品免疫冻结、减速和摧毁,高温时：触发减速时，造成伤害，等量于此物品灼烧的5倍
e13d521c-b960-4072-83db-fe4af598dd57,Throwing Knives,投掷飞刀,Item / 物品,Small / 小型,Gold / 黄金,Gold/Diamond,Vanessa / 瓦内莎,Weapon / 武器,Damage / 伤害 | CritReference | Ammo / 弹药,4.0,4,33,33,0,,0,,2,2/4,0,,1,1,0,,0,,0,,0,,0,0,0,0,"[主动] 造成33伤害
[主动] 弹药: 2/4
[被动] 当你使用另一件物品暴击时，使用此物品",null,此物品的价值翻倍,减速一件物品1秒,冻结一件物品0.5秒,加速一件物品1秒,获得护盾，等量于此物品伤害量,获得治疗，等量于此物品伤害,造成剧毒，等量于此物品伤害的10%,造成灼烧，等量于此物品伤害的10%,此物品+1多重释放,此物品+50%暴击率,此物品免疫冻结、减速和摧毁,此物品的伤害翻倍
e1c287a8-4d9b-4ab4-899a-eb54d1446d6f,Rex Spex,机甲暴龙,Item / 物品,Large / 大型,Gold / 黄金,Gold/Diamond,Dooley / 杜利,Dinosaur / 恐龙 | Friend / 伙伴 | Weapon / 武器,Damage / 伤害,10.0,10,25,25,0,,0,,0,,0,,1,1,0,,0,,0,,0,,0,0,0,0,"[主动] 造成25伤害
[主动] 如果对手的物品数量比你多，就摧毁一件物品
[被动] 每有一个相邻的恐龙或遗物，此物品的冷却时间就缩短1000秒。
[被动] 当你使用另一件伙伴或遗物时，此物品获得80/160。",null,此物品的价值翻倍。,减速3件物品3秒,冻结3件物品1秒,加速3件物品3秒,获得护盾，等量于此物品伤害量,获得治疗，等量于此物品伤害,造成剧毒，等量于此物品伤害的10%,造成灼烧，等量于此物品伤害的10%,此物品+1多重释放。,此物品+50%暴击率。,此物品免疫冻结、减速和摧毁。,此物品的伤害翻倍。
e1f77ca7-8c4c-4e40-8a42-fd125f6104ae,Propeller,螺旋桨,Item / 物品,Medium / 中型,Silver / 白银,Silver/Gold/Diamond,Stelle / 斯黛尔,Tool / 工具,Flying / 飞行 | Cooldown / 冷却,4.0,4,0,,0,,0,,0,,0,,1,1,0,,0,,0,,0,,0,0,0,0,"[主动] 一件物品开始飞行
[被动] 己方飞行物品的冷却时间缩短10/15/20%",null,此物品的价值翻倍,当你使用飞行物品时，减速一件物品1秒,当你使用飞行物品时，冻结一件物品0.5秒,当你使用飞行物品时，加速一件物品1秒,使用飞行物品时，获得20护盾,使用飞行物品时，获得20治疗,使用飞行物品时，造成2剧毒,使用飞行物品时，造成2灼烧,此物品+1多重释放,,此物品免疫冻结、减速和摧毁,使用飞行物品时，造成20伤害
e21985a8-fe05-4142-ab65-93c110545ec3,Icicle,冰锥,Item / 物品,Small / 小型,Bronze / 青铜,Bronze/Silver/Gold/Diamond,Common / 通用,,Freeze / 冻结,0.0,,0,,0,,0,,0,,0,,0,,0,,0,,0,,0,,0,0,0,0,[被动] 每场战斗开始时，冻结一件物品3/4/5/6秒,null,此物品的价值翻倍,每场战斗开始时，减速一件物品4秒,此物品的冻结持续时间翻倍,每场战斗开始时，加速一件物品4秒,每场战斗开始时，获得60护盾,每场战斗开始时，获得60治疗,每场战斗开始时，造成6剧毒,每场战斗开始时，造成6灼烧,此物品的冻结持续时间翻倍,己方物品+20%暴击率,相邻物品受冻结和减速影响的时间减半,每场战斗开始时，造成60伤害
e21b85fb-4cd0-4e63-b508-34c7f56b7738,Stress Ball,减压球,Item / 物品,Small / 小型,Bronze / 青铜,Bronze/Silver/Gold/Diamond,Common / 通用,Toy / 玩具,Shield / 护盾,3.0,3,0,,0,,10,10/20/40/80,0,,0,,1,1,0,,0,,0,,0,,0,0,0,0,[主动] 获得10/20/40/80护盾,null,此物品的价值翻倍,减速一件物品1秒,冻结一件物品0.5秒,加速一件物品1秒,此物品的护盾翻倍,获得治疗，等量于此物品护盾值,造成剧毒，等量于此物品护盾值的10%,造成灼烧，等量于此物品护盾值的10%,此物品+1多重释放,此物品+50%暴击率,此物品免疫冻结、减速和摧毁,造成伤害，等量于此物品护盾
e2a09e24-d454-450f-a39a-23f505ee32fa,Friendly Doll,友好玩偶,Item / 物品,Small / 小型,Silver / 白银,Silver/Gold/Diamond,Common / 通用,Weapon / 武器 | Friend / 伙伴 | Toy / 玩具,Damage / 伤害 | CritReference,3.0,3,5,5/15/30,0,,0,,0,,0,,1,1,0,,0,,0,,0,,0,0,0,0,"[主动] 造成5/15/30伤害
[被动] 如果此物品是己方唯一的伙伴，此物品+50/75/100%暴击率",null,此物品的价值翻倍,减速一件物品1秒,冻结一件物品0.5秒,加速一件物品1秒,获得护盾，等量于此物品伤害量,获得治疗，等量于此物品伤害,造成剧毒，等量于此物品伤害的10%,造成灼烧，等量于此物品伤害的10%,此物品+1多重释放,此物品的暴击率加成翻倍,此物品免疫冻结、减速和摧毁,此物品的伤害翻倍
e2d2ba81-18d9-42a4-bbcb-39d1a183e807,Bionic Arm,仿生手臂,Item / 物品,Medium / 中型,Silver / 白银,Silver/Gold/Diamond,Common / 通用,Weapon / 武器 | Tech / 科技,Damage / 伤害,8.0,8/7/6,0,0,0,,0,,0,,0,,1,1,0,,0,,0,,0,,0,0,0,0,"[主动] 左侧每有一件物品，造成50/75/100伤害
[被动] 右侧每有一件科技物品，此物品冷却时间缩短1秒",null,此物品的价值翻倍,减速2件物品1秒,冻结一件物品1秒,加速2件物品1秒,获得护盾，等量于此物品伤害量,获得治疗，等量于此物品伤害,造成剧毒，等量于此物品伤害的10%,造成灼烧，等量于此物品伤害的10%,此物品的伤害加成翻倍,此物品+50%暴击率,此物品免疫冻结、减速和摧毁,此物品的伤害翻倍
e3070870-881c-497d-879f-2d91e962e0e2,Fire Claw,火爪,Item / 物品,Medium / 中型,Gold / 黄金,Gold/Diamond,Mak / 马克,Relic / 遗物,Burn / 灼烧,6.0,6,0,,0,,0,,0,,0,,1,1,10,10,0,,0,,0,,0,0,0,0,"[主动] 造成10灼烧
[被动] 此物品的灼烧提高，增幅等于己方其他物品灼烧的50/100%",null,此物品的价值翻倍,减速2件物品2秒,冻结一件物品1秒,加速2件物品2秒,获得护盾，等量于此物品灼烧的5倍,获得治疗，等量于此物品灼烧的5倍,造成剧毒，等量于此物品灼烧,此物品的灼烧翻倍,此物品+1多重释放,此物品+50%暴击率,此物品免疫冻结、减速和摧毁,造成伤害，等量于此物品灼烧的5倍
e37638c3-4e5c-472c-96f9-b503a86e0fe3,Double Whammy,双头巨锤,Item / 物品,Large / 大型,Gold / 黄金,Gold/Diamond,Pygmalien / 皮格马利翁,Weapon / 武器,Damage / 伤害 | HealthRef / 生命值引用,12.0,12/10,0,0,0,,0,,0,,0,,2,2,0,,0,,0,,0,,0,0,0,0,[主动] 造成伤害，等量于最大生命值的20%,null,此物品的价值翻倍,减速3件物品4秒,冻结3件物品1秒,加速3件物品4秒,获得护盾，等量于此物品伤害量,获得治疗，等量于此物品伤害,造成剧毒，等量于此物品伤害的10%,造成灼烧，等量于此物品伤害的10%,此物品+1多重释放,此物品+50%暴击率,此物品免疫冻结、减速和摧毁,此物品的伤害翻倍
e45d3e01-ed5e-4b13-b50b-668adecd485b,Pasta Maker,制面机,Item / 物品,Medium / 中型,Bronze / 青铜,Bronze/Silver/Gold/Diamond,Jules / 朱尔斯,Tool / 工具,Haste / 加速,7.0,7/6/5/4,0,,0,,0,,0,,0,,1,1,0,,0,,0,,0,,0,0,0,0,"[主动] 加速相邻食物2秒
[被动] 每天开始时，获得一份意面",null,……并为该物品赋予黄金附魔（如适用）,……并为该物品赋予沉重附魔（如适用）,……并为该物品赋予寒冰附魔（如适用）,……并为该物品赋予疾速附魔（如适用）,……并为该物品赋予护盾附魔（如适用）,……并为该物品赋予回复附魔（如适用）,……并为该物品赋予剧毒附魔（如适用）,……并为该物品赋予炽焰附魔（如适用）,……并为该物品赋予闪亮附魔（如适用）,……并为该物品赋予致命附魔（如适用）,……并为该物品赋予辉耀附魔（如适用）,……并为该物品赋予黑曜石附魔（如适用）
e461a72e-d83a-4584-b2c9-a52224ae833a,Infernal Catapult,地狱投石机,Item / 物品,Large / 大型,Bronze / 青铜,Bronze/Silver/Gold/Diamond,Common / 通用,,Burn / 灼烧,3.0,3,0,,0,,0,,1,1,0,,1,1,15,15/30/45/60,0,,0,,0,,0,0,0,0,"[主动] 造成15/30/45/60灼烧
[主动] 弹药: 1",null,此物品的价值翻倍,减速3件物品1秒,冻结2件物品1秒,加速3件物品1秒,获得护盾，等量于此物品灼烧的5倍,获得治疗，等量于此物品灼烧的5倍,造成剧毒，等量于此物品灼烧,此物品的灼烧翻倍,此物品+1多重释放,此物品+50%暴击率,此物品免疫冻结、减速和摧毁,造成伤害，等量于此物品灼烧的5倍
e49c1076-8a74-4f48-b385-0819c2fbe6ca,Sandbags,沙袋,Item / 物品,Medium / 中型,Silver / 白银,Silver/Gold/Diamond,Stelle / 斯黛尔,,Ammo / 弹药 | Flying / 飞行 | Charge / 充能 | Slow / 减速,3.0,3,0,,0,,0,,2,2,0,,1,1,0,,0,,0,,0,,0,0,0,0,"[主动] 使2/3/4辆载具开始飞行
[主动] 弹药: 2
[被动] 当己方载具开始飞行时，为其充能1秒
[被动] 此物品被摧毁时，减速2/3/4件物品2秒",null,此物品的价值翻倍,此物品的减速持续时间翻倍,冻结一件物品0.5秒,加速一件物品1秒,获得20护盾,治疗20生命值,造成2剧毒,造成2灼烧,此物品+1多重释放,己方载具+40%暴击率,此物品免疫冻结和减速,造成20伤害
e49c8ca8-36e9-4018-9d57-8d2c1e45920a,Private Jet,私人喷气机,Item / 物品,Large / 大型,Silver / 白银,Silver/Gold/Diamond,Pygmalien / 皮格马利翁,Vehicle / 载具,EconomyRef / 经济引用 | Flying / 飞行 | FlyingRef / 飞行引用 | DamageRef / 伤害引用 | ShieldRef / 护盾引用 | HealRef / 治疗引用,4.0,4/3/2,0,,0,,0,,0,,0,,1,1,0,,0,,0,,0,,0,0,0,0,"[主动] 此物品和一件物品开始飞行
[被动] 相邻物品的+伤害、+护盾和+治疗，增幅等于其各自的价值
[被动] 当你使用飞行物品时，相邻物品获得+5/10/15价值",null,此物品的价值加成翻倍,当你使用飞行物品时，减速一件物品1秒,当你使用飞行物品时，冻结一件物品0.5秒,当你使用飞行物品时，加速一件物品1秒,使用飞行物品时，获得30护盾,使用飞行物品时，获得30治疗,使用飞行物品时，造成3剧毒,使用飞行物品时，造成3灼烧,此物品+1多重释放,己方飞行物品+50%暴击率,此物品免疫冻结、减速和摧毁,使用飞行物品时，造成30伤害
e574a4ba-f984-446c-ae5b-75d75cd4b857,Tazidian Dagger,塔兹迪亚匕首,Item / 物品,Small / 小型,Bronze / 青铜,Bronze/Silver/Gold/Diamond,Mak / 马克,Weapon / 武器 | Relic / 遗物,Damage / 伤害 | PotionRef / 药水引用 | AmmoRef / 弹药引用,6.0,6,10,10/20/40/80,0,,0,,0,,0,,1,1,0,,0,,0,,0,,0,0,0,0,"[主动] 造成10/20/40/80伤害
[被动] 左侧相邻的药水+1/2/3/4弹药",null,此物品的价值翻倍,减速一件物品3秒,冻结一件物品0.5秒,加速一件物品3秒,获得护盾，等量于此物品伤害量,获得治疗，等量于此物品伤害,造成剧毒，等量于此物品伤害的10%,造成灼烧，等量于此物品伤害的10%,此物品+1多重释放,此物品+50%暴击率,此物品免疫冻结、减速和摧毁,此物品的伤害翻倍
e58f2534-e50e-49da-acdf-5bb270d77a3c,Hang Glider,悬挂滑翔翼,Item / 物品,Large / 大型,Gold / 黄金,Gold/Diamond,Stelle / 斯黛尔,Vehicle / 载具 | Weapon / 武器,Flying / 飞行 | Damage / 伤害 | FlyingRef / 飞行引用,5.0,5/4,100,100/200,0,,0,,0,,0,,1,1,0,,0,,0,,0,,0,0,0,0,"[主动] 其他物品开始飞行
[主动] 己方飞行武器和此物品获得35/70
[被动] 己方物品停止飞行时，造成100/200伤害",null,此物品的价值翻倍,减速2件物品1秒,冻结一件物品1秒,加速2件物品1秒,己方物品停止飞行时，获得护盾，等量于此物品的伤害,己方物品停止飞行时，获得治疗，等量于此物品的伤害,己方物品停止飞行时，造成剧毒，等量于此物品伤害的10%,己方物品停止飞行时，造成灼烧，等量于此物品伤害的10%,此物品+1多重释放,己方物品+30%暴击率,此物品免疫冻结、减速和摧毁,此物品的伤害翻倍
e5af5b7c-2e8f-4135-8e14-8d1ea71908de,Sword of Swords,万剑之王,Item / 物品,Medium / 中型,Legendary / 传奇,Diamond/Legendary,Common / 通用,Weapon / 武器 | Relic / 遗物,Damage / 伤害,5.0,5,150,150,0,,0,,0,,0,,1,1,0,,0,,0,,0,,0,0,0,0,"[主动] 造成150伤害
[被动] 你拥有的每件来自其他英雄的物品使此物品+1多重释放",null,此物品的价值翻倍,减速2件物品1秒,冻结一件物品1秒,加速2件物品1秒,获得护盾，等量于此物品伤害量,获得治疗，等量于此物品伤害,造成剧毒，等量于此物品伤害的10%,造成灼烧，等量于此物品伤害的10%,此物品+1多重释放,此物品+50%暴击率,此物品免疫冻结、减速和摧毁,此物品的伤害翻倍
e5c4c116-32ca-4856-83d2-721e0e751b2e,Cryosphere,冰能球,Item / 物品,Medium / 中型,Gold / 黄金,Gold/Diamond,Dooley / 杜利,Tech / 科技,Freeze / 冻结,10.0,10,0,,0,,0,,0,,0,,1,1,0,,0,,0,,0,,0,0,0,0,[主动] 冻结双方玩家的非核心物品2/3秒,null,此物品的价值翻倍,减速除己方核心之外的所有物品4秒,此物品的冻结持续时间翻倍,加速2件物品4秒,获得500护盾,治疗500生命值,造成50剧毒,造成50灼烧,此物品+1多重释放,己方物品+30%暴击率,此物品免疫冻结、减速和摧毁,造成500伤害
e6451368-8fdf-48ae-8369-cb09cca48749,Railgun,轨道炮,Item / 物品,Large / 大型,Gold / 黄金,Gold/Diamond,Dooley / 杜利,Weapon / 武器 | Tech / 科技,TechReference | Damage / 伤害,12.0,12/10,250,250/500,0,,0,,0,,0,,1,1,0,,0,,0,,0,,0,0,0,0,"[主动] 造成250/500伤害
[被动] 使用其他科技物品时，充能此物品2秒",目标: 购买6件科技物品 | 奖励: ,此物品的价值翻倍,减速2件物品1秒,冻结1件物品1秒,加速2件物品1秒,获得护盾，等量于此物品伤害量,获得治疗，等量于此物品伤害,造成剧毒，等量于此物品伤害的10%,造成灼烧，等量于此物品伤害的10%,此物品+1多重释放,此物品+50%暴击率,此物品免疫冻结、减速和摧毁,此物品的伤害翻倍
e69fe274-6cdf-484e-887c-cc431ad999d8,Great Eagle,巨鹰,Item / 物品,Large / 大型,Gold / 黄金,Gold/Diamond,Karnok,Weapon / 武器 | Vehicle / 载具 | Friend / 伙伴,Damage / 伤害 | Flying / 飞行 | RageReference,8.0,8,300,300/600,0,,0,,0,,0,,1,1,0,,0,,0,,0,,0,0,0,0,"[主动] 造成300/600伤害
[被动] 己方飞行物品+50/100%伤害和护盾
[被动] 当你进入暴怒状态时，己方3件物品开始飞行",null,此物品的价值翻倍,减速3件物品3秒,冻结3件物品1秒,加速3件物品3秒,获得护盾，等量于此物品伤害量,获得治疗，等量于此物品伤害,造成剧毒，等量于此物品伤害的10%,造成灼烧，等量于此物品伤害的10%,此物品+1多重释放,此物品+50%暴击率,此物品免疫冻结、减速和摧毁,此物品的伤害翻倍
e6a183ce-0ea9-4981-bbfb-95be32b93de2,Grapeshot,葡萄弹,Item / 物品,Small / 小型,Bronze / 青铜,Bronze/Silver/Gold/Diamond,Vanessa / 瓦内莎,Weapon / 武器,Damage / 伤害 | Ammo / 弹药,4.0,4,30,30/60/120/240,0,,0,,1,1,0,,1,1,0,,0,,0,,0,,0,0,0,0,"[主动] 造成30/60/120/240伤害
[主动] 弹药: 1
[被动] 当你使用另一件弹药物品时，装填1点弹药",null,此物品的价值翻倍,减速一件物品2秒,冻结一件物品0.5秒,加速一件物品2秒,获得护盾，等量于此物品伤害量,获得治疗，等量于此物品伤害,造成剧毒，等量于此物品伤害的10%,造成灼烧，等量于此物品伤害的10%,此物品+1多重释放,此物品+50%暴击率,此物品免疫冻结、减速和摧毁,此物品的伤害翻倍
e6d331a7-c0e3-4619-9eee-c7c5023969bb,Black Pepper,黑胡椒,Item / 物品,Small / 小型,Bronze / 青铜,Bronze/Silver/Gold/Diamond,Jules / 朱尔斯,Food / 食物,Burn / 灼烧 | Charge / 充能,6.0,6/5/4/3,0,,0,,0,,0,,0,,0,,4,4,0,,0,,0,,0,0,0,0,"[主动] 造成4灼烧
[主动] 为相邻物品充能1秒",null,此物品的价值翻倍,减速一件物品1秒,冻结一件物品0.5秒,加速一件物品1秒,获得护盾，等量于此物品灼烧的5倍,获得治疗，等量于此物品灼烧的5倍,造成剧毒，等量于此物品灼烧,此物品的灼烧翻倍,此物品+1多重释放,此物品+50%暴击率,此物品免疫冻结、减速和摧毁,造成伤害，等量于此物品灼烧的5倍
e75ea50a-e67c-47e4-a4b1-304b87b90cf9,IllusoRay,迷幻蝠鲼,Item / 物品,Small / 小型,Bronze / 青铜,Bronze/Silver/Gold/Diamond,Vanessa / 瓦内莎,Aquatic / 水系 | Friend / 伙伴 | Ray / 射线,Slow / 减速,6.0,6,0,,0,,0,,0,,0,,1,1,0,,0,,0,,0,,0,0,0,0,"[主动] 减速一件物品1/2/3/4秒
[被动] 相邻每有一件伙伴或射线物品，此物品+1多重释放",null,此物品的价值翻倍,此物品的减速持续时间翻倍,冻结一件物品0.5秒,加速一件物品1秒,获得20护盾,治疗20生命值,造成2剧毒,造成2灼烧,此物品+1多重释放,相邻伙伴+50%暴击率,此物品免疫冻结、减速和摧毁,造成20伤害
e793c9e1-072d-412f-8761-2dee7276fb89,Marshalling Lights,引导灯,Item / 物品,Small / 小型,Bronze / 青铜,Bronze/Silver/Gold/Diamond,Stelle / 斯黛尔,Tool / 工具,Flying / 飞行,5.0,5,0,,0,,0,,0,,0,,1,1,0,,0,,0,,0,,0,0,0,0,[主动] 使1/2/3/4件物品停止飞行,null,此物品的价值翻倍,减速一件物品2秒,冻结一件物品0.5秒,加速一件物品2秒,获得40护盾,治疗40生命值,造成4剧毒,造成4灼烧,此物品+1多重释放,己方物品+10%暴击率,此物品免疫冻结、减速和摧毁,造成40伤害
e7cc828b-4a2b-4207-9a6a-c955553c632d,Beta Ray,贝塔射线,Item / 物品,Small / 小型,Silver / 白银,Silver/Gold/Diamond,Dooley / 杜利,Ray / 射线 | Tech / 科技,Freeze / 冻结,7.0,7,0,,0,,0,,0,,0,,1,1,0,,0,,0,,0,,0,0,0,0,"[主动] 冻结一件物品1/1.5/2秒
[被动] 当你使用核心或其他射线（鳐）时，充能此物品1秒。",null,此物品的价值翻倍,减速一件物品1秒,此物品的冻结持续时间翻倍,加速一件物品1秒,获得20护盾,治疗20生命值,造成2剧毒,造成2灼烧,此物品+1多重释放,己方射线+25%暴击率,此物品免疫冻结、减速和摧毁,造成20伤害
e833f9cf-39ac-44ca-a287-7bd6ddebc77e,Orange Piggles A,橙色小圆猪 A,Item / 物品,Small / 小型,Bronze / 青铜,Bronze/Silver/Gold/Diamond,Pygmalien / 皮格马利翁,Toy / 玩具,BurnRef / 灼烧引用,5.0,5,0,,0,,0,,0,,0,,1,1,0,,0,,0,,0,,0,0,0,0,[主动] 相邻的灼烧物品获得1/2/3/4,null,,减速一件物品2秒,冻结一件物品0.5秒,加速一件物品2秒,获得30护盾,治疗30生命值,造成3剧毒,此物品的灼烧加成翻倍,此物品+1多重释放,相邻灼烧物品+25%暴击率,此物品免疫冻结、减速和摧毁,造成30伤害
e8dea331-db8e-4f11-84ad-1869c6d593b5,Headset,头戴式耳机,Item / 物品,Small / 小型,Bronze / 青铜,Bronze/Silver/Gold/Diamond,Stelle / 斯黛尔,Tech / 科技 | Apparel / 服饰,Haste / 加速 | FlyingRef / 飞行引用,0.0,,0,,0,,0,,0,,0,,0,,0,,0,,0,,0,,0,0,0,0,[被动] 当己方物品开始飞行时，加速该物品1/2/3/4秒。,null,此物品的价值翻倍,当己方物品开始飞行时，减速一件物品1秒,当己方物品开始飞行时，冻结一件物品0.5秒,此物品的加速持续时间翻倍,当己方物品开始飞行时，获得10护盾。,当己方物品开始飞行时，获得10治疗。,当己方物品开始飞行时，造成1剧毒。,当己方物品开始飞行时，造成1灼烧。,此物品的加速持续时间翻倍,己方物品开始飞行时，己方物品+2%暴击率,相邻物品受冻结和减速影响的时间减半,当己方物品开始飞行时，造成10伤害。
e923019b-fd40-487c-85af-edaa930095b8,Bunker,掩体,Item / 物品,Large / 大型,Gold / 黄金,Gold/Diamond,Dooley / 杜利,Property / 地产,ShieldRef / 护盾引用,0.0,,0,,0,,0,,0,,0,,0,,0,,0,,0,,0,,0,0,0,0,"[被动] 你受到的伤害减少10/20%
[被动] 己方护盾物品+1多重释放",null,此物品的价值翻倍,当你使用护盾物品时，减速一件物品1秒,当你使用护盾物品时，冻结一件物品0.5秒,当你使用护盾物品时，加速一件物品1秒,当你使用护盾物品时，获得30护盾,当你使用护盾物品时，获得30治疗,当你使用护盾物品时，造成3剧毒,当你使用护盾物品时，造成3灼烧,此物品的多重释放加成翻倍,己方护盾物品+50%暴击率,己方护盾物品受到的冻结和减速持续时间减半,当你使用护盾物品时，造成30伤害
e93df1d5-112d-41ef-9336-e784053d09be,In-Flight Meal,机上餐点,Item / 物品,Medium / 中型,Silver / 白银,Silver/Gold/Diamond,Stelle / 斯黛尔,Food / 食物,Heal / 治疗 | FlyingRef / 飞行引用 | Health / 生命值 | Quest,6.0,6,0,,50,50,0,,0,,0,,1,1,0,,0,,0,,0,,0,0,0,0,"[主动] 治疗50生命值
[被动] 当己方物品开始飞行时，此物品获得50/75/100
[被动] 出售此物品时，获得5/10/15%最大生命值[5/10/15]",目标: 使己方50件物品飞行 | 奖励: 此物品的最大生命值获取值翻倍,此物品的价值翻倍,减速2件物品2秒,冻结一件物品1秒,加速2件物品2秒,获得护盾，等量于此物品治疗量,此物品的治疗翻倍,造成剧毒，等量于此物品治疗量的10%,造成灼烧，等量于此物品治疗量的10%,此物品+1多重释放,此物品+50%暴击率,此物品免疫冻结、减速和摧毁,造成伤害，等量于此物品治疗量
ea887c05-b3e9-4a3c-abc6-0181bdf6bc5a,Shipwreck,船骸,Item / 物品,Large / 大型,Diamond / 钻石,Diamond,Vanessa / 瓦内莎,Aquatic / 水系 | Vehicle / 载具 | Property / 地产 | Relic / 遗物,,0.0,,0,,0,,0,,0,,0,,0,,0,,0,,0,,0,,0,0,0,0,[被动] 己方水系物品+1多重释放,null,此物品的价值翻倍,使用水系物品时，减速一件物品1秒,使用水系物品时，冻结一件物品0.5秒,使用水系物品时，加速一件物品1秒,使用水系物品时，获得30护盾,使用水系物品时，获得30治疗,使用水系物品时，造成3剧毒,使用水系物品时，造成3灼烧,此物品的多重释放加成翻倍,己方水系物品+50%暴击率,己方水系物品受冻结和减速影响的时长减半,使用水系物品时，造成30伤害
eaad7107-19ac-4f35-b1fb-9359ca33968d,Pizza Cutter,披萨切刀,Item / 物品,Small / 小型,Silver / 白银,Silver/Gold/Diamond,Jules / 朱尔斯,Weapon / 武器 | Tool / 工具,Damage / 伤害 | HeatedReference | Charge / 充能,5.0,5/4/3,10,10,0,,0,,0,,0,,1,1,0,,0,,0,,0,,0,0,0,0,"[主动] 造成10伤害
[主动] 充能右侧相邻的食物1秒，如果该食物获得高温效果，则改为充能2秒",null,此物品的价值翻倍,减速一件物品2秒,冻结一件物品0.5秒,加速一件物品2秒,获得护盾，等量于此物品伤害量,获得治疗，等量于此物品伤害,造成剧毒，等量于此物品伤害的10%,造成灼烧，等量于此物品伤害的10%,此物品+1多重释放,此物品+50%暴击率,此物品免疫冻结、减速和摧毁,此物品的伤害翻倍
eb8e7853-6827-4577-b6d8-648d82d19864,Crude Tools,粗陋工具,Item / 物品,Small / 小型,Silver / 白银,Silver/Gold/Diamond,Dooley / 杜利,Tool / 工具 | Relic / 遗物,Charge / 充能 | TechReference,7.0,7/6/5,0,,0,,0,,0,,0,,1,1,0,,0,,0,,0,,0,0,0,0,"[主动] 为你的所有科技物品充能1秒
[被动] 如果己方场上只有1件科技物品，此物品的冷却时间缩短3000秒",null,此物品的价值翻倍,减速一件物品1秒,冻结一件物品0.5秒,加速一件物品1秒,获得10护盾,治疗10生命值,造成1剧毒,造成1灼烧,此物品+1多重释放,己方科技物品+25%暴击率,此物品免疫冻结、减速和摧毁,造成10伤害
eba5754b-ec09-4263-8d86-b2f5ecaa27ea,Pilot's Wings,飞行员之翼,Item / 物品,Small / 小型,Silver / 白银,Silver/Gold/Diamond,Stelle / 斯黛尔,Apparel / 服饰,Haste / 加速 | Crit / 暴击 | FlyingRef / 飞行引用,5.0,5,0,,0,,0,,0,,0,,1,1,0,,0,,0,,0,,0,0,0,0,"[主动] 加速飞行无人机与载具2秒
[被动] 己方飞行无人机和载具+10/20/30%暴击率",null,此物品的价值翻倍,减速一件物品2秒,冻结一件物品0.5秒,此物品的加速持续时间翻倍,获得40护盾,治疗40生命值,造成4剧毒,造成4灼烧,此物品+1多重释放,此物品的暴击率加成翻倍,此物品免疫冻结、减速和摧毁,造成40伤害
ebbde8ce-5694-4d93-b54a-c2914dd01a9b,Fire Hose,消防水管,Item / 物品,Medium / 中型,Silver / 白银,Silver/Gold/Diamond,Stelle / 斯黛尔,Tool / 工具,Slow / 减速,5.0,5,0,,0,,0,,0,,0,,1,1,0,,0,,0,,0,,0,0,0,0,"[主动] 减速所有物品1/2/3秒
[主动] 为你净化一半的灼烧",null,此物品的价值翻倍,此物品的减速持续时间翻倍,冻结一件物品1秒,加速2件物品1秒,获得100护盾,治疗100生命值,造成10剧毒,造成10灼烧,此物品+1多重释放,己方物品+25%暴击率,此物品免疫冻结、减速和摧毁,造成100伤害
ebc4187f-76b5-4f09-bcdf-7a430579e193,Yeti Claw,,Item / 物品,Small / 小型,Bronze / 青铜,Bronze/Silver/Gold/Diamond,Common / 通用,,Damage / 伤害,6.0,6,7,7,0,,0,,0,,0,,1,1,0,,0,,0,,0,,0,0,0,0,[主动] None,null,,,,,,,,,,,,
ec524335-987c-4a7d-8d27-aed15473d15c,Colander,漏筛,Item / 物品,Medium / 中型,Bronze / 青铜,Bronze/Silver/Gold/Diamond,Jules / 朱尔斯,Tool / 工具,Shield / 护盾,5.0,5,0,,0,,20,20,0,,0,,1,1,0,,0,,0,,0,,0,0,0,0,"[主动] 获得20护盾
[被动] 当你使用小型物品时，此物品获得5/10/15/20",null,此物品的价值翻倍,减速2件物品2秒,冻结一件物品1秒,加速2件物品2秒,此物品的护盾翻倍,获得治疗，等量于此物品护盾值,造成剧毒，等量于此物品护盾值的10%,造成灼烧，等量于此物品护盾值的10%,此物品+1多重释放,此物品+50%暴击率,此物品免疫冻结、减速和摧毁,造成伤害，等量于此物品护盾
ec5e8e2a-c35e-4098-bdae-63ea9f3d6fd3,Monocle,单片眼镜,Item / 物品,Small / 小型,Silver / 白银,Silver/Gold/Diamond,Pygmalien / 皮格马利翁,Tool / 工具 | Apparel / 服饰,Shield / 护盾 | EconomyRef / 经济引用,6.0,6/5/4,0,,0,,0,0,0,,0,,1,1,0,,0,,0,,0,,0,0,0,0,[主动] 获得护盾，等量于本次旅途中你获得的金币,null,此物品提供的护盾值为本次冒险中你获得过的金币量的两倍,减速一件物品3秒,冻结一件物品0.5秒,加速一件物品3秒,此物品的护盾翻倍,获得治疗，等量于此物品护盾值,造成剧毒，等量于此物品护盾值的10%,造成灼烧，等量于此物品护盾值的10%,此物品+1多重释放,此物品+50%暴击率,此物品免疫冻结、减速和摧毁,造成伤害，等量于此物品护盾
ecb5ddef-0bac-4ba1-a8f4-88bc8dfa7572,Flare,信号弹,Item / 物品,Small / 小型,Silver / 白银,Silver/Gold/Diamond,Karnok,Tool / 工具,Burn / 灼烧 | Charge / 充能 | Ammo / 弹药,6.0,6/5/4,0,,0,,0,,2,2,0,,1,1,10,10,0,,0,,0,,0,0,0,0,"[主动] 造成10灼烧
[主动] 充能己方其他物品1秒
[主动] 弹药: 2",null,此物品的价值翻倍,减速一件物品2秒,冻结一件物品0.5秒,加速一件物品2秒,获得护盾，等量于此物品灼烧的5倍,获得治疗，等量于此物品灼烧的5倍,造成剧毒，等量于此物品灼烧,此物品的灼烧翻倍,此物品+1多重释放,此物品+50%暴击率,此物品免疫冻结、减速和摧毁,造成伤害，等量于此物品灼烧的5倍
ecf8cbe6-a57c-4f94-aa92-f6e0522a23d0,Penthouse,顶层豪华公寓,Item / 物品,Large / 大型,Legendary / 传奇,Diamond,Common / 通用,Property / 地产,EconomyRef / 经济引用 | Value / 价值 | Charge / 充能,0.0,4,0,,0,,0,,0,,0,,0,,0,,0,,0,,0,,0,0,0,0,"[主动] 己方其他地产获得价值，等量于此物品价值的一半
[被动] 当你使用地产时，为另一件地产充能1秒",null,此物品的价值翻倍,使用相邻地产时，减速3件物品1秒,使用相邻地产时，冻结2件物品1秒,使用相邻地产时，加速3件物品1秒,当你使用相邻地产时，获得20护盾,当你使用相邻地产时，获得20治疗,当你使用相邻地产时，造成2剧毒,当你使用相邻地产时，造成2灼烧,此物品+1多重释放,己方相邻地产+暴击率，增幅等于己方价值最高物品的价值,己方相邻地产受冻结和减速影响的时间减半,当你使用相邻地产时，造成20伤害
eda078df-abe9-47d5-91e1-5fdb31190a5a,Executioner's Cleaver,行刑者的斩肉刀,Item / 物品,Large / 大型,Silver / 白银,Silver/Gold/Diamond,Karnok,Weapon / 武器,Damage / 伤害 | Crit / 暴击 | RageReference,6.0,6,100,100/200/400,0,,0,,0,,0,,1,1,0,,0,,0,,0,,0,0,0,0,"[主动] 造成100/200/400伤害
[被动] 己方物品+暴击率，等量于本场战斗中你获得的怒火总值
[被动] 敌人生命值低于一半时，此物品造成双倍伤害",null,此物品的价值翻倍,减速3件物品2秒,冻结2件物品1秒,加速3件物品2秒,获得护盾，等量于此物品伤害量,获得治疗，等量于此物品伤害,造成剧毒，等量于此物品伤害的10%,造成灼烧，等量于此物品伤害的10%,此物品+1多重释放,此物品造成双倍暴击伤害,此物品免疫冻结、减速和摧毁,此物品的伤害翻倍
eda51b14-8420-4da4-ba82-89513e5deaa2,Sea Shell,海螺壳,Item / 物品,Small / 小型,Bronze / 青铜,Bronze/Silver/Gold/Diamond,Vanessa / 瓦内莎,Aquatic / 水系,Shield / 护盾,6.0,6,0,,0,,0,0,0,,0,,1,1,0,,0,,0,,0,,0,0,0,0,[主动] 每拥有一件水系物品，就获得10/15/20/25护盾,null,此物品的价值翻倍,减速一件物品3秒,冻结一件物品0.5秒,加速一件物品3秒,此物品的护盾翻倍,获得治疗，等量于此物品护盾值,造成剧毒，等量于此物品护盾值的10%,造成灼烧，等量于此物品护盾值的10%,此物品+1多重释放,此物品+50%暴击率,此物品免疫冻结、减速和摧毁,造成伤害，等量于此物品护盾
edceffa1-9a9f-4ab3-b6a9-8a899b5726e3,Aviators,航空护目镜,Item / 物品,Small / 小型,Bronze / 青铜,Bronze/Silver/Gold/Diamond,Stelle / 斯黛尔,Apparel / 服饰,Shield / 护盾 | BurnRef / 灼烧引用,5.0,5,0,,0,,20,20/40/80/160,0,,0,,1,1,0,,0,,0,,0,,0,0,0,0,"[主动] 获得20/40/80/160护盾
[被动] 当你触发灼烧或摧毁物品时，充能此物品1秒",null,此物品的价值翻倍,减速一件物品2秒,冻结一件物品0.5秒,加速一件物品2秒,此物品的护盾翻倍,获得治疗，等量于此物品护盾值,造成剧毒，等量于此物品护盾值的10%,造成灼烧，等量于此物品护盾值的10%,此物品+1多重释放,此物品+50%暴击率,此物品免疫冻结、减速和摧毁,造成伤害，等量于此物品护盾
edd857da-ac11-4640-bc1a-217ef8385f72,Sharkclaws,鲨齿爪,Item / 物品,Medium / 中型,Bronze / 青铜,Bronze/Silver/Gold/Diamond,Vanessa / 瓦内莎,Aquatic / 水系 | Weapon / 武器,Damage / 伤害,6.0,6,10,10/20/30/40,0,,0,,0,,0,,1,1,0,,0,,0,,0,,0,0,0,0,"[主动] 造成10/20/30/40伤害
[主动] 己方物品+10/20/30/40",null,此物品的价值翻倍,减速2件物品2秒,冻结一件物品1秒,加速2件物品2秒,己方物品获得+0。,己方物品获得0,己方物品获得0,己方物品获得0,此物品+1多重释放,此物品+50%暴击率,此物品免疫冻结、减速和摧毁,此物品的伤害翻倍
ee318a20-e1a0-4651-a904-a1e6c3939c97,Bilge Worm,舱底蠕虫,Item / 物品,Small / 小型,Bronze / 青铜,Bronze/Silver/Gold/Diamond,Vanessa / 瓦内莎,Weapon / 武器 | Aquatic / 水系,Damage / 伤害,0.0,,10,10/20/40/80,0,,0,,0,,0,,0,,0,,0,,0,,100,100,0,0,0,0,[被动] 当敌人使用其最左侧的物品时，造成10/20/40/80伤害,null,此物品的价值翻倍,当敌人使用其最左侧的物品时，减速一件物品1秒,当敌人使用其最左侧的物品时，冻结一件物品0.5秒,当敌人使用其最左侧的物品时，加速一件物品1秒,当敌人使用其最左侧的物品时，获得护盾，等量于此物品伤害,当敌人使用其最左侧的物品时，获得治疗，等量于此物品伤害,当敌人使用其最左侧的物品时，造成剧毒，等量于此物品伤害的10%,当敌人使用其最左侧的物品时，造成灼烧，等量于此物品伤害的10%,此物品的伤害翻倍,当敌人使用其最左侧的物品时，己方物品+5%暴击率,相邻物品受冻结和减速影响的时间减半,此物品的伤害翻倍
eed2dc49-267a-4e8c-8ea6-d37dff677e8c,Induction Aegis,感流盾,Item / 物品,Small / 小型,Bronze / 青铜,Bronze/Silver/Gold/Diamond,Dooley / 杜利,Tech / 科技,Shield / 护盾 | Burn / 灼烧,7.0,7/6/5/4,0,,0,,20,20,0,,0,,1,1,5,5,0,,0,,0,,0,0,0,0,"[主动] 获得20护盾
[主动] 造成5灼烧",null,此物品的价值翻倍,减速一件物品2秒,冻结一件物品0.5秒,加速一件物品2秒,此物品的护盾翻倍,获得治疗，等量于此物品护盾值,造成剧毒，等量于此物品灼烧,此物品的灼烧翻倍,此物品+1多重释放,此物品+50%暴击率,此物品免疫冻结、减速和摧毁,造成伤害，等量于此物品护盾
eeeb02b5-9e8d-4af8-9902-2a77b1f838e7,The Core,全能核心,Item / 物品,Medium / 中型,Silver / 白银,Silver/Gold/Diamond,Dooley / 杜利,Core / 核心 | Tech / 科技 | Weapon / 武器,Damage / 伤害 | Charge / 充能,6.0,6/5/4,50,50/75/100,0,,0,,0,,0,,1,1,0,,0,,0,,0,,0,0,0,0,"[主动] 造成50/75/100伤害
[主动] 充能右侧所有物品1秒
[被动] 当你使用左侧任意物品时，充能此物品1秒",null,此物品的价值翻倍,减速2件物品1秒,冻结一件物品1秒,加速2件物品1秒,获得护盾，等量于此物品伤害量,获得治疗，等量于此物品伤害,造成剧毒，等量于此物品伤害的10%,造成灼烧，等量于此物品伤害的10%,此物品+1多重释放,此物品+50%暴击率,此物品免疫冻结、减速和摧毁,此物品的伤害翻倍
ef20ec33-7990-41b8-8d8e-47514b503612,Chunk of Lead,铅块,Item / 物品,Small / 小型,Bronze / 青铜,Bronze/Silver/Gold/Diamond,Common / 通用,Reagent / 试剂,EconomyRef / 经济引用,0.0,,0,,0,,0,,0,,0,,0,,0,,0,,0,,0,,0,0,0,0,[被动] 当此物品在战斗之外被转化时，获得一块黄金,null,……并为转化后的物品赋予黄金附魔（如适用）,……并为转化后的物品赋予沉重附魔（如适用）,……并为转化后的物品赋予寒冰附魔（如适用）,……并为转化后的物品赋予疾速附魔（如适用）,……并为转化后的物品赋予护盾附魔（如适用）,……并为转化后的物品赋予回复附魔（如适用）,……并为转化后的物品赋予剧毒附魔（如适用）,……并为转化后的物品赋予炽焰附魔（如适用）,,……并为转化后的物品赋予致命附魔（如适用）,……并为转化后的物品赋予辉耀附魔（如适用）,……并为转化后的物品赋予黑曜石附魔（如适用）
f04739ec-b829-46a6-b821-e153dc25e668,Piano,钢琴,Item / 物品,Medium / 中型,Gold / 黄金,Gold/Diamond,Vanessa / 瓦内莎,,Haste / 加速,0.0,,0,,0,,0,,0,,0,,0,,0,,0,,0,,0,,0,0,0,0,"[被动] 使用伙伴时，加速该伙伴1/2秒
[被动] 相邻物品视为伙伴",null,此物品的价值翻倍,当你使用一件伙伴时，减速一件物品1秒,当你使用一件伙伴时，冻结一件物品0.5秒,此物品的加速持续时间翻倍,使用伙伴时，获得20护盾,使用伙伴时，获得20治疗,使用伙伴时，造成2剧毒,使用伙伴时，造成2灼烧,相邻的伙伴+1多重释放,己方伙伴+40%暴击率,相邻物品受冻结和减速影响的时间减半,使用伙伴时，造成20伤害
f049db80-1976-4767-8016-4680c8c56a9f,Badblocker,负能阻断目镜,Item / 物品,Small / 小型,Silver / 白银,Silver/Gold/Diamond,Pygmalien / 皮格马利翁,Tech / 科技 | Apparel / 服饰,Shield / 护盾,8.0,8,0,,0,,20,20/40/60,0,,0,,1,1,0,,0,,0,,0,,0,0,0,0,"[主动] 获得20/40/60护盾
[被动] 己方每拥有一件价值超过10的物品，此物品+1多重释放",null,此物品的价值翻倍,减速一件物品1秒,冻结一件物品0.5秒,加速一件物品1秒,此物品的护盾翻倍,获得治疗，等量于此物品护盾值,造成剧毒，等量于此物品护盾值的10%,造成灼烧，等量于此物品护盾值的10%,此物品+1多重释放,此物品+50%暴击率,此物品免疫冻结、减速和摧毁,造成伤害，等量于此物品护盾
f04e5d35-874a-4770-b6c5-d60209e928d9,Sushi Boat,寿司船,Item / 物品,Large / 大型,Silver / 白银,Silver/Gold/Diamond,Jules / 朱尔斯,Aquatic / 水系 | Vehicle / 载具,Crit / 暴击 | Regen / 再生,5.0,5,0,,0,,0,,0,,0,,1,1,0,,0,,3,3/6/9,0,,0,0,0,0,"[主动] 生命再生量提高3/6/9
[主动] 己方物品获得10/15/20%暴击率
[被动] 当你使用非高温物品时，充能此物品1秒",null,此物品的价值翻倍,减速一件物品1秒,冻结一件物品0.5秒,加速一件物品1秒,获得护盾，等量于此物品生命再生量的5倍,获得治疗，等量于此物品生命再生量的5倍,造成剧毒，等量于此物品生命再生量,造成灼烧，等量于此物品的生命再生量,此物品+1多重释放,此物品的暴击率加成翻倍,此物品免疫冻结、减速和摧毁,造成伤害，等量于此物品生命再生的5倍
f0590898-273f-479e-b74e-3472ecfbc02f,Sextant,六分仪,Item / 物品,Medium / 中型,Silver / 白银,Silver/Gold/Diamond,Vanessa / 瓦内莎,Aquatic / 水系 | Tool / 工具,Crit / 暴击 | Haste / 加速,0.0,,0,,0,,0,,0,,0,,0,,0,,0,,0,,0,,0,0,0,0,"[被动] 当你暴击时，加速一件物品1/2/3秒
[被动] 触发加速时，一件物品+10%暴击率",null,此物品的价值翻倍,此物品暴击时，减速一件物品1秒,此物品暴击时，冻结一件物品0.5秒,此物品的加速持续时间翻倍,此物品暴击时，获得20护盾,此物品暴击时，获得20治疗,此物品暴击时，造成2剧毒,此物品暴击时，造成2灼烧,此物品的暴击率加成翻倍,此物品的暴击率加成翻倍,相邻物品受冻结和减速影响的时间减半,此物品暴击时，造成20伤害
f0608f5b-5c6a-4c71-8cc4-f8abbdd951c9,SMG,冲锋枪,Item / 物品,Small / 小型,Bronze / 青铜,Bronze/Silver/Gold/Diamond,Dooley / 杜利,Weapon / 武器,Damage / 伤害 | Ammo / 弹药,2.0,2,10,10,0,,0,,6,6/8/10/12,0,,1,1,0,,0,,0,,0,,0,0,0,0,"[主动] 造成10伤害
[主动] 弹药: 6/8/10/12",null,此物品的价值翻倍,减速一件物品1秒,冻结一件物品0.5秒,加速一件物品1秒,获得护盾，等量于此物品伤害量,获得治疗，等量于此物品伤害,造成剧毒，等量于此物品伤害的10%,造成灼烧，等量于此物品伤害的10%,此物品+1多重释放,此物品+50%暴击率,此物品免疫冻结、减速和摧毁,此物品的伤害翻倍
f07fc136-5917-4915-a9d5-2246cb290b0d,Chris Army Knife,克里斯军刀,Item / 物品,Small / 小型,Bronze / 青铜,Bronze/Silver/Gold/Diamond,Dooley / 杜利,Friend / 伙伴 | Weapon / 武器 | Tech / 科技 | Tool / 工具,Damage / 伤害 | Shield / 护盾,6.0,6/5/4/3,20,20,0,,20,20,0,,0,,1,1,0,,0,,0,,0,,0,0,0,0,"[主动] 造成20伤害
[主动] 获得20护盾",null,此物品的价值翻倍,减速一件物品2秒,冻结一件物品0.5秒,加速一件物品2秒,此物品的护盾翻倍,获得治疗，等量于此物品伤害,造成剧毒，等量于此物品伤害的10%,造成灼烧，等量于此物品伤害的10%,此物品+1多重释放,此物品+50%暴击率,此物品免疫冻结、减速和摧毁,此物品的伤害翻倍
f08af933-8712-44fe-9542-338e0fec0a45,Ouroboros Statue,衔尾蛇雕像,Item / 物品,Medium / 中型,Silver / 白银,Silver/Gold/Diamond,Mak / 马克,Relic / 遗物,Poison / 剧毒 | Regen / 再生,6.0,6,0,,0,,0,,0,,0,,1,1,0,,5,5,3,3/6/9,0,,0,0,0,0,"[主动] 造成5剧毒
[被动] 触发剧毒时，生命再生量提高3/6/9",null,此物品的价值翻倍,减速2件物品2秒,冻结一件物品1秒,加速2件物品2秒,获得护盾，等量于此物品剧毒的5倍,获得治疗，等量于此物品剧毒的5倍,此物品的剧毒翻倍,造成灼烧，等量于此物品的剧毒,此物品+1多重释放,此物品+50%暴击率,此物品免疫冻结、减速和摧毁,造成伤害，等量于此物品剧毒的5倍
f0a58209-1a26-42ac-a243-7c2fd9d6ce33,Black Ice,黑冰,Item / 物品,Medium / 中型,Gold / 黄金,Gold/Diamond,Mak / 马克,,Poison / 剧毒 | Freeze / 冻结,5.0,5,0,,0,,0,,0,,0,,1,1,0,,15,15/30,0,,0,,0,0,0,0,"[主动] 冻结1/2件物品1秒
[被动] 触发冻结时，造成15/30剧毒。",null,此物品的价值翻倍,减速2件物品1秒,此物品的冻结持续时间翻倍,加速2件物品1秒,触发冻结时，获得护盾，等量于此物品剧毒的5倍。,触发冻结时，获得治疗，等量于此物品剧毒的5倍。,此物品的剧毒翻倍,触发冻结时，造成灼烧，等量于此物品的剧毒。,此物品+1多重释放,己方剧毒物品+40%暴击率,此物品免疫冻结、减速和摧毁,触发冻结时，造成伤害，等量于此物品剧毒的5倍。
f104a9ab-c8bd-44b9-b08a-5587b77a2215,PiggleStorm Gaming House,风暴猪猪电玩馆,Item / 物品,Large / 大型,Gold / 黄金,Gold/Diamond,Pygmalien / 皮格马利翁,Property / 地产,DamageRef / 伤害引用 | ShieldRef / 护盾引用 | HealRef / 治疗引用,6.0,6,0,,0,,0,,0,,0,,1,1,0,,0,,0,,0,,0,0,0,0,"[主动] 己方武器、护盾和治疗物品+15/30
[被动] 使用玩具或伙伴时，充能此物品2秒。",null,此物品的价值翻倍,减速2件物品1秒,冻结一件物品1秒,加速2件物品1秒,此物品的护盾加成翻倍,此物品的治疗加成翻倍,己方物品+0,己方物品+0,此物品+1多重释放,己方玩具和伙伴+50%暴击率,此物品免疫冻结、减速和摧毁,此物品的伤害加成翻倍
f105f32c-d601-4624-9971-5cb16ff0b091,Pasta,意大利面,Item / 物品,Small / 小型,Bronze / 青铜,Bronze/Silver/Gold/Diamond,Jules / 朱尔斯,Food / 食物,Regen / 再生 | Health / 生命值 | HasteRef / 加速引用,4.0,4,0,,0,,0,,0,,0,,1,1,0,,0,,1,1/2/3/4,0,,0,0,0,0,"[主动] 生命再生量提高1/2/3/4
[主动] 获得最大生命值，等量于此物品生命再生量的5倍
[被动] 加速此物品时，充能此物品1秒",null,此物品的价值翻倍,减速一件物品1秒,冻结一件物品0.5秒,加速一件物品1秒,获得护盾，等量于此物品生命再生量的5倍,获得治疗，等量于此物品生命再生量的5倍,造成剧毒，等量于此物品生命再生量,造成灼烧，等量于此物品的生命再生量,此物品+1多重释放,此物品+50%暴击率,此物品免疫冻结、减速和摧毁,造成伤害，等量于此物品生命再生的5倍
f16526f8-f3f7-4b79-aec0-b6bd729806a1,Capacitor,电容器,Item / 物品,Small / 小型,Bronze / 青铜,Bronze/Silver/Gold/Diamond,Dooley / 杜利,Tech / 科技,Charge / 充能,6.0,6/5/4/3,0,,0,,0,,0,,0,,1,1,0,,0,,0,,0,,0,0,0,0,[主动] 为相邻物品充能1秒,null,此物品的价值翻倍,减速一件物品1秒,冻结一件物品0.5秒,加速相邻物品1秒,获得30护盾,治疗20生命值,造成2剧毒,造成2灼烧,此物品+1多重释放,相邻物品+30%暴击率,相邻物品受冻结和减速影响的时间减半,造成20伤害
f16f5464-02f0-4b00-9f7b-d7e7b65a1e80,Turtle Shell,龟壳,Item / 物品,Medium / 中型,Gold / 黄金,Gold/Diamond,Vanessa / 瓦内莎,Aquatic / 水系,Shield / 护盾,10.0,10,0,,0,,15,15,0,,0,,1,1,0,,0,,0,,0,,0,0,0,0,"[主动] 获得15护盾
[主动] 己方物品+15/30
[被动] 当你使用另一件非武器物品时，充能此物品2秒",null,此物品的价值翻倍,减速一件物品1秒,冻结一件物品0.5秒,加速一件物品1秒,此物品的护盾翻倍,获得治疗，等量于此物品护盾值,造成剧毒，等量于此物品护盾值的10%,造成灼烧，等量于此物品护盾值的10%,此物品+1多重释放,此物品+50%暴击率,此物品免疫冻结、减速和摧毁,造成伤害，等量于此物品护盾
f1c04562-6db4-45d5-a056-a4df9d185faf,Salt,食盐,Item / 物品,Small / 小型,Silver / 白银,Silver/Gold/Diamond,Jules / 朱尔斯,Food / 食物,Crit / 暴击 | Charge / 充能,5.0,5/4/3,0,,0,,0,,0,,0,,1,1,0,,0,,0,,0,,0,0,0,0,"[主动] 相邻物品+10%暴击率
[被动] 当相邻物品暴击时，充能此物品1秒",null,此物品的价值翻倍,减速一件物品1秒,冻结一件物品0.5秒,加速一件物品1秒,获得30护盾,治疗30生命值,造成3剧毒,造成3灼烧,此物品+1多重释放,此物品的暴击率加成翻倍,此物品免疫冻结、减速和摧毁,造成30伤害
f206ba7b-5496-46fd-abe8-bca5cfebbf2d,Pogo Stick,弹跳棒,Item / 物品,Medium / 中型,Silver / 白银,Silver/Gold/Diamond,Stelle / 斯黛尔,Vehicle / 载具 | Toy / 玩具,Flying / 飞行 | FlyingRef / 飞行引用 | Shield / 护盾 | Charge / 充能,4.0,4/3/2,0,,0,,75,75/125/175,0,,0,,1,1,0,,0,,0,,0,,0,0,0,0,"[主动] 此物品开始或停止飞行
[被动] 当此物品开始飞行时，获得75/125/175护盾
[被动] 当此物品停止飞行时，充能相邻物品1秒",null,此物品的价值翻倍,减速一件物品1秒,冻结一件物品0.5秒,加速一件物品1秒,此物品的护盾翻倍,当此物品开始飞行时，获得治疗，等量于此物品护盾,当此物品开始飞行时，造成剧毒，等量于此物品护盾值的10%,当此物品开始飞行时，造成灼烧，等量于此物品护盾值的10%,此物品+1多重释放,相邻物品+40%暴击率,此物品免疫冻结、减速和摧毁,当此物品开始飞行时，造成伤害，等量于此物品护盾
f212afe2-08d1-40e3-978b-762d345bc7e5,Spare Change,零钱,Item / 物品,Small / 小型,Bronze / 青铜,Bronze/Silver/Gold/Diamond,Common / 通用,,EconomyRef / 经济引用,0.0,,0,,0,,0,,0,,0,,0,,0,,0,,0,,0,,1,1/2/3/4,0,0/3/4,[被动] 可出售换得金币,null,,,,,,,,,,,,
f274b6aa-5e2a-4bad-8cbd-9f110ac9833b,Chef Hat,厨师帽,Item / 物品,Small / 小型,Bronze / 青铜,Bronze/Silver/Gold/Diamond,Jules / 朱尔斯,Apparel / 服饰,Shield / 护盾,6.0,6,0,,0,,0,0,0,,0,,1,1,0,,0,,0,,0,,0,0,0,0,"[主动] 每拥有一件食物，就获得10/15/20/25护盾
[被动] 当你购买此物品时，获得一件来自任意英雄的小型食物",null,此物品的价值翻倍,减速一件物品2秒,冻结一件物品0.5秒,加速一件物品2秒,此物品的护盾翻倍,获得治疗，等量于此物品护盾值,造成剧毒，等量于此物品护盾值的10%,造成灼烧，等量于此物品护盾值的10%,此物品+1多重释放,此物品+50%暴击率,此物品免疫冻结、减速和摧毁,造成伤害，等量于此物品护盾
f2b5c675-6dc3-4c92-89b6-5d6da1e99006,Dooley's Scarf,杜利的围巾,Item / 物品,Medium / 中型,Silver / 白银,Silver/Gold/Diamond,Dooley / 杜利,Apparel / 服饰,Shield / 护盾 | FreezeRef / 冻结引用,5.0,5,0,,0,,75,75/150/300,0,,0,,1,1,0,,0,,0,,0,,0,0,0,0,"[主动] 获得75/150/300护盾
[被动] 此物品和相邻物品免疫冻结",null,此物品的价值翻倍,减速2件物品1秒,冻结一件物品1秒,加速2件物品1秒,此物品的护盾翻倍,获得治疗，等量于此物品护盾值,造成剧毒，等量于此物品护盾值的10%,造成灼烧，等量于此物品护盾值的10%,此物品+1多重释放,此物品+50%暴击率,此物品免疫冻结、减速和摧毁,造成伤害，等量于此物品护盾
f2bb81c1-926e-447b-89aa-8c981604570c,BLK-SP1D3R,机械黑蜘蛛,Item / 物品,Small / 小型,Silver / 白银,Silver/Gold/Diamond,Dooley / 杜利,Friend / 伙伴,Slow / 减速 | PoisonRef / 剧毒引用 | BurnRef / 灼烧引用,6.0,6,0,,0,,0,,0,,0,,1,1,0,,0,,0,,0,,0,0,0,0,"[主动] 减速2/3/4件物品1秒
[被动] 当相邻物品触发剧毒或灼烧时，充能此物品1秒",null,此物品的价值翻倍,此物品的减速持续时间翻倍,冻结一件物品0.5秒,加速一件物品1秒,获得20护盾,治疗20生命值,造成2剧毒,造成2灼烧,此物品+1多重释放,己方伙伴+25%暴击率,此物品免疫冻结、减速和摧毁,造成20伤害
f321478b-7741-4d36-a567-ef428ad11ea9,Boom Boom Bot,爆炸机器人,Item / 物品,Small / 小型,Bronze / 青铜,Bronze/Silver/Gold/Diamond,Stelle / 斯黛尔,Weapon / 武器 | Drone,Damage / 伤害 | BurnRef / 灼烧引用 | FlyingRef / 飞行引用,7.0,7,40,40/80/120/160,0,,0,,0,,0,,1,1,0,,0,,0,,0,,0,0,0,0,"[主动] 如果此物品正在飞行，摧毁此物品
[被动] 此物品被摧毁时，造成40/80/120/160伤害
[被动] 触发灼烧时，此物品获得20/40/60/80",null,此物品的价值翻倍,此物品被摧毁时，减速2件物品4秒,此物品被摧毁时，冻结一件物品4秒,此物品被摧毁时，加速2件物品4秒,此物品被摧毁时，获得护盾，等量于此物品伤害,此物品被摧毁时，获得治疗，等量于此物品伤害,此物品被摧毁时，造成剧毒，等量于此物品伤害的10%,此物品被摧毁时，造成灼烧，等量于此物品伤害的10%,此物品造成双倍伤害,此物品被摧毁时，己方物品+25%暴击率,此物品免疫冻结和减速,此物品的伤害翻倍
f35f40ac-0d19-4fe9-8767-f6e65899ade3,Portable Shield Generator,便携护盾发生器,Item / 物品,Medium / 中型,Silver / 白银,Silver/Gold/Diamond,Stelle / 斯黛尔,Vehicle / 载具,Shield / 护盾 | ShieldRef / 护盾引用 | FlyingRef / 飞行引用,4.0,4,0,,0,,10,10,0,,0,,1,1,0,,0,,0,,0,,0,0,0,0,"[主动] 获得10护盾
[被动] 获得护盾时，己方物品+6/12/18",null,此物品的价值翻倍,减速2件物品1秒,冻结一件物品1秒,加速2件物品1秒,此物品的护盾翻倍,获得治疗，等量于此物品护盾值,造成剧毒，等量于此物品护盾值的10%,造成灼烧，等量于此物品护盾值的10%,此物品+1多重释放,此物品+50%暴击率,此物品免疫冻结、减速和摧毁,造成伤害，等量于此物品护盾
f3c0551a-782b-44e3-b0da-e3825366d20e,Orange Julian,橘利安,Item / 物品,Medium / 中型,Silver / 白银,Silver/Gold/Diamond,Vanessa / 瓦内莎,Friend / 伙伴,DamageRef / 伤害引用 | EconomyRef / 经济引用,8.0,8/7/6,0,,0,,0,,0,,0,,1,1,0,,0,,0,,0,,0,0,0,0,[主动] 己方物品+伤害，等量于本次冒险中你获得过的金币的一半 [50],null,此物品伤害提高，增幅等于本次冒险中你获得金币数量的两倍,减速2件物品3秒,冻结2件物品1秒,加速2件物品3秒,获得300护盾,治疗300生命值,造成30剧毒,造成30灼烧,此物品+1多重释放,己方武器+40%暴击率,此物品免疫冻结、减速和摧毁,此物品的伤害加成翻倍
f40d7225-0671-4eab-a399-0dae3e6e5c7a,Artificial Heart,,Item / 物品,Medium / 中型,Legendary / 传奇,Diamond/Legendary,Common / 通用,,Heal / 治疗,0.0,,0,,0,0,0,,0,,0,,0,,0,,0,,0,,0,,0,0,0,0,"[被动] 
[被动] 
[被动] The first time you would be defeated each fight, Heal to full, remove all Burn and Poison, and permanently lose 10% Max Health
[被动] ",null,此物品的价值翻倍,and Slow all enemy's items for 4 second(s),and Freeze all enemy's items for 2 second(s),And Haste all your items for 4 second(s),and Shield yourself for 30% of your Max Health,,and Poison 3,and Burn 3,,此物品+50%暴击率,此物品免疫冻结、减速和摧毁,
f42936ef-6efd-478a-9ed2-fd759df65f97,Sleeping Potion,昏睡药水,Item / 物品,Small / 小型,Bronze / 青铜,Bronze/Silver/Gold/Diamond,Mak / 马克,Potion / 药水,Slow / 减速 | Ammo / 弹药,4.0,4,0,,0,,0,,1,1,0,,1,1,0,,0,,0,,0,,0,0,0,0,"[主动] 减速最慢的敌人物品3/4/5/6秒
[主动] 弹药: 1",null,此物品的价值翻倍,此物品的减速持续时间翻倍,冻结一件物品0.5秒,加速一件物品3秒,获得60护盾,治疗60生命值,造成6剧毒,造成6灼烧,此物品+1多重释放,己方物品+20%暴击率,此物品免疫冻结、减速和摧毁,造成60伤害
f43844fe-cefa-40c7-ba86-e601c3596064,Runic Double Bow,符文双射弓,Item / 物品,Medium / 中型,Silver / 白银,Silver/Gold/Diamond,Mak / 马克,Weapon / 武器 | Relic / 遗物,Damage / 伤害 | CritReference,6.0,6,20,20/30/40,0,,0,,0,,0,,2,2,0,,0,,0,,100,100,0,0,0,0,"[主动] 造成20/30/40伤害
[被动] 当你使用其他物品暴击时，此物品获得20/30/40",null,此物品的价值翻倍,减速一件物品1秒,冻结一件物品0.5秒,加速一件物品1秒,获得护盾，等量于此物品伤害量,获得治疗，等量于此物品伤害,造成剧毒，等量于此物品伤害的10%,造成灼烧，等量于此物品伤害的10%,此物品+1多重释放,此物品+50%暴击率,此物品免疫冻结、减速和摧毁,此物品的伤害翻倍
f4827638-60ff-4101-a52f-037c04791ee5,Schematics,结构蓝图,Item / 物品,Medium / 中型,Silver / 白银,Silver/Gold/Diamond,Dooley / 杜利,,TechReference | Level,0.0,,0,,0,,0,,0,,0,,0,,0,,0,,0,,0,,0,0,0,0,[被动] 升级时，获得一件来自任意英雄的小型科技物品,null,……并为该物品赋予黄金附魔（如适用）,……并为该物品赋予沉重附魔（如适用）,……并为该物品赋予寒冰附魔（如适用）,……并为该物品赋予疾速附魔（如适用）,……并为该物品赋予护盾附魔（如适用）,……并为该物品赋予回复附魔（如适用）,……并为该物品赋予剧毒附魔（如适用）,……并为该物品赋予炽焰附魔（如适用）,……并为该物品赋予闪亮附魔（如适用）,……并为该物品赋予致命附魔（如适用）,……并为该物品赋予辉耀附魔（如适用）,……并为该物品赋予黑曜石附魔（如适用）
f4bef5b2-773b-44bf-84a0-67ae325604f7,Cleaver,华丽菜刀,Item / 物品,Small / 小型,Bronze / 青铜,Bronze/Silver/Gold/Diamond,Jules / 朱尔斯,Weapon / 武器 | Tool / 工具,Damage / 伤害,6.0,6,10,10,0,,0,,0,,0,,1,1,0,,0,,0,,0,,0,0,0,0,"[主动] 造成10伤害
[被动] 当你使用工具时，此物品获得5/10/15/20",null,此物品的价值翻倍,减速一件物品3秒,冻结一件物品0.5秒,加速一件物品3秒,获得护盾，等量于此物品伤害量,获得治疗，等量于此物品伤害,造成剧毒，等量于此物品伤害的10%,造成灼烧，等量于此物品伤害的10%,此物品+1多重释放,此物品+50%暴击率,此物品免疫冻结、减速和摧毁,此物品的伤害翻倍
f53f1425-6c26-45a0-9fe9-4ac2ca22df5e,Nanobot Orange,,Item / 物品,Small / 小型,Silver / 白银,Silver/Gold/Diamond,Common / 通用,Friend / 伙伴 | Weapon / 武器,Damage / 伤害,6.0,6,0,,0,,0,,0,,0,,1,1,0,,0,,0,,0,,0,0,0,0,"[主动] Deal 15/20/25 Damage for each Friend you have
[被动] This item's Cooldown is reduced by  second for each adjacent Friend",null,,减速一件物品3秒,冻结一件物品0.5秒,加速一件物品3秒,获得护盾，等量于此物品伤害量,获得治疗，等量于此物品伤害,造成剧毒，等量于此物品伤害的10%,造成灼烧，等量于此物品伤害的10%,此物品+1多重释放,此物品+50%暴击率,此物品免疫冻结、减速和摧毁,此物品的伤害翻倍
f5ab9d64-2ba8-4210-9cf7-4564413b8d00,Broken Bottle,碎瓶,Item / 物品,Small / 小型,Bronze / 青铜,Bronze/Silver/Gold/Diamond,Mak / 马克,Potion / 药水 | Weapon / 武器,Damage / 伤害 | Ammo / 弹药,4.0,4,20,20/40/80/160,0,,0,,1,1,0,,1,1,0,,0,,0,,0,,0,0,0,0,"[主动] 造成20/40/80/160伤害
[主动] 弹药: 1
[被动] 当你使用不同的药水时，装填此物品并为其充能1秒",null,此物品的价值翻倍,减速一件物品1秒,冻结一件物品0.5秒,加速一件物品1秒,获得护盾，等量于此物品伤害量,获得治疗，等量于此物品伤害,造成剧毒，等量于此物品伤害的10%,造成灼烧，等量于此物品伤害的10%,此物品+1多重释放,此物品+50%暴击率,此物品免疫冻结、减速和摧毁,此物品的伤害翻倍
f5de7079-8df7-498c-9043-96e8611b44a5,Mouse Trap,老鼠夹,Item / 物品,Small / 小型,Silver / 白银,Silver/Gold/Diamond,Jules / 朱尔斯,Weapon / 武器 | Tool / 工具 | Trap,Damage / 伤害 | Ammo / 弹药,2.0,2,0,0,0,,0,,2,2/3/4,0,,1,1,0,,0,,0,,0,,0,0,0,0,"[主动] 造成伤害，等量于此物品最大弹药量的两倍
[主动] 弹药: 2/3/4
[被动] 己方拥有的每件小型食物使此物品+2/3/4弹药",null,此物品的价值翻倍,减速一件物品1秒,冻结一件物品0.5秒,加速一件物品1秒,获得护盾，等量于此物品伤害量,获得治疗，等量于此物品伤害,造成剧毒，等量于此物品伤害的10%,造成灼烧，等量于此物品伤害的10%,此物品+1多重释放,此物品+50%暴击率,此物品免疫冻结、减速和摧毁,此物品的伤害翻倍
f6f7b04f-9e4c-4107-af98-5288e8c568fd,Noxious Potion,剧毒药水,Item / 物品,Small / 小型,Bronze / 青铜,Bronze/Silver/Gold/Diamond,Mak / 马克,Potion / 药水,Poison / 剧毒 | Ammo / 弹药,4.0,4,0,,0,,0,,1,1,0,,1,1,0,,3,3/6/9/12,0,,0,,0,0,0,0,"[主动] 造成3/6/9/12剧毒
[主动] 弹药: 1",null,此物品的价值翻倍,减速一件物品3秒,冻结一件物品0.5秒,加速一件物品3秒,获得护盾，等量于此物品剧毒的5倍,获得治疗，等量于此物品剧毒的5倍,此物品的剧毒翻倍,造成灼烧，等量于此物品的剧毒,此物品+1多重释放,此物品+50%暴击率,此物品免疫冻结、减速和摧毁,造成伤害，等量于此物品剧毒的5倍
f7172454-64f0-41be-954f-be57c70c3c3e,Mothmeal,飞蛾粉末,Item / 物品,Small / 小型,Bronze / 青铜,Bronze/Silver/Gold/Diamond,Mak / 马克,Reagent / 试剂,Slow / 减速,5.0,5,0,,0,,0,,0,,0,,1,1,0,,0,,0,,0,,0,0,0,0,"[主动] 减速一件物品1/2/3/4秒
[被动] 此物品转化时，为其赋予沉重附魔（如适用）",null,此物品的价值翻倍,此物品的减速持续时间翻倍,冻结一件物品0.5秒,加速一件物品2秒,获得40护盾,治疗40生命值,造成4剧毒,造成4灼烧,此物品+1多重释放,己方物品+10%暴击率,此物品免疫冻结、减速和摧毁,造成40伤害
f718a14b-e8bd-4ee6-b9a9-63f15de5f242,Forest Cloak,森林斗篷,Item / 物品,Medium / 中型,Silver / 白银,Silver/Gold/Diamond,Karnok,Apparel / 服饰,Health / 生命值 | RageReference,0.0,,0,,0,,0,,0,,0,,0,,0,,0,,0,,0,,0,0,0,0,"[被动] 你的最大生命值+20/40/60%
[被动] 暴怒期间，你承受的伤害减半。",null,此物品的价值翻倍,当你进入暴怒状态时，减速2件物品4秒,当你进入暴怒状态时，冻结2件物品2秒,当你进入暴怒状态时，加速2件物品4秒,当你进入暴怒状态时，获得护盾，等量于你最大生命值的10%,当你进入暴怒状态时，获得治疗，等量于你最大生命值的10%,当你进入暴怒状态时，造成剧毒，等量于你最大生命值的2%,当你进入暴怒状态时，造成灼烧，等量于你最大生命值的2%,此物品的伤害减免和最大生命值加成翻倍。,己方物品+25%暴击率,相邻物品受冻结和减速影响的时间减半,当你进入暴怒状态时，造成伤害，等量于你最大生命值的10%
f7241086-8b2d-4882-80c9-a0ddb46910ad,Junkyard Lance,废品场长枪,Item / 物品,Large / 大型,Bronze / 青铜,Bronze/Silver/Gold/Diamond,Common / 通用,Weapon / 武器,Damage / 伤害,10.0,10,0,0,0,,0,,0,,0,,1,1,0,,0,,0,,0,,0,0,0,0,[主动] 每拥有一件小型物品（包括储存箱），就造成25/50/100/200伤害,null,此物品的价值翻倍,减速3件物品4秒,冻结3件物品1秒,加速3件物品4秒,获得护盾，等量于此物品伤害量,获得治疗，等量于此物品伤害,造成剧毒，等量于此物品伤害的10%,造成灼烧，等量于此物品伤害的10%,此物品+1多重释放,此物品+50%暴击率,此物品免疫冻结、减速和摧毁,此物品的伤害翻倍
f76338d5-e09b-4319-8914-c35043d464fc,Zoot Flute,祖特笛,Item / 物品,Medium / 中型,Gold / 黄金,Gold/Diamond,Common / 通用,,Slow / 减速 | Crit / 暴击,7.0,7,0,,0,,0,,0,,0,,1,1,0,,0,,0,,0,,0,0,0,0,"[主动] 减速2/3件物品2秒
[被动] 相邻物品+25/50%暴击率
[被动] 当你暴击时，充能此物品2秒",null,此物品的价值翻倍,此物品的减速持续时间翻倍,此物品暴击时，冻结一件物品0.5秒,此物品暴击时，加速一件物品1秒,此物品暴击时，获得25护盾,此物品暴击时，获得25治疗,此物品暴击时，造成2剧毒,此物品暴击时，造成2灼烧,此物品+1多重释放,相邻物品+40%暴击率,此物品免疫冻结、减速和摧毁,此物品暴击时，造成25伤害
f79155e6-d476-4257-a5fc-7e081e7d2f3c,Cooler,冷藏箱,Item / 物品,Medium / 中型,Silver / 白银,Silver/Gold/Diamond,Jules / 朱尔斯,Tool / 工具,Shield / 护盾 | FreezeRef / 冻结引用 | ChilledReference,6.0,6,0,,0,,15,15/30/45,0,,0,,1,1,0,,0,,0,,0,,0,0,0,0,"[主动] 获得15/30/45护盾
[被动] 触发冻结时，此物品获得霜冻效果2秒，并获得15/30/45
[被动] 霜冻时：当你使用小型物品时，充能此物品1秒。",null,此物品的价值翻倍,减速一件物品1秒,冻结一件物品0.5秒,加速一件物品1秒,此物品的护盾翻倍,获得治疗，等量于此物品护盾值,造成剧毒，等量于此物品护盾值的10%,造成灼烧，等量于此物品护盾值的10%,此物品+1多重释放,此物品+50%暴击率,此物品免疫冻结、减速和摧毁,造成伤害，等量于此物品护盾
f7da5278-8608-4161-a8cd-938c600e645a,Bat,蝙蝠,Item / 物品,Small / 小型,Silver / 白银,Silver/Gold/Diamond,Karnok,Friend / 伙伴 | Weapon / 武器,Damage / 伤害 | Slow / 减速 | Flying / 飞行,3.0,3,5,5,0,,0,,0,,0,,1,1,0,,0,,0,,0,,0,0,0,0,"[主动] 此物品开始飞行
[主动] 造成5伤害
[主动] 减速1/2/3件物品1秒",null,此物品的价值翻倍,此物品的减速持续时间翻倍,冻结一件物品0.5秒,加速一件物品1秒,获得护盾，等量于此物品伤害量,获得治疗，等量于此物品伤害,造成剧毒，等量于此物品伤害的10%,造成灼烧，等量于此物品伤害的10%,此物品+1多重释放,此物品+50%暴击率,此物品免疫冻结、减速和摧毁,此物品的伤害翻倍
f7fede6f-1b60-47f4-b4bb-bca041d498dd,Admiral's Badge,上将徽章,Item / 物品,Small / 小型,Legendary / 传奇,Diamond/Legendary,Common / 通用,Apparel / 服饰,FlyingRef / 飞行引用 | Slow / 减速,0.0,,0,,0,,0,,0,,0,,0,,0,,0,,0,,0,,0,0,0,0,"[被动] 当你使用载具或飞行物品时，减速双方布阵区上各一件物品1秒
[被动] 己方飞行物品受冻结和减速的影响时间减半",null,此物品的价值翻倍,此物品的减速持续时间翻倍,当你使用载具或飞行物品时，冻结一件物品0.5秒,当你使用载具或飞行物品时，加速一件物品1秒,当你使用载具或飞行物品时，获得10护盾,当你使用载具或飞行物品时，获得10治疗,当你使用载具或飞行物品时，造成1剧毒,当你使用载具或飞行物品时，造成1灼烧,此物品的减速持续时间翻倍,己方载具和飞行物品+30%暴击率,己方物品受冻结和减速影响的时间减半,当你使用载具或飞行物品时，造成10伤害
f80077ce-aeaf-44ae-9d41-644774682081,Hover Tech,悬浮科技,Item / 物品,Medium / 中型,Silver / 白银,Silver/Gold/Diamond,Dooley / 杜利,Tech / 科技,Flying / 飞行 | FlyingRef / 飞行引用 | Crit / 暴击,4.0,4,0,,0,,0,,0,,0,,1,1,0,,0,,0,,0,,0,0,0,0,"[主动] 使3/4/5件其他物品开始飞行
[被动] 当你以飞行物品造成暴击时，该物品停止飞行
[被动] 己方飞行物品+50/75/100%暴击率",null,此物品的价值翻倍,当你以飞行物品造成暴击时，减速一件物品1秒,当你以飞行物品造成暴击时，冻结一件物品0.5秒,当你以飞行物品造成暴击时，加速一件物品1秒,当你以飞行物品造成暴击时，获得40护盾,当你以飞行物品造成暴击时，获得40治疗,使用飞行物品造成暴击时，造成4剧毒,使用飞行物品造成暴击时，造成4灼烧,改为己方所有物品开始飞行,此物品的暴击率加成翻倍,相邻物品受冻结和减速影响的时间减半,使用飞行物品造成暴击时，造成40伤害
f8a38ad1-5e5a-4c95-9bd1-55c81c31b117,Tortuga,巨龟托图加,Item / 物品,Large / 大型,Gold / 黄金,Gold/Diamond,Vanessa / 瓦内莎,Aquatic / 水系 | Friend / 伙伴 | Vehicle / 载具 | Weapon / 武器,Damage / 伤害 | Haste / 加速,12.0,12/10,450,450/900,0,,0,,0,,0,,1,1,0,,0,,0,,0,,0,0,0,0,"[主动] 造成450/900伤害
[主动] 加速其他物品1秒
[被动] 当你使用另一件伙伴物品时，充能此物品2秒",null,此物品的价值翻倍,减速3件物品2秒,冻结2件物品1秒,此物品的加速持续时间翻倍,获得护盾，等量于此物品伤害量,获得治疗，等量于此物品伤害,造成剧毒，等量于此物品伤害的10%,造成灼烧，等量于此物品伤害的10%,此物品+1多重释放,此物品+50%暴击率,此物品免疫冻结、减速和摧毁,此物品的伤害翻倍
f8b41c46-8adc-4e84-835a-831e2e3d84d1,Goggles,护目镜,Item / 物品,Small / 小型,Bronze / 青铜,Bronze/Silver/Gold/Diamond,Stelle / 斯黛尔,Tool / 工具 | Apparel / 服饰,Shield / 护盾 | Crit / 暴击 | HasteRef / 加速引用,6.0,6,0,,0,,20,20/40/80/160,0,,0,,1,1,0,,0,,0,,0,,0,0,0,0,"[主动] 获得20/40/80/160护盾
[被动] 触发加速时，相邻物品+2/4/6/8%暴击率",null,此物品的价值翻倍,减速一件物品3秒,冻结一件物品0.5秒,加速一件物品3秒,此物品的护盾翻倍,获得治疗，等量于此物品护盾值,造成剧毒，等量于此物品护盾值的10%,造成灼烧，等量于此物品护盾值的10%,此物品+1多重释放,此物品的暴击率加成翻倍,此物品免疫冻结、减速和摧毁,造成伤害，等量于此物品护盾
f8dd1239-f4a3-4bca-b975-2125906e7fcb,Hammer,锤子,Item / 物品,Small / 小型,Gold / 黄金,Gold/Diamond,Stelle / 斯黛尔,Weapon / 武器 | Tool / 工具,Damage / 伤害 | Quest,6.0,6,80,80/160,0,,0,,0,,0,,1,1,0,,0,,0,,0,,0,0,0,0,[主动] 造成80/160伤害,目标: 购买10件工具 | 奖励: 出售此物品时，升级己方最左侧的物品,……并为该物品赋予黄金附魔（如适用）,减速一件物品3秒,冻结一件物品0.5秒,加速一件物品3秒,获得护盾，等量于此物品伤害量,获得治疗，等量于此物品伤害,造成剧毒，等量于此物品伤害的10%,造成灼烧，等量于此物品伤害的10%,此物品+1多重释放,此物品+50%暴击率,此物品免疫冻结、减速和摧毁,此物品的伤害翻倍
f9015c36-ce33-4405-97f3-4acb6b9a4f8e,Caviar,鱼子酱,Item / 物品,Small / 小型,Silver / 白银,Silver/Gold/Diamond,Jules / 朱尔斯,Food / 食物 | Aquatic / 水系,Crit / 暴击 | EconomyRef / 经济引用 | Value / 价值,0.0,,0,,0,,0,,0,,0,,1,1,0,,0,,0,,0,,0,0,0,0,"[被动] 己方物品+暴击率，增幅等于此物品价值的两倍
[被动] 每天开始时，此物品永久获得+1/2/3价值",null,此物品的价值翻倍,当相邻物品暴击时，减速2件物品1秒,当相邻物品暴击时，冻结2件物品0.5秒,当相邻物品暴击时，加速2件物品1秒,使用相邻物品造成暴击时，获得40护盾,使用相邻物品造成暴击时，获得40治疗。,使用相邻物品造成暴击时，造成4剧毒。,使用相邻物品造成暴击时，造成4灼烧。,此物品的暴击率加成翻倍，价值获取值翻倍,此物品的暴击率加成翻倍,相邻物品受冻结和减速影响的时间减半,当相邻物品暴击时，造成40伤害
f929af85-1186-456a-89df-3474b32b443f,Tractor Beam,牵引光束,Item / 物品,Small / 小型,Silver / 白银,Silver/Gold/Diamond,Common / 通用,Weapon / 武器,Damage / 伤害 | FlyingRef / 飞行引用,6.0,6,150,150/300/600,0,,0,,0,,0,,0,,0,,0,,0,,0,,0,0,0,0,"[主动] 摧毁右侧下一件物品来造成150/300/600伤害
[主动] 如果被摧毁的物品是飞行或大型物品，则再造成150/300/600伤害",null,此物品的价值翻倍,减速一件物品3秒,冻结一件物品0.5秒,加速一件物品3秒,获得护盾，等量于此物品伤害量,获得治疗，等量于此物品伤害,造成剧毒，等量于此物品伤害的10%,造成灼烧，等量于此物品伤害的10%,此物品+1多重释放,此物品+50%暴击率,此物品免疫冻结、减速和摧毁,此物品的伤害翻倍
f95df8c9-c04c-4872-ba99-006f1096db64,Campfire,营火,Item / 物品,Medium / 中型,Silver / 白银,Silver/Gold/Diamond,Karnok,,RageReference | Heal / 治疗 | BurnRef / 灼烧引用,5.0,5,0,,0,0,0,,0,,0,,1,1,0,,0,,0,,0,,0,0,0,0,"[主动] 获得治疗，等量于本场战斗中你获得的怒火总值的1/2/3倍。
[被动] 每相邻一件工具、食物或灼烧物品，此物品+1多重释放。",null,此物品的价值翻倍,减速一件物品1秒,冻结一件物品0.5秒,加速一件物品1秒,获得护盾，等量于此物品治疗量,此物品的治疗翻倍,造成剧毒，等量于此物品治疗量的10%,造成灼烧，等量于此物品治疗量的10%,此物品+1多重释放,此物品+50%暴击率,此物品免疫冻结、减速和摧毁,造成伤害，等量于此物品治疗量
f97422bf-fbee-4bc3-a9c8-da799a53a716,Targeting Drone,定向无人机,Item / 物品,Small / 小型,Bronze / 青铜,Bronze/Silver/Gold/Diamond,Stelle / 斯黛尔,Tech / 科技 | Drone,Crit / 暴击 | Haste / 加速,4.0,4,0,,0,,0,,0,,0,,1,1,0,,0,,0,,0,,0,0,0,0,[主动] 加速左侧相邻物品2秒，使其获得3/6/9/12%暴击率,null,此物品的价值翻倍,减速一件物品2秒,冻结一件物品0.5秒,此物品的加速持续时间翻倍,获得40护盾,治疗40生命值,造成4剧毒,造成4灼烧,此物品+1多重释放,此物品的暴击率加成翻倍,此物品左侧相邻的物品受冻结和减速影响的时间减半,造成40伤害
f98213d6-2c40-45a7-ac35-f5eca615d9cd,Agility Boots,轻步靴,Item / 物品,Small / 小型,Bronze / 青铜,Bronze/Silver/Gold/Diamond,Common / 通用,Apparel / 服饰,Crit / 暴击,0.0,,0,,0,,0,,0,,0,,0,,0,,0,,0,,0,,0,0,0,0,"[被动] 相邻物品+3/6/9/12%暴击率
[被动] 出售此物品时，己方物品永久获得1/2/3/4%暴击率",null,,,,,,,,,此物品的暴击率加成翻倍,,,
fa5a2ad2-48f2-4e55-b3ef-e3e708483946,Flycycle,飞行单车,Item / 物品,Small / 小型,Bronze / 青铜,Bronze/Silver/Gold/Diamond,Stelle / 斯黛尔,Vehicle / 载具,Flying / 飞行 | ShieldRef / 护盾引用,6.0,6/5/4/3,0,,0,,0,,0,,0,,1,1,0,,0,,0,,0,,0,0,0,0,"[主动] 己方最左侧的非飞行物品开始飞行
[被动] 己方物品获得+5/10/15/20。如果它们正在飞行，此加成翻倍",null,此物品的价值翻倍,减速一件物品1秒,冻结一件物品0.5秒,加速一件物品1秒,获得10护盾,治疗10生命值,造成1剧毒,造成1灼烧,此物品+1多重释放,己方飞行物品+30%暴击率,此物品免疫冻结、减速和摧毁,造成10伤害
fb41fdef-d83b-4674-8cb3-9a224aa8f84a,Pelt,兽皮,Item / 物品,Small / 小型,Bronze / 青铜,Bronze/Silver/Gold/Diamond,Common / 通用,Loot / 战利品,,0.0,,0,,0,,0,,0,,0,,0,,0,,0,,0,,0,,0,0,2,2/4/6/8,[被动] 可出售换得金币,null,,,,,,,,,,,,
fb56565d-1635-4199-84b1-8ccb4d97bb85,Snow Wisp,雪魂精灵,Item / 物品,Small / 小型,Silver / 白银,Silver/Gold/Diamond,Karnok,Friend / 伙伴,Freeze / 冻结 | Heal / 治疗 | RageReference,6.0,6/5/4,0,,20,20,0,,0,,0,,1,1,0,,0,,0,,0,,0,0,0,0,"[主动] 治疗20
[主动] 冻结1件物品1秒
[被动] 当你进入暴怒状态时，此物品额外冻结一件物品",null,此物品的价值翻倍,减速一件物品2秒,此物品的冻结持续时间翻倍,加速一件物品2秒,获得护盾，等量于此物品治疗量,此物品的治疗翻倍,造成剧毒，等量于此物品治疗量的10%,造成灼烧，等量于此物品治疗量的10%,此物品+1多重释放,此物品+50%暴击率,此物品免疫冻结、减速和摧毁,造成伤害，等量于此物品治疗量
fb6e6b16-d6d0-4493-ac3f-46c26afe6c51,Diving Helmet,潜水头盔,Item / 物品,Medium / 中型,Gold / 黄金,Gold/Diamond,Vanessa / 瓦内莎,Aquatic / 水系 | Tool / 工具 | Apparel / 服饰,Shield / 护盾,0.0,,0,,0,,50,50/100,0,,0,,0,,0,,0,,0,,0,,0,0,0,0,"[被动] 使用水系物品时，获得50/100护盾
[被动] 相邻物品在战斗中视为水系",null,此物品的价值翻倍,使用水系物品时，减速一件物品1秒,使用水系物品时，冻结一件物品0.5秒,使用水系物品时，加速一件物品1秒,此物品的护盾翻倍,使用水系物品时，获得治疗，等量于此物品护盾,使用水系物品时，造成剧毒，等量于此物品护盾值的10%,使用水系物品时，造成灼烧，等量于此物品护盾值的10%,相邻物品+1多重释放,己方水系物品+40%暴击率,己方水系物品受冻结和减速影响的时长减半,当你使用水系物品时，造成伤害，等量于此物品护盾
fb9bc349-bc38-40f4-a67e-a9c580e1e681,Fort,要塞,Item / 物品,Large / 大型,Diamond / 钻石,Diamond,Pygmalien / 皮格马利翁,Property / 地产,Shield / 护盾 | Cooldown / 冷却,8.0,8,0,,0,,100,100,0,,0,,1,1,0,,0,,0,,0,,0,0,0,0,"[主动] 获得100护盾
[被动] 所有物品的冷却时间延长1000秒
[被动] 己方冷却时间8秒或以上的物品+1多重释放",null,此物品的价值翻倍,减速3件物品2秒,冻结2件物品1秒,加速3件物品2秒,此物品的护盾翻倍,获得治疗，等量于此物品护盾值,造成剧毒，等量于此物品护盾值的10%,造成灼烧，等量于此物品护盾值的10%,此物品+1多重释放,己方冷却时间8秒或以上的物品+50%暴击率,此物品免疫冻结、减速和摧毁,造成伤害，等量于此物品护盾
fc01f3c3-5562-4616-aa12-005834d6647f,Skyscraper,摩天大楼,Item / 物品,Large / 大型,Gold / 黄金,Gold/Diamond,Pygmalien / 皮格马利翁,Property / 地产 | Weapon / 武器,Damage / 伤害 | Value / 价值 | EconomyRef / 经济引用,10.0,10/8,0,0,0,,0,,0,,0,,1,1,0,,0,,0,,0,,0,0,0,0,"[主动] 造成伤害，等量于己方物品价值的2/3倍
[被动] 战斗中此物品价值翻倍
[被动] 如果己方场上物品不超过5件，此物品+1多重释放",null,,减速3件物品3秒,冻结3件物品1秒,加速3件物品3秒,获得护盾，等量于此物品伤害量,获得治疗，等量于此物品伤害,造成剧毒，等量于此物品伤害的10%,造成灼烧，等量于此物品伤害的10%,此物品+1多重释放,此物品+50%暴击率,此物品免疫冻结、减速和摧毁,此物品的伤害翻倍
fc2f0122-129b-41e8-942e-a6a10a1c5962,Weakpoint Detector,弱点探测器,Item / 物品,Medium / 中型,Bronze / 青铜,Bronze/Silver/Gold/Diamond,Dooley / 杜利,Tool / 工具,DamageRef / 伤害引用 | SlowRef / 减速引用,6.0,6,0,,0,,0,,0,,0,,1,1,0,,0,,0,,0,,0,0,0,0,"[主动] 己方物品+8/16/24/32
[被动] 触发减速时，充能此物品2秒",null,此物品的价值翻倍,减速一件物品1秒,冻结一件物品0.5秒,加速一件物品1秒,己方物品+0,己方物品+0,己方物品+0,己方物品+0,此物品+1多重释放,己方武器+10%暴击率,此物品免疫冻结、减速和摧毁,此物品的伤害加成翻倍
fc3ed622-30d7-4df3-8530-a34e8d47a363,Display Case,展示柜,Item / 物品,Medium / 中型,Silver / 白银,Silver/Gold/Diamond,Pygmalien / 皮格马利翁,Tool / 工具,Shield / 护盾 | Value / 价值 | EconomyRef / 经济引用,0.0,,0,,0,,10,10/20/30,0,,0,,0,,0,,0,,0,,0,,0,0,0,0,"[被动] 每场战斗开始时，己方布阵区上的所有物品永久+1/2/3价值
[被动] 使用价值超过10的物品时，获得10/20/30护盾",null,此物品的价值获取值翻倍,使用价值超过10的物品时，减速一件物品1秒,使用价值超过10的物品时，冻结一件物品0.5秒,使用价值超过10的物品时，加速一件物品1秒,此物品的护盾翻倍,使用价值大于10的物品时，获得治疗，等量于此物品护盾值,使用价值大于10的物品时，造成剧毒，等量于此物品护盾的10%,使用价值大于10的物品时，造成灼烧，等量于此物品护盾的10%,此物品的护盾翻倍,己方价值超过10的物品+40%暴击率,相邻物品受冻结和减速影响的时间减半,使用价值超过10的物品时，造成伤害，等量于此物品护盾
fc8eb8ad-f5bd-495b-a157-e813dbe748bf,Sniper Rifle,狙击步枪,Item / 物品,Medium / 中型,Gold / 黄金,Gold/Diamond,Vanessa / 瓦内莎,Weapon / 武器,Damage / 伤害,8.0,8,100,100,0,,0,,0,,0,,1,1,0,,0,,0,,0,,0,0,0,0,"[主动] 造成100伤害
[被动] 如果此物品是己方唯一的武器，此物品造成的伤害提升为5/10倍",null,此物品的价值翻倍,减速2件物品4秒,冻结2件物品1秒,加速2件物品4秒,获得护盾，等量于此物品伤害量,获得治疗，等量于此物品伤害,造成剧毒，等量于此物品伤害的10%,造成灼烧，等量于此物品伤害的10%,此物品+1多重释放,此物品+50%暴击率,此物品免疫冻结、减速和摧毁,此物品的伤害翻倍
fcd72525-0b3f-4472-a7cc-0e4e5750acdd,Charging Station,充能站,Item / 物品,Medium / 中型,Gold / 黄金,Gold/Diamond,Dooley / 杜利,Tech / 科技,Charge / 充能,0.0,,0,,0,,0,,0,,0,,0,,0,,0,,0,,0,,0,0,0,0,[被动] 当你使用左侧非核心物品时，充能己方核心1/2秒,null,此物品的价值翻倍,当你使用左侧物品时，减速一件物品1秒,当你使用左侧物品时，冻结一件物品0.5秒,使用左侧相邻的物品时，加速一件物品1秒,使用左侧相邻的物品时，获得25护盾,使用左侧相邻的物品时，获得25治疗,使用左侧相邻的物品时，造成2剧毒,使用左侧相邻的物品时，造成2灼烧,此物品的充能量翻倍,相邻物品+40%暴击率,相邻物品受冻结和减速影响的时间减半,使用左侧相邻的物品时，造成25伤害
fcdd6627-8a87-4c3d-8bc9-59f6742da494,Ramrod,填弹杆,Item / 物品,Medium / 中型,Bronze / 青铜,Bronze/Silver/Gold/Diamond,Vanessa / 瓦内莎,Tool / 工具,AmmoRef / 弹药引用 | Crit / 暴击,3.0,3,0,,0,,0,,0,,0,,1,1,0,,0,,0,,0,,0,0,0,0,"[主动] 装填相邻物品
[被动] 当你装填物品时，该物品+5/10/20/40%暴击率",null,此物品的价值翻倍,减速一件物品1秒,冻结一件物品0.5秒,加速一件物品1秒,使用弹药物品时，获得20护盾,使用弹药物品时，获得20治疗,使用弹药物品时，造成2剧毒,使用弹药物品时，造成2灼烧,相邻的弹药物品+1多重释放,相邻弹药物品+40%暴击率,此物品免疫冻结、减速和摧毁,使用弹药物品时，造成20伤害
fcf57212-34e9-4049-b40c-751d18b1af40,Microwave,微波炉,Item / 物品,Medium / 中型,Bronze / 青铜,Bronze/Silver/Gold/Diamond,Jules / 朱尔斯,Tool / 工具,Haste / 加速 | HeatedReference,8.0,8/7/6/5,0,,0,,0,,0,,0,,1,1,0,,0,,0,,0,,0,0,0,0,"[主动] 加速食物2秒
[被动] 高温时：此物品冷却时间缩短2秒",null,此物品的价值翻倍,减速2件物品1秒,冻结一件物品1秒,此物品的加速持续时间翻倍,获得75护盾,治疗75生命值,造成7剧毒,造成7灼烧,此物品+1多重释放,己方食物+40%暴击率,此物品免疫冻结、减速和摧毁,造成75伤害
fcfcd84c-8f62-43ae-9cbb-31d3110e4696,Feast,盛宴,Item / 物品,Large / 大型,Gold / 黄金,Gold/Diamond,Jules / 朱尔斯,Food / 食物,Burn / 灼烧 | Regen / 再生 | HeatedReference | ChilledReference,4.0,4,0,,0,,0,,0,,0,,1,1,8,8,0,,8,8,0,,0,0,0,0,"[主动] 高温时：造成8灼烧
[主动] 霜冻时：生命再生量提高8
[被动] 使用食物时，此物品获得4/8和生命再生量",null,此物品的价值翻倍,减速3件物品1秒,冻结2件物品1秒,加速3件物品1秒,高温时：获得护盾，等量于此物品灼烧的5倍,高温时：获得治疗，等量于此物品灼烧的5倍,高温时：造成剧毒，等量于此物品灼烧,此物品的灼烧翻倍,此物品+1多重释放,此物品+50%暴击率,此物品免疫冻结、减速和摧毁,高温时：造成伤害，等量于此物品灼烧的5倍
fcfe77ec-799b-4c9e-95ed-68f9f2d120c8,Barbspike Warden,毒刺守卫,Item / 物品,Medium / 中型,Legendary / 传奇,Diamond/Legendary,Common / 通用,Relic / 遗物,Poison / 剧毒 | PoisonRef / 剧毒引用 | FreezeRef / 冻结引用 | BurnRef / 灼烧引用,8.0,8,0,,0,,0,,0,,0,,1,1,0,,10,10,0,,0,,0,0,0,0,"[主动] 造成10剧毒
[被动] 触发冻结、剧毒或灼烧时，己方物品获得4
[被动] 使用相邻遗物时，充能此物品1秒",null,此物品的价值翻倍,减速2件物品3秒,冻结一件物品1秒,加速2件物品3秒,获得护盾，等量于此物品剧毒的5倍,获得治疗，等量于此物品剧毒的5倍,此物品的剧毒翻倍,造成灼烧，等量于此物品的剧毒,此物品+1多重释放,此物品+50%暴击率,此物品免疫冻结、减速和摧毁,造成伤害，等量于此物品剧毒的5倍
fd35f65b-8e2a-4a6c-8e85-20d0fd5b8fc1,Vial Launcher,药瓶发射器,Item / 物品,Medium / 中型,Gold / 黄金,Gold/Diamond,Mak / 马克,Weapon / 武器 | Tool / 工具,PotionRef / 药水引用 | Damage / 伤害 | AmmoRef / 弹药引用 | Charge / 充能,0.0,,20,20/40,0,,0,,0,,0,,0,,0,,0,,0,,0,,0,0,0,0,"[被动] 当你使用药水时，造成20/40伤害
[被动] 当你转化药水时，此物品获得20/40
[被动] 当你装填药水时，充能此药水+1/2秒",null,此物品的价值翻倍,当你使用药水时，减速一件物品1秒,当你使用药水时，冻结一件物品0.5秒,当你使用药水时，加速一件物品1秒,当你使用药水时，获得护盾，等量于此物品伤害,当你使用药水时，获得治疗，等量于此物品伤害,当你使用药水时，造成剧毒，等量于此物品伤害的10%,当你使用药水时，造成灼烧，等量于此物品伤害的10%,此物品的伤害翻倍,己方药水+40%暴击率,相邻物品受冻结和减速影响的时间减半,此物品的伤害翻倍
fd701d0e-11d8-4bd3-bfc9-f8071c810fc2,Championship Belt,冠军腰带,Item / 物品,Medium / 中型,Legendary / 传奇,Diamond/Legendary,Common / 通用,Apparel / 服饰,DamageRef / 伤害引用 | Health / 生命值,0.0,,0,,0,,0,,0,,0,,0,,0,,0,,0,,0,,0,0,0,0,[被动] 相邻物品+伤害，等量于你最大生命值的5% [1],null,此物品的价值翻倍,当你使用相邻物品时，减速1件物品1秒,使用相邻物品时，冻结一件物品0.5秒,使用相邻物品时，加速一件物品1秒,相邻物品+护盾，等量于你最大生命值的5% [{aura.e1}],相邻物品+生命再生量，等量于你最大生命值的5% [{aura.e1}],相邻物品+剧毒，等量于你最大生命值的1% [{aura.e1}],相邻物品+灼烧，等量于你最大生命值的1% [{aura.e1}],此物品的伤害加成翻倍,相邻武器+30%暴击率,相邻武器受冻结和减速影响的时长减半,此物品的伤害加成翻倍
fd95b873-24a4-4af6-8b08-296f24a3576c,Magic Carpet,魔法飞毯,Item / 物品,Medium / 中型,Bronze / 青铜,Bronze/Silver/Gold/Diamond,Mak / 马克,Vehicle / 载具 | Weapon / 武器 | Relic / 遗物,Flying / 飞行 | Damage / 伤害 | CritReference | FlyingRef / 飞行引用,7.0,7,40,40/80/160/320,0,,0,,0,,0,,1,1,0,,0,,0,,0,,0,0,0,0,"[主动] 造成40/80/160/320伤害
[被动] 当你暴击时，此物品的冷却时间缩短1000秒，且此物品开始飞行",null,此物品的价值翻倍,减速一件物品1秒,冻结一件物品0.5秒,加速一件物品1秒,获得护盾，等量于此物品伤害量,获得治疗，等量于此物品伤害,造成剧毒，等量于此物品伤害的10%,造成灼烧，等量于此物品伤害的10%,此物品+1多重释放,此物品+50%暴击率,此物品免疫冻结、减速和摧毁,此物品的伤害翻倍
fdb8f063-d430-4391-9dc4-79b9f9bda25b,Elixir of Immortality,不死灵药,Item / 物品,Small / 小型,Legendary / 传奇,Diamond/Legendary,Common / 通用,Potion / 药水,HealthRef / 生命值引用 | Heal / 治疗,0.0,,0,,0,0,0,,0,,0,,0,,0,,0,,0,,0,,0,0,0,0,[被动] 每场战斗中首次即将被击败时，永久摧毁此物品并回满生命值,null,此物品的价值翻倍,减速一件物品2秒,冻结一件物品1秒,加速一件物品2秒,获得30护盾,治疗30生命值,造成3剧毒,造成3灼烧,此物品+1多重释放,此物品+50%暴击率,,造成30伤害
fdd78910-3e5c-4244-8c13-ac90a223fae3,Ice Swan,冰天鹅,Item / 物品,Medium / 中型,Silver / 白银,Silver/Gold/Diamond,Jules / 朱尔斯,,Freeze / 冻结 | ChilledReference,6.0,6,0,,0,,0,,0,,0,,1,1,0,,0,,0,,0,,0,0,0,0,"[主动] 冻结己方所有霜冻物品3/2/1秒
[被动] 霜冻时：己方小型霜冻物品+1多重释放且相邻物品获得霜冻效果",null,此物品的价值翻倍,减速2件物品2秒,冻结所有敌方物品1秒,加速2件物品2秒,获得150护盾,治疗150生命值,造成15剧毒,造成15灼烧,此物品的多重释放加成翻倍,相邻物品+40%暴击率,此物品免疫冻结、减速和摧毁,造成150伤害
fe1a40e3-cedc-4a7f-83f0-998286f71725,Booby Trap,陷阱装置,Item / 物品,Medium / 中型,Silver / 白银,Silver/Gold/Diamond,Pygmalien / 皮格马利翁,Toy / 玩具 | Trap,Freeze / 冻结,0.0,,0,,0,,0,,0,,0,,0,,0,,0,,0,,0,,0,0,0,0,[被动] 每场战斗中首次有敌人使用物品时，冻结该物品以及1/2/3件物品2秒,null,此物品的价值翻倍,首次有敌人使用物品时，减速2件物品3秒,此物品的冻结持续时间翻倍,首次有敌人使用物品时，加速2件物品3秒,首次有敌人使用物品时，获得护盾，等量于你最大生命值的20%,首次有敌人使用物品时，获得治疗，等量于你最大生命值的20%,首次有敌人使用物品时，造成40剧毒,首次有敌人使用物品时，造成40灼烧,敌人使用物品的前两次会触发此物品,己方物品+25%暴击率,相邻物品受冻结和减速影响的时间减半,每场战斗中首次有敌人使用物品时，造成伤害，等量于你最大生命值的20%
fea2f5a5-48c7-42c0-8836-1ea805cea768,Hunter's Boots,猎人之靴,Item / 物品,Medium / 中型,Gold / 黄金,Gold/Diamond,Karnok,Apparel / 服饰,Slow / 减速 | Crit / 暴击 | Charge / 充能 | RageReference,4.0,4,0,,0,,0,,0,,0,,1,1,0,,0,,0,,0,,0,0,0,0,"[主动] 减速相邻物品1秒，充能相邻物品1秒
[被动] 当你减速己方物品时，该物品获得10/20%暴击率
[被动] 暴怒期间，此物品+1多重释放",null,此物品的价值翻倍,此物品造成的减速持续时间减半,冻结一件物品1秒,加速2件物品1秒,获得100护盾,治疗100生命值,造成10剧毒,造成10灼烧,此物品+1多重释放,此物品的暴击率加成翻倍,此物品免疫冻结、减速和摧毁,造成100伤害
fea7450f-bc68-4bf9-8d34-99acd9399cbe,Chronobarrier,时流屏障,Item / 物品,Medium / 中型,Gold / 黄金,Gold/Diamond,Dooley / 杜利,Tech / 科技,Shield / 护盾 | Cooldown / 冷却,7.0,7,0,,0,,75,75/150,0,,0,,1,1,0,,0,,0,,0,,0,0,0,0,"[主动] 获得75/150护盾
[被动] 非科技物品的冷却时间延长1000/2000秒",null,此物品的价值翻倍,减速2件物品2秒,冻结一件物品1秒,加速2件物品2秒,此物品的护盾翻倍,获得治疗，等量于此物品护盾值,造成剧毒，等量于此物品护盾值的10%,造成灼烧，等量于此物品护盾值的10%,此物品+1多重释放,此物品+50%暴击率,此物品免疫冻结、减速和摧毁,造成伤害，等量于此物品护盾
feb4ef44-7aa1-41fc-8b75-7abcc21b9108,Icewatch Warden,冰护守卫,Item / 物品,Medium / 中型,Legendary / 传奇,Diamond/Legendary,Common / 通用,Relic / 遗物,Freeze / 冻结 | BurnRef / 灼烧引用 | PoisonRef / 剧毒引用 | Charge / 充能,8.0,8,0,,0,,0,,0,,0,,1,1,0,,0,,0,,0,,0,0,0,0,"[主动] 冻结一件物品0.5/1秒
[主动] 为相邻物品充能1秒
[被动] 触发冻结、剧毒或灼烧时，充能此物品1秒。",null,此物品的价值翻倍,减速2件物品2秒,此物品的冻结持续时间翻倍,加速2件物品2秒,获得150护盾,治疗150生命值,造成15剧毒,造成15灼烧,此物品+1多重释放,相邻物品+40%暴击率,此物品免疫冻结、减速和摧毁,造成150伤害
fec7b75b-980f-4744-b1c1-19ce00b117e8,Claw Arm,爪臂,Item / 物品,Medium / 中型,Bronze / 青铜,Bronze/Silver/Gold/Diamond,Dooley / 杜利,Weapon / 武器 | Tech / 科技,Damage / 伤害 | HasteRef / 加速引用,6.0,6,30,30,0,,0,,0,,0,,1,1,0,,0,,0,,0,,0,0,0,0,"[主动] 造成30伤害
[被动] 加速此物品时，此物品和左侧相邻的武器获得12/24/36/48伤害",null,此物品的价值翻倍,减速2件物品2秒,冻结一件物品1秒,加速2件物品2秒,获得护盾，等量于此物品伤害量,获得治疗，等量于此物品伤害,造成剧毒，等量于此物品伤害的10%,造成灼烧，等量于此物品伤害的10%,此物品的伤害加成翻倍,此物品+50%暴击率,此物品免疫冻结、减速和摧毁,此物品的伤害翻倍
ff06b63a-15ee-49be-80b1-5fb52b4e1616,Windmill,风车磨坊,Item / 物品,Large / 大型,Gold / 黄金,Gold/Diamond,Pygmalien / 皮格马利翁,Property / 地产,Health / 生命值 | Charge / 充能,35.0,35/25,0,,0,,0,,0,,0,,1,1,0,,0,,0,,0,,0,0,0,0,"[主动] 沙尘暴来袭！
[主动] 充能己方其他物品2秒
[被动] 当你使用其他物品时，充能此物品2秒
[被动] 当沙尘暴开始时，你的最大生命值翻倍",null,此物品的价值翻倍,减速3件物品2秒,冻结2件物品1秒,加速3件物品2秒,获得300护盾,治疗300生命值,造成30剧毒,造成30灼烧,此物品+1多重释放,相邻物品+50%暴击率,此物品免疫冻结、减速和摧毁,造成300伤害
ff16ffda-dee0-40db-a14c-302d35ee3b2d,Showcase,展品柜,Item / 物品,Medium / 中型,Bronze / 青铜,Bronze/Silver/Gold/Diamond,Pygmalien / 皮格马利翁,Property / 地产,DamageRef / 伤害引用 | ShieldRef / 护盾引用,3.0,3,0,,0,,0,,0,,0,,1,1,0,,0,,0,,0,,0,0,0,0,"[主动] 如果你拥有2件或更多武器，它们获得5/10/15/20
[主动] 如果你拥有2件或更多护盾物品，它们获得5/10/15/20",null,此物品的价值翻倍,减速2件物品2秒,冻结一件物品1秒,加速2件物品2秒,此物品的护盾加成翻倍,如果己方拥有2件或更多治疗物品，使其+0,如果己方拥有2件或更多剧毒物品，使其+0,如果己方拥有2件或更多灼烧物品，使其+0,此物品+1多重释放,己方武器和护盾物品+40%暴击率,此物品免疫冻结、减速和摧毁,此物品的伤害加成翻倍
ff5c6ad0-9b05-48af-9e90-6ebd0e73ffa7,Adrenaline Shot,肾上腺素注射,Item / 物品,Small / 小型,Bronze / 青铜,Bronze/Silver/Gold/Diamond,Karnok,Potion / 药水,Rage | Ammo / 弹药 | CritReference,6.0,6,0,,0,,0,,1,1,0,,1,1,0,,0,,0,,0,,0,0,0,0,"[主动] 获得怒火
[主动] 弹药: 1
[被动] 当你暴击时，装填此物品",null,此物品的价值翻倍,减速一件物品3秒,冻结一件物品0.5秒,加速一件物品3秒,获得60护盾,治疗60生命值,造成6剧毒,造成6灼烧,此物品+1多重释放,己方物品+20%暴击率,此物品免疫冻结、减速和摧毁,造成60伤害
ffcc9b4e-24f2-479b-ab80-7bfbaec664f2,Proboscis,口器,Item / 物品,Small / 小型,Silver / 白银,Silver/Gold/Diamond,Common / 通用,Weapon / 武器,Damage / 伤害 | SlowRef / 减速引用,0.0,,8,8/12/16,0,,0,,0,,0,,0,,0,,0,,0,,0,,0,0,0,0,[被动] 触发减速时，造成8/12/16伤害,null,此物品的价值翻倍,每场战斗开始时，减速一件物品1秒,触发减速时，冻结一件物品0.5秒,触发减速时，加速一件物品1秒,触发减速时，获得护盾，等量于此物品伤害,触发减速时，获得治疗，等量于此物品伤害,触发减速时，造成剧毒，等量于此物品伤害的10%,触发减速时，造成灼烧，等量于此物品伤害的10%,此物品的伤害翻倍,己方物品+20%暴击率,己方减速物品受到冻结和减速影响的时间减半,此物品的伤害翻倍
