ID,英文名,中文名,描述(英),描述(中),尺寸,初始等级,可用等级,英雄,标签,效果类型(HiddenTags),图标,卡包ID,生成资格,多重施放
0045d15e-ac74-436f-a200-eeedab7baf90,Backroom Dealings,幕后交易,"When you visit a Merchant, gain 10/20/30/40 Max Health",当你拜访商人时，获得10/20/30/40最大生命值,Medium / 中型,Bronze / 青铜,Bronze/Silver/Gold/Diamond,Pygmalien / 皮格马利翁 | Mak / 马克 | Karnok,,Health / 生命值,Icon_Skill_Backroom.png,,,0
00e1526a-0eb6-49af-93fd-e5e4aea5f05a,Shortened Rage,缩短暴怒,You are Enraged for 1 second shorter [Total Duration: ],你的暴怒时间缩短1秒 [总持续时间：],Medium / 中型,Diamond / 钻石,Diamond,Karnok,,RageReference,Icon_Skill_KAR_ReduceRage,,,0
00f1ae18-33a6-499d-b2ea-319ac3debab9,Left Eye,左眼,Your leftmost item has +8/16/24/32% Crit Chance,己方最左侧的物品+8/16/24/32%暴击率,Medium / 中型,Bronze / 青铜,Bronze/Silver/Gold/Diamond,Pygmalien / 皮格马利翁 | Vanessa / 凡妮莎 | Dooley / 杜利 | Jules / 朱尔斯 | Stelle / 斯黛拉 | Mak / 马克 | Karnok,,Crit / 暴击,Icon_Skill_LeftEyeDominant.png,,,0
015bc348-773e-4009-87ff-231452431bba,Ice Smasher,碎冰者,"Your leftmost item is affected by Freeze for half as long | If you have exactly one Weapon, all your items are affected by Freeze for half as long instead",己方最左侧的物品受冻结效果影响的时长减半 | 如果己方恰好只有一件武器，则改为使己方所有物品受冻结效果影响的时长减半,Medium / 中型,Diamond / 钻石,Diamond,Jules / 朱尔斯 | Stelle / 斯黛拉 | Mak / 马克 | Dooley / 杜利 | Vanessa / 凡妮莎 | Pygmalien / 皮格马利翁 | Karnok,Weapon / 武器,DamageRef / 伤害引用,Icon_Skill_HeavyFirepower.png,,,0
0283b102-e0ef-4df4-b447-c5208049bf02,Buffed and Polished,抛光加持,Your Drones' and Tools' Cooldowns are reduced by 5/10%,己方无人机和工具的冷却时间缩短5/10%,Medium / 中型,Gold / 黄金,Gold/Diamond,Stelle / 斯黛拉,Drone | Tool / 工具,Cooldown / 冷却,Icon_Skill_STE_BuffedAndPolished,,,0
03533207-fccd-4363-a873-d324c91cabf1,Final Rage,终极怒火,"While you are Enraged, your rightmost item has its cooldown reduced by 1 second(s)",暴怒期间，你最右侧的物品冷却时间缩短1秒,Medium / 中型,Diamond / 钻石,Diamond,Karnok,,RageReference | Cooldown / 冷却,Icon_Skill_KAR_InitialRage,,,0
035a7356-9021-4ba9-8c87-6a88181660ea,Big Ego,虚荣,Your Weapons have Lifesteal,己方武器拥有吸血,Medium / 中型,Diamond / 钻石,Diamond,Common / 通用,Weapon / 武器,Lifesteal / 生命偷取,Icon_Skill_MON_ThickSkin_03.png,,,0
03968f2d-5f40-464a-bf1f-9475836157cd,Jury Rigger,临修工匠,"When you use an Ammo item, Reload the item to the left of it 1/2/3 Ammo",当你使用弹药物品时，装填其左侧相邻的物品1/2/3弹药,Medium / 中型,Silver / 白银,Silver/Gold/Diamond,Common / 通用,,Ammo / 弹药,Icon_Skill_MON_ALittleOfEverything_01.png,,,0
04168bfd-eac1-40ff-ad34-bc10cb92e636,Initial Dose,最初一剂,Your leftmost Poison item has +2/4/6/8,己方最左侧的剧毒物品+2/4/6/8,Medium / 中型,Bronze / 青铜,Bronze/Silver/Gold/Diamond,Vanessa / 凡妮莎 | Dooley / 杜利 | Mak / 马克 | Karnok,,PoisonRef / 剧毒引用,Icon_Skill_InitialDose.png,,,0
050ff26a-59ec-4666-89b0-b0630a75149a,Hard Shell,硬壳,"The first time you fall below half Health each fight, Shield equal to 20/30/40/50% of your Max Health [0]",每场战斗中首次生命值降至一半以下时，获得护盾，等量于你最大生命值的20/30/40/50%[0],Medium / 中型,Bronze / 青铜,Bronze/Silver/Gold/Diamond,Common / 通用,,Shield / 护盾 | HealthRef / 生命值引用,Icon_Skill_MON_Withdraw_01,,,0
0526054f-98da-4e95-be68-d25b26bb0fe3,Trained,受训,"When you Slow, a Weapon gains 5/10/15/20",触发减速时，一件武器获得5/10/15/20,Medium / 中型,Bronze / 青铜,Bronze/Silver/Gold/Diamond,Common / 通用,Weapon / 武器,DamageRef / 伤害引用 | SlowRef / 减速引用,Icon_Skill_MON_Trained.png,,,0
05ea3ce6-0626-45c5-af36-a7711200d431,Initial Chill,寒霜初降,"The first time you use a Large item each fight, Freeze an item for 3/4/5 second(s)",每场战斗中首次使用大型物品时，冻结一件物品3/4/5秒,Medium / 中型,Silver / 白银,Silver/Gold/Diamond,Dooley / 杜利 | Jules / 朱尔斯 | Vanessa / 凡妮莎 | Mak / 马克 | Pygmalien / 皮格马利翁 | Stelle / 斯黛拉 | Karnok,,Freeze / 冻结,Icon_Skill_InitialChill.png,,,0
05ec8652-3c5f-4cba-acd1-c3eee8e49d44,Healthy Heart,健康心脏,"The first time you fall below half Health each fight, Heal equal to 30% of your Max Health and Cleanse half your Burn and Poison [0]",每场战斗中首次生命值降至一半以下时，获得治疗，等量于你最大生命值的30%，并净化己方一半的灼烧和剧毒 [0],Medium / 中型,Diamond / 钻石,Diamond,Pygmalien / 皮格马利翁 | Vanessa / 凡妮莎 | Dooley / 杜利 | Jules / 朱尔斯 | Stelle / 斯黛拉 | Mak / 马克 | Karnok,,Health / 生命值 | Heal / 治疗,Icon_Skill_Hearty.png,,,0
063df89c-4fe9-4e89-a0c4-a0af4dedc9bb,Rapid Relief,急速缓解,"While your enemy has more Health than you, your Heal and Regen items' Cooldowns are reduced by 5/10/15%",当敌人生命值高于你时，己方治疗和生命再生物品的冷却时间缩短5/10/15%,Medium / 中型,Silver / 白银,Silver/Gold/Diamond,Mak / 马克,,HealRef / 治疗引用 | RegenRef / 再生引用 | Cooldown / 冷却,Icon_Skill_RapidRelief.png,,,0
07fbd5ab-c52a-42d8-801d-8992c44714de,Standardized Toxins,,Your Medium Poison items have +2/4/6/8,[未翻译],Medium / 中型,Bronze / 青铜,Bronze/Silver/Gold/Diamond,Vanessa / 凡妮莎 | Dooley / 杜利 | Mak / 马克,,PoisonRef / 剧毒引用,Icon_Skill_StandadizedPoison.png,,,0
086bf7be-2d9c-4448-a855-08576e284b52,Happy Camper,快乐露营者,"The first time you fall below half Health each fight, Haste your Burn and Regen items for 1/2/3 second(s)",每场战斗中首次生命值降至一半以下时，加速己方灼烧和生命再生物品1/2/3秒,Medium / 中型,Silver / 白银,Silver/Gold/Diamond,Common / 通用,,Haste / 加速 | BurnRef / 灼烧引用 | RegenRef / 再生引用,Icon_Skills_MON_HappyCamper,,,0
08adc2fd-986c-4e8f-914e-fda9703ace3d,Assault Focus,突击专注,"When any non-Weapon item is used, Slow it for 1/2/3 second(s)",当任意非武器物品被使用时，减速此物品1/2/3秒,Medium / 中型,Silver / 白银,Silver/Gold/Diamond,Common / 通用,,Slow / 减速,Icon_Skill_MON_AssaultFocus.png,,,0
08b801ea-e721-42a9-82e3-56ff3892c49c,Deadly Waters,致命水域,Your Aquatic items have +10/20/30/40,己方水系物品+10/20/30/40,Medium / 中型,Bronze / 青铜,Bronze/Silver/Gold/Diamond,Vanessa / 凡妮莎,Aquatic / 水生,DamageRef / 伤害引用,Icon_Skill_VAN_DeadlyWaters,,,0
08db2099-a4a9-4d95-afad-e86d4abbf829,Exposing Toxins,弱点毒素,"When you Poison, your items gain 1/2/3% Crit Chance",触发剧毒时，己方物品+1/2/3%暴击率,Medium / 中型,Silver / 白银,Silver/Gold/Diamond,Vanessa / 凡妮莎 | Dooley / 杜利 | Mak / 马克 | Karnok,,PoisonRef / 剧毒引用 | Crit / 暴击,Icon_Skill_ExposingToxins.png,,,0
09c4c894-0397-47e5-9635-7b1f4c49527a,Power Broker,权力掮客,Your items have +Damage equal 1/2/3 times to your income [1/2/3],己方物品+伤害，等量于你的收入的1/2/3倍 [1/2/3],Medium / 中型,Silver / 白银,Silver/Gold/Diamond,Common / 通用,Weapon / 武器,DamageRef / 伤害引用 | EconomyRef / 经济引用,Icon_Skill_MON_MoneyIsPower_02.png,,,0
09c59ebf-d2f9-4862-9c30-396b9ddfdd89,Fiery Rebirth,炽焰重生,"The first time you would be defeated each fight, Heal to full",每场战斗中你首次将被击败时，将生命值治疗至满,Medium / 中型,Legendary / 传奇,Diamond/Legendary,Common / 通用,,Heal / 治疗,Icon_Skill_MON_FieryRebirth_01.png,,,0
09f668a1-82f6-42d5-94fa-88af3568edd8,Hypnotic Drain,催眠吸取,"When you use a Weapon with Lifesteal, Freeze a Smaller item for 2 second(s)",当你使用带吸血的武器时，冻结一件较小的物品2秒,Medium / 中型,Diamond / 钻石,Diamond,Common / 通用,Weapon / 武器,Freeze / 冻结 | DamageRef / 伤害引用,Icon_Skill_FinesseWeapon.png,,,0
0beccea0-bb9b-444b-b063-bf6aeadaddc8,Inspired Rage,灵感怒火,"When you use a Small item, gain 3 Rage | When you use a Medium item, gain 6 Rage | When you use a Large item, gain 9 Rage",当你使用小型物品时，获得3怒火 | 当你使用中型物品时，获得6怒火 | 当你使用大型物品时，获得9怒火,Medium / 中型,Diamond / 钻石,Diamond,Common / 通用,,Rage,Icon_Skill_KAR_KarnoksRage,,,0
0cb66928-870b-4c6b-9325-2c53f774eab9,Final Flame,终焰,Your rightmost Burn item has +2/4/6/8,己方最右侧的灼烧物品+2/4/6/8,Medium / 中型,Bronze / 青铜,Bronze/Silver/Gold/Diamond,Vanessa / 凡妮莎 | Dooley / 杜利 | Jules / 朱尔斯 | Stelle / 斯黛拉 | Mak / 马克 | Pygmalien / 皮格马利翁 | Karnok,,BurnRef / 灼烧引用,Icon_Skill_FinalFlame.png,,,0
0d4f9fa5-521c-4e05-8b2b-dc8b185b18eb,Inspired by Jules: Stove,朱尔斯点拨：炉灶,One of your slots becomes a Stove (The item here is Heated),一个己方栏位变为炉灶（此栏位中的物品获得高温效果）,Medium / 中型,Diamond / 钻石,Diamond,Common / 通用,,,Icon_Skill_JUL_Stove,,,0
0d8cd0dc-67ab-4c3c-b11c-88e78559a900,Free Ride,免费乘车,Your rightmost item is a Vehicle | Your Vehicles' Cooldowns are reduced by 5/10/15%,你最右侧的物品视为载具 | 己方载具的冷却时间缩短5/10/15%,Medium / 中型,Silver / 白银,Silver/Gold/Diamond,Common / 通用,Vehicle / 载具,Cooldown / 冷却,Icon_Skill_MON_FreeRide,,,0
0d915f3f-3025-4e7b-abf5-e3f9119c9ecc,Blind Fury,盲目狂怒,"While you are Enraged, your Large items have their cooldowns reduced by 1 second",暴怒期间，己方大型物品的冷却时间缩短1秒,Medium / 中型,Diamond / 钻石,Diamond,Karnok,,RageReference | Cooldown / 冷却,Icon_Skill_KAR_BlindFury,,,0
0dd4d40e-ac14-4a57-8c7f-9d47a5bdd38a,Desperate Strike,绝望打击,"While you have less Health than your enemy, your items have +20/40/60% Crit Chance",当你生命值低于敌人时，己方物品+20/40/60%暴击率,Medium / 中型,Silver / 白银,Silver/Gold/Diamond,Vanessa / 凡妮莎 | Jules / 朱尔斯 | Stelle / 斯黛拉 | Mak / 马克,,Crit / 暴击,Icon_Skill_DesperateStrike.png,,,0
0e3f3e4c-22a8-456c-9f34-5d9aa3700727,Archeologist,考古学家,The Cooldown of your Relics and Tools is reduced by 5/10%,己方遗物和工具的冷却时间缩短5/10%,Medium / 中型,Gold / 黄金,Gold/Diamond,Mak / 马克,Tool / 工具 | Relic / 神器,Cooldown / 冷却,Icon_Skill_MAK_Archeologist,,,0
0e790e41-203a-4b07-8a06-352a2070588d,War Chef,战地厨师,Your items have +10/15/20 for each Food you have [10/15/20],己方每拥有一件食物，己方物品就+10/15/20 [10/15/20],Medium / 中型,Silver / 白银,Silver/Gold/Diamond,Jules / 朱尔斯,Food / 食物 | Weapon / 武器,DamageRef / 伤害引用,Icon_Skill_JUL_ChefOfWar,,,0
0eb35f18-3c03-4ea6-9af4-b7345bce1e3c,Beautiful Friendship,美好友谊,Your items have +5/10/15 for each Friend item you have [5/10/15],己方每拥有一件伙伴物品，己方物品就+5/10/15 [5/10/15],Medium / 中型,Silver / 白银,Silver/Gold/Diamond,Dooley / 杜利 | Vanessa / 凡妮莎 | Karnok,Friend / 伙伴,DamageRef / 伤害引用,Icon_Skill_DOO_BeautifulFriendship.png,,,0
0f1c6082-c742-4d6a-bf11-12ded9a8bb29,Cult Member,教团成员,You have joined the Cult | Your Legendary items have their cooldowns reduced by 1 second,你已加入教团 | 己方传说级物品冷却时间缩短1秒,Medium / 中型,Legendary / 传奇,Diamond,Common / 通用,,,Icon_Skill_Cultemember,,,0
1034cd09-ce16-44ad-9a73-ba86a592c9d2,Keen Edge,,,,Medium / 中型,Diamond / 钻石,Diamond,Vanessa / 凡妮莎,,,Icon_Skill_VAN_KeenEdge,,,0
113091ab-c543-4745-9dc4-18ab1cdfb3b8,Arbitrage,套利,Your rerolls cost 1/2/3 less Gold,你的重掷花费减少1/2/3金币,Medium / 中型,Silver / 白银,Silver/Gold/Diamond,Pygmalien / 皮格马利翁 | Vanessa / 凡妮莎 | Dooley / 杜利 | Jules / 朱尔斯 | Mak / 马克 | Stelle / 斯黛拉 | Karnok,,EconomyRef / 经济引用,Icon_Skill_CaptainsDue.png,,,0
115c2677-6880-4400-af80-f5afa3d502fe,Defense Grid,防御网格,"The first time you use an item each fight, Shield equal to 10/15/20/25% of your Max Health [0]",每场战斗中首次使用物品时，获得护盾，等量于你最大生命值的10/15/20/25%[0],Medium / 中型,Bronze / 青铜,Bronze/Silver/Gold/Diamond,Pygmalien / 皮格马利翁 | Dooley / 杜利 | Stelle / 斯黛拉 | Jules / 朱尔斯,,HealthRef / 生命值引用 | Shield / 护盾,Icon_Skill_DefenseGrid.png,,,0
11a262fe-e1e7-4656-a07c-f6a3a1249352,Second Degree Burns,,Your Medium items have +2/4/6/8,[未翻译],Medium / 中型,Bronze / 青铜,Bronze/Silver/Gold/Diamond,Vanessa / 凡妮莎 | Dooley / 杜利 | Jules / 朱尔斯 | Stelle / 斯黛拉 | Mak / 马克,,BurnRef / 灼烧引用,Icon_Skill_SecondDegreeBurns.png,,,0
12291452-e5c6-4d98-98c6-69f766536dbd,Critical Aid,暴击支援,Your Heal items have +5/10/15/20% Crit Chance,己方治疗物品+5/10/15/20%暴击率,Medium / 中型,Bronze / 青铜,Bronze/Silver/Gold/Diamond,Pygmalien / 皮格马利翁 | Karnok,,HealRef / 治疗引用 | Crit / 暴击,Icon_Skill_CriticalAid.png,,,0
1252064a-3bf4-478e-9326-946677ecc8b3,Frozen Secrets,冻结秘密,"The first 3/6 times you use a Relic each fight, Freeze an item for 1 second",每场战斗中前3/6次使用遗物时，冻结一件物品1秒,Medium / 中型,Gold / 黄金,Gold/Diamond,Mak / 马克,Relic / 神器,Freeze / 冻结,Icon_Skill_MAK_FrozenSecrets,,,0
12e6e9ac-040b-4b58-96dd-08a56722fb45,Honed In,磨砺精进,"When you use a Weapon, give your Leftmost Weapon 5/10",当你使用武器时，使己方最左侧的武器获得5/10,Medium / 中型,Gold / 黄金,Gold/Diamond,Common / 通用,Weapon / 武器,DamageRef / 伤害引用,Icon_Skills_MON_Anaconda.png,,,0
13282f20-bc0e-400f-9c2f-13faf6abe13a,Burning Temper,火爆之怒,"While you are Enraged, your items have +3/6/9/12",暴怒期间，己方物品+3/6/9/12,Medium / 中型,Bronze / 青铜,Bronze/Silver/Gold/Diamond,Karnok,,BurnRef / 灼烧引用 | RageReference,Icon_Skill_KAR_BurningTemper,,,0
13989ad3-2122-4d86-a323-bb90fda8360b,Bloodhound,寻血猎犬,"The first time an enemy falls below half Health each fight, Charge your items 1/2/3 second(s)",每场战斗中首次有敌人生命值降至一半以下时，充能己方物品1/2/3秒,Medium / 中型,Silver / 白银,Silver/Gold/Diamond,Vanessa / 凡妮莎 | Karnok,,Charge / 充能,Icon_Skill_Bloodhound.png,,,0
13bcf77b-0ad0-4dd3-85ed-927799691a72,Tempering,回火再铸,"When you use a Weapon, it gains 3/6/9",当你使用武器时，使其获得3/6/9,Medium / 中型,Silver / 白银,Silver/Gold/Diamond,Vanessa / 凡妮莎 | Pygmalien / 皮格马利翁 | Jules / 朱尔斯 | Stelle / 斯黛拉 | Dooley / 杜利 | Mak / 马克 | Karnok,Weapon / 武器,DamageRef / 伤害引用,Icon_Skill_Tempering.png,,,0
13d1b66a-1d45-4e8e-9921-8312253fc48e,Barnacle Crusted,藤壶覆盖,The Cooldown of your Aquatic items is reduced by 5/10%,己方水系物品的冷却时间缩短5/10%,Medium / 中型,Gold / 黄金,Gold/Diamond,Vanessa / 凡妮莎,Aquatic / 水生,Cooldown / 冷却,Icon_Skill_VAN_BarnacleCrusted,,,0
13d8c01f-b2a7-4a21-9892-de5b645556bc,Nanobot Construction,纳米机器人建造,Your Large items' Cooldowns are reduced by 2/3% for each Small item you have [2/3%],己方每有一件小型物品，己方大型物品的冷却时间缩短2/3%[2/3%],Medium / 中型,Gold / 黄金,Gold/Diamond,Common / 通用,,Cooldown / 冷却,Icon_Skill_MON_Dooltron,,,0
13f4df45-8f29-4a48-8a2b-b8176e17c85d,Retaliatory Toxins,反击毒素,"The first 5/10 times an enemy uses an item each fight, Poison 5",每场战斗中，敌人首次使用物品的5/10次内，造成5剧毒,Medium / 中型,Gold / 黄金,Gold/Diamond,Mak / 马克,,Poison / 剧毒,Icon_Skill_RetalitoryToxins.png,,,0
1448f669-4c0f-4f86-a23c-00fb647b1153,Slowed Targets,减速目标,"When you Slow, your items gain 1/2/3% Crit Chance",触发减速时，己方物品+1/2/3%暴击率,Medium / 中型,Silver / 白银,Silver/Gold/Diamond,Vanessa / 凡妮莎 | Mak / 马克 | Jules / 朱尔斯 | Stelle / 斯黛拉 | Karnok,,SlowRef / 减速引用 | Crit / 暴击,Icon_Skill_SlowedTargets.png,,,0
158c1575-71c6-406c-82c9-f4435d9b37ca,Emergency Shield,应急护盾,"The first time you fall below half Health each fight, use your highest Shield item",每场战斗中首次生命值降至一半以下时，使用己方护盾值最高的物品,Medium / 中型,Diamond / 钻石,Diamond,Pygmalien / 皮格马利翁 | Dooley / 杜利 | Stelle / 斯黛拉 | Jules / 朱尔斯 | Karnok,,Shield / 护盾,Icon_Skill_ThickShield.png,,,0
178d4272-35c7-4d10-9deb-58d074d2cbea,Jack of All Trades,全能手,"The first 5/10 times you use an item each fight, Charge an item from another hero 1 second(s)",每场战斗中前5/10次使用物品时，充能一件其他英雄的物品1秒,Medium / 中型,Gold / 黄金,Gold/Diamond,Common / 通用,,Charge / 充能,Icon_Skill_MON_JackofAllTrades,,,0
1798b189-818a-456d-b7c5-efddf8da15c2,Repair Mechanic,修复技师,"The first 1/2 times one of your items is destroyed each fight, repair it",每场战斗中首次1/2次己方物品被摧毁时，将其修复,Medium / 中型,Gold / 黄金,Gold/Diamond,Stelle / 斯黛拉 | Dooley / 杜利 | Pygmalien / 皮格马利翁 | Jules / 朱尔斯 | Mak / 马克 | Vanessa / 凡妮莎 | Karnok,,,Icon_Skill_STE_MasterMechanic,,,0
17b06564-f267-4fea-9549-f953fa872673,Steady Defender,,Your Slowest Shield item has +6/18/36/60,[未翻译],Medium / 中型,Bronze / 青铜,Bronze/Silver/Gold/Diamond,Pygmalien / 皮格马利翁 | Vanessa / 凡妮莎 | Dooley / 杜利 | Jules / 朱尔斯 | Stelle / 斯黛拉,,ShieldRef / 护盾引用,Icon_Skill_SteadyDefender.png,,,0
18c6637b-14c7-4311-b853-e3fd74c613eb,Right-Handed,右撇子,Your rightmost Weapon has +10/20/40/80,己方最右侧的武器+10/20/40/80,Medium / 中型,Bronze / 青铜,Bronze/Silver/Gold/Diamond,Jules / 朱尔斯 | Stelle / 斯黛拉 | Mak / 马克 | Dooley / 杜利 | Vanessa / 凡妮莎 | Pygmalien / 皮格马利翁 | Karnok,Weapon / 武器,DamageRef / 伤害引用,Icon_Skill_RightHanded.png,,,0
18cd63c6-6235-45f5-b4e9-74f19fcf9edc,Tool Fight,工具斗法,"The first time your enemy uses an item each fight,  of your Tools starts Flying",每场战斗中，敌人首次使用物品时，己方件工具开始飞行,Medium / 中型,Silver / 白银,Silver/Gold/Diamond,Stelle / 斯黛拉,Tool / 工具,Flying / 飞行,Icon_Skill_STE_ToolFight,,,0
19b74e9a-6723-4e94-a955-2c39ca48dbd0,Flamedancer,烈焰舞者,Your Burn items have +10/15/20/25% Crit Chance,己方灼烧物品+10/15/20/25%暴击率。,Medium / 中型,Bronze / 青铜,Bronze/Silver/Gold/Diamond,Common / 通用,,BurnRef / 灼烧引用 | Crit / 暴击,Icon_Skill_MON_FlameWall_01,,,0
19c967e5-f4c0-4c11-bb96-aa039369600a,Large Appetites,胃口大开,"If you have 5 or fewer items, you have +500/1000/2000 Max Health",如果己方物品数量不超过5件，+500/1000/2000最大生命值,Medium / 中型,Silver / 白银,Silver/Gold/Diamond,Pygmalien / 皮格马利翁 | Vanessa / 凡妮莎 | Dooley / 杜利 | Jules / 朱尔斯 | Stelle / 斯黛拉 | Mak / 马克 | Karnok,,Health / 生命值,Icon_Skill_LargeAppetites.png,,,0
1aa32e3b-fb93-4d4e-9630-f6168cd77cdc,Final Dose,最后一剂,Your rightmost Poison item has +2/4/6/8,你最右侧的剧毒物品+2/4/6/8,Medium / 中型,Bronze / 青铜,Bronze/Silver/Gold/Diamond,Vanessa / 凡妮莎 | Dooley / 杜利 | Mak / 马克 | Karnok,,PoisonRef / 剧毒引用,Icon_Skill_FinalDose.png,,,0
1ab0b3dc-5c68-4bb8-8614-c7adf1d9b192,Balanced Specialist,,Your items have +5/10/15% Crit Chance if you have 2 or more Medium items,[未翻译],Medium / 中型,Silver / 白银,Silver/Gold/Diamond,Pygmalien / 皮格马利翁 | Vanessa / 凡妮莎 | Dooley / 杜利 | Jules / 朱尔斯 | Stelle / 斯黛拉 | Mak / 马克,,Crit / 暴击,Icon_Skill_BalanceSpecialist.png,,,0
1ac7830c-8506-4e7f-a1b6-8ba302f6a8fe,Karnok's Rage,卡诺克之怒,"When you use a Small item, gain 4 Rage | When you use a Medium item, gain 8 Rage | When you use a Large item, gain 12 Rage",当你使用小型物品时，获得4怒火 | 当你使用中型物品时，获得8怒火 | 当你使用大型物品时，获得12怒火,Medium / 中型,Diamond / 钻石,Diamond,Karnok,,Rage,Icon_Skill_KAR_KarnoksRage,,,0
1c40716a-d125-4deb-8ada-8b177c5ff071,Brawler,斗士,You have +50/100/150 Max Health for each Weapon you have [50/100/150],己方每拥有一件武器，你+50/100/150最大生命值[50/100/150],Medium / 中型,Silver / 白银,Silver/Gold/Diamond,Pygmalien / 皮格马利翁 | Karnok,Weapon / 武器,Health / 生命值,Icon_Skill_Brawler.png,,,0
1c47afbe-2e26-4b63-b50c-1bff7d48b88b,Creeping Chill,暗袭寒流,"The first time you Slow each fight, Freeze an item for 2/3/4 second(s)",每场战斗中首次触发减速时，冻结一件物品2/3/4秒,Medium / 中型,Silver / 白银,Silver/Gold/Diamond,Dooley / 杜利 | Vanessa / 凡妮莎 | Mak / 马克 | Jules / 朱尔斯 | Karnok | Stelle / 斯黛拉,,SlowRef / 减速引用 | Freeze / 冻结,Icon_Skill_CreepingChill.png,,,0
1c4c5aaa-6aa2-4329-a55a-ac75e987ee95,Arms Race,军备竞赛,Your items have +2/4/6/8% Crit Chance for each Weapon you have [2/4/6/8],每拥有一件武器，己方物品+2/4/6/8%暴击率 [2/4/6/8]。,Medium / 中型,Bronze / 青铜,Bronze/Silver/Gold/Diamond,Common / 通用,Weapon / 武器,Crit / 暴击,Icon_Skill_MON_Lurk_02.png,,,0
1d0b3080-14a8-41c5-9449-9b48f46d4726,Makeshift Plate,简易板甲,Your items have +10/20/30 Shield for each Tool item you have [10/20/30],你每拥有一件工具物品，己方物品就+10/20/30护盾 [10/20/30],Medium / 中型,Silver / 白银,Silver/Gold/Diamond,Jules / 朱尔斯 | Karnok | Stelle / 斯黛拉 | Dooley / 杜利,Tool / 工具,ShieldRef / 护盾引用,Icon_Skill_MakeshiftPlate.png,,,0
1d9eb8d1-ef94-4847-b472-28290159e894,Warm Hugs,温暖拥抱,"The first 4/8/12 times you use a Friend each fight, Burn 5",每场战斗中首4/8/12次使用伙伴时，造成5灼烧,Medium / 中型,Silver / 白银,Silver/Gold/Diamond,Dooley / 杜利 | Vanessa / 凡妮莎,Friend / 伙伴,Burn / 灼烧,Icon_Skill_DOO_WarmHugs.png,,,0
1df8d85a-9095-4ab9-952a-c668a4d5d51c,Electrified Hull,带电外壳,"The first 4/8 times you Shield each fight, Charge an item 1 second(s)",每场战斗中前4/8次获得护盾时，充能一件物品1秒,Medium / 中型,Gold / 黄金,Gold/Diamond,Dooley / 杜利 | Stelle / 斯黛拉 | Karnok,,ShieldRef / 护盾引用 | Charge / 充能,Icon_Skill_DOO_NumberOneStunner.png,,,0
1e63e9bd-603a-4965-a6e8-4e180377c0ff,Temporal Strike,时空打击,"The first 4/8 times you Slow each fight, Charge a Weapon 1 second(s)",每场战斗中前4/8次触发减速时，充能一件武器1秒,Medium / 中型,Gold / 黄金,Gold/Diamond,Vanessa / 凡妮莎 | Mak / 马克 | Jules / 朱尔斯 | Dooley / 杜利 | Karnok,Weapon / 武器,SlowRef / 减速引用 | Charge / 充能,Icon_Skill_TemporalStrike.png,,,0
1e65b121-c928-4147-8a76-34a495e7bbb2,Target Acquisition,目标锁定,Your Flying items have +5/10/15/20% Crit Chance,己方飞行物品+5/10/15/20%暴击率,Medium / 中型,Bronze / 青铜,Bronze/Silver/Gold/Diamond,Stelle / 斯黛拉,,Crit / 暴击,Icon_Skill_MultiTargetLock.png,,,0
1e75f81b-f982-4642-b33d-497336784f9e,Stunning Strike,震慑打击,"The first time you Crit each fight, Freeze an item for 3/4/5 second(s)",每场战斗中首次暴击时，冻结一件物品3/4/5秒,Medium / 中型,Silver / 白银,Silver/Gold/Diamond,Dooley / 杜利 | Jules / 朱尔斯 | Vanessa / 凡妮莎 | Mak / 马克 | Stelle / 斯黛拉 | Karnok,,CritRef / 暴击引用 | Freeze / 冻结,Icon_Skill_StunningHit.png,,,0
1e8293e9-c60f-464a-9d44-21e766978edc,Improvised Burn,临时灼烧,"When you Crit, your items gain 2/4",当你暴击时，己方物品获得2/4,Medium / 中型,Gold / 黄金,Gold/Diamond,Vanessa / 凡妮莎 | Mak / 马克 | Jules / 朱尔斯 | Stelle / 斯黛拉 | Dooley / 杜利 | Karnok,,BurnRef / 灼烧引用 | CritRef / 暴击引用,Icon_Skill_ImprovisedBurn.png,,,0
1eebbbc3-595a-485c-be96-0755c9c7c2a5,Toxic Spores,,Your Small Poison items have +1/2/3/4,[未翻译],Medium / 中型,Bronze / 青铜,Bronze/Silver/Gold/Diamond,Vanessa / 凡妮莎 | Dooley / 杜利 | Mak / 马克,,PoisonRef / 剧毒引用,Icon_Skill_ToxicSpores.png,,,0
1fb47cc1-c38f-4240-8f7f-04a78222f5e7,Toxicity,毒势,"When you Poison, your items gain 2/4/6",触发剧毒时，己方物品获得2/4/6,Medium / 中型,Silver / 白银,Silver/Gold/Diamond,Vanessa / 凡妮莎 | Mak / 马克 | Dooley / 杜利 | Karnok,,DamageRef / 伤害引用 | PoisonRef / 剧毒引用,Icon_Skill_Toxic.png,,,0
202e4917-e744-41bf-965a-81edcded9d5f,Toxic Weapons,毒性武器,Your items have +2/3/4 for each Weapon you have [2/3/4],己方每拥有一件武器，己方物品+2/3/4 [2/3/4],Medium / 中型,Silver / 白银,Silver/Gold/Diamond,Mak / 马克 | Dooley / 杜利 | Vanessa / 凡妮莎 | Karnok,Weapon / 武器,PoisonRef / 剧毒引用,Icon_Skill_ExoticHerbs.png,,,0
20db8a31-f74d-40d2-a5a5-db28e3261bea,Diamond Fangs,钻石獠牙,Your Small Diamond-tier items' Cooldowns are reduced by 20/30/40/50%,己方小型钻石级物品的冷却时间缩短20/30/40/50%,Medium / 中型,Bronze / 青铜,Bronze/Silver/Gold/Diamond,Common / 通用,,Cooldown / 冷却,Icon_Skill_MON_DiamondFangs.png,,,0
22e88b23-7497-4cb9-92a9-6d5e6bde6373,Passive Power,被动能量,"Your items with no Cooldown have +25/50% Damage, Burn, Poison, Shield, Heal, and Regen",己方无冷却时间的物品+25/50%伤害、灼烧、剧毒、护盾、治疗和生命再生量,Medium / 中型,Gold / 黄金,Gold/Diamond,Common / 通用,Weapon / 武器,DamageRef / 伤害引用 | BurnRef / 灼烧引用 | PoisonRef / 剧毒引用 | ShieldRef / 护盾引用 | HealRef / 治疗引用 | RegenRef / 再生引用,Icon_Skill_MON_PassivePower,,,0
239aeabb-0b0c-484d-a761-ee68ede3223c,Lash Out,狂怒一击,"At the start of each fight, Poison 3/6/9/12",每场战斗开始时，造成3/6/9/12剧毒,Medium / 中型,Bronze / 青铜,Bronze/Silver/Gold/Diamond,Common / 通用,,Poison / 剧毒,Icon_Skill_MON_LashOut_01,,,0
254017cc-e3b9-486e-9276-850867ceba6b,Standardized Defenses,,Your Medium items have +6/18/36/60,[未翻译],Medium / 中型,Bronze / 青铜,Bronze/Silver/Gold/Diamond,Stelle / 斯黛拉 | Dooley / 杜利 | Pygmalien / 皮格马利翁,,ShieldRef / 护盾引用,Icon_Skill_StandardizedDefences.png,,,0
25c63d19-8254-47f8-acc9-519ee5a69e1f,Left-Handed,左撇子,Your leftmost Weapon deals +10/20/40/80,己方最左侧的武器+10/20/40/80伤害,Medium / 中型,Bronze / 青铜,Bronze/Silver/Gold/Diamond,Jules / 朱尔斯 | Stelle / 斯黛拉 | Mak / 马克 | Dooley / 杜利 | Vanessa / 凡妮莎 | Pygmalien / 皮格马利翁 | Karnok,Weapon / 武器,DamageRef / 伤害引用,Icon_Skill_LeftHanded.png,,,0
279ca038-9f02-45ea-a946-7bd05be37d57,Defender,,You have +50/150/300/500 Health and your Shield items' Cooldowns are reduced by 1/2/3/4%,[未翻译],Medium / 中型,Bronze / 青铜,Bronze/Silver/Gold/Diamond,Pygmalien / 皮格马利翁 | Vanessa / 凡妮莎 | Dooley / 杜利 | Jules / 朱尔斯 | Stelle / 斯黛拉,,ShieldRef / 护盾引用 | Cooldown / 冷却 | Health / 生命值,Icon_Skills_Defender.png,,,0
280eb842-0600-4f2c-bbf9-01926b43f1dc,Emergency Burn,应急灼烧,"The first time you fall below half Health each fight, Burn 20/30/40",每场战斗中首次生命值降至一半以下时，造成20/30/40灼烧,Medium / 中型,Silver / 白银,Silver/Gold/Diamond,Vanessa / 凡妮莎 | Dooley / 杜利 | Jules / 朱尔斯 | Stelle / 斯黛拉 | Mak / 马克 | Pygmalien / 皮格马利翁 | Karnok,,Burn / 灼烧,Icon_Skill_EmergencyBurn.png,,,0
292f58c0-409b-4de7-a8d2-099a8629aa5e,Toughness,坚固,Your items have +5/10/20/40,己方物品+5/10/20/40,Medium / 中型,Bronze / 青铜,Bronze/Silver/Gold/Diamond,Pygmalien / 皮格马利翁 | Dooley / 杜利 | Stelle / 斯黛拉 | Jules / 朱尔斯 | Vanessa / 凡妮莎 | Karnok,,ShieldRef / 护盾引用,Icon_Skill_Toughness.png,,,0
2a2ef40a-38d6-4441-ad43-76fc01f31eb4,Precision Diver,,Your Aquatic items have +8/10/12% Crit Chance,[未翻译],Medium / 中型,Silver / 白银,Silver/Gold/Diamond,Vanessa / 凡妮莎,Aquatic / 水生,Crit / 暴击,Icon_Skill_PrecisionDiver.png,,,0
2a8dc6f4-d77a-4231-8329-5c02e51a5230,It's All Connected,万物互联,"Your items have their cooldown reduced by 2/3% for each of the following types you have: Tech, Friend, Apparel, Tool, Weapon",你拥有以下类型每有一种，己方物品冷却时间缩短2/3%：科技、伙伴、服饰、工具、武器,Medium / 中型,Gold / 黄金,Gold/Diamond,Common / 通用,Apparel / 服饰 | Weapon / 武器 | Tool / 工具 | Tech / 科技 | Friend / 伙伴,Cooldown / 冷却,Icon_Skills_MON_TheyAreComing,,,0
2aabac27-fb64-44df-96f5-b1dac0b23b1c,Hardened Shield,强化护盾,Your items have +10/20/30 Shield for each Weapon your enemy has [10/20/30],敌人每拥有一件武器，己方物品就+10/20/30护盾 [10/20/30],Medium / 中型,Silver / 白银,Silver/Gold/Diamond,Pygmalien / 皮格马利翁 | Dooley / 杜利 | Stelle / 斯黛拉 | Jules / 朱尔斯 | Karnok | Vanessa / 凡妮莎,,ShieldRef / 护盾引用,Icon_Skill_HardenedShield.png,,,0
2aca51d6-c6c8-43d5-98d0-88741d996378,Catalytic Converter,,"The first 4/8/12 times you use a Relic each fight, Poison 5",每场战斗中前4/8/12次使用遗物时，造成5剧毒,Medium / 中型,Silver / 白银,Silver/Gold/Diamond,Mak / 马克,Relic / 神器,Poison / 剧毒,Icon_Skill_MAK_CatalyticConverter,,,0
2b081d19-8f82-44fd-b6d2-0daeaf97a85e,Frontline Logistics,前线勤务,"When you use an Ammo item, your items gain 3/6/9",当你使用弹药物品时，己方物品获得3/6/9,Medium / 中型,Silver / 白银,Silver/Gold/Diamond,Vanessa / 凡妮莎 | Karnok,Weapon / 武器,AmmoRef / 弹药引用 | DamageRef / 伤害引用,Icon_Skill_FrontlineLogistics,,,0
2c4b4d14-19db-4d75-9fb6-a377d9ca9882,Chilling Touch,寒霜之触,"The first time you Freeze each fight, Slow all enemy items for 1/2/3 second(s)",每场战斗中首次触发冻结时，减速所有敌方物品1/2/3秒,Medium / 中型,Silver / 白银,Silver/Gold/Diamond,Common / 通用,,FreezeRef / 冻结引用 | Slow / 减速,Icon_Skill_MON_ChillingTouch.png,,,0
2c637e34-ea4d-4532-9118-fddd9e637342,Improvised Heal,,"When you Crit, your items gain 10/20/30",当你暴击时，己方物品获得10/20/30,Medium / 中型,Silver / 白银,Silver/Gold/Diamond,Vanessa / 凡妮莎,,HealRef / 治疗引用 | CritRef / 暴击引用,Icon_Skill_ImprovisedHealing.png,,,0
2d0e4193-304d-4cf8-8232-6386abdf7230,Quick Study,快速学习,"The first time you use an item each fight, Haste  Relic item(s) for 2 second(s)",每场战斗中首次使用物品时，加速件遗物物品2秒,Medium / 中型,Silver / 白银,Silver/Gold/Diamond,Mak / 马克,Relic / 神器,Haste / 加速,Icon_Skill_MAK_QuickStudy,,,0
2d9ee50a-e31b-4b43-b667-ca93ed1e248f,Quicken Weapons,,The Cooldowns of your Weapons with Cooldown greater than 10 seconds are reduced by 1000/2000 second(s),[未翻译],Medium / 中型,Gold / 黄金,Gold/Diamond,Jules / 朱尔斯 | Stelle / 斯黛拉 | Mak / 马克 | Dooley / 杜利 | Vanessa / 凡妮莎 | Pygmalien / 皮格马利翁,Weapon / 武器,Cooldown / 冷却,Icon_Skill_QuickDraw.png,,,0
2df5681c-8c5c-400a-baa0-ad73391cc085,Flash Freeze,闪速冻结,Your Chilled items' Cooldowns are reduced by 1000 second,己方霜冻物品的冷却时间缩短1000秒。,Medium / 中型,Diamond / 钻石,Diamond,Jules / 朱尔斯,,Cooldown / 冷却 | ChilledReference,Icon_Skill_JUL_FlashFreeze,,,0
2efc2530-badd-4460-9b03-9d34a10a85de,Bombs Away!,炸飞！,"The first 4/8/12 times you use a Drone or Vehicle each fight, Burn 5",每场战斗中前4/8/12次使用无人机或载具时，造成5灼烧,Medium / 中型,Silver / 白银,Silver/Gold/Diamond,Stelle / 斯黛拉,Vehicle / 载具 | Drone,Burn / 灼烧,Icon_Skill_FireAccelerant.png,,,0
304d505a-d914-4264-9142-b6efb7aca1ff,Flurry of Blows,连环打击,"The first 4/8 times you use a Weapon each fight, Charge an item 1 second(s)",每场战斗中你前4/8次使用武器时，充能一件物品1秒,Medium / 中型,Gold / 黄金,Gold/Diamond,Vanessa / 凡妮莎,Weapon / 武器,Charge / 充能 | DamageRef / 伤害引用,Icon_Skill_ExtraArms.png,,,0
30df1bd1-0465-4203-b15b-d44a9fcec9a1,Quick Bite,先啃为快,"The first time you use an item each fight, charge your Heated and Chilled items 1/2 second(s)",每场战斗中首次使用物品时，充能己方高温和霜冻物品1/2秒,Medium / 中型,Gold / 黄金,Gold/Diamond,Jules / 朱尔斯,,Charge / 充能 | HeatedReference | ChilledReference,Icon_Skill_JUL_QuickBite,,,0
315dc6e8-bc86-4ea5-9c6a-23848028456a,Gunner,炮手,Your items have +1/2/3 Max Ammo,己方物品+1/2/3最大弹药量,Medium / 中型,Silver / 白银,Silver/Gold/Diamond,Vanessa / 凡妮莎 | Mak / 马克 | Karnok,,Ammo / 弹药,Icon_Skill_Gunner.png,,,0
318e27ee-611e-4e8b-bf3b-ae9982494453,The Best Defense,以攻为守,"When you use a Weapon, Weapons adjacent to it gain 3/6/9",当你使用武器时，与其相邻的武器获得3/6/9,Medium / 中型,Silver / 白银,Silver/Gold/Diamond,Vanessa / 凡妮莎,Weapon / 武器,DamageRef / 伤害引用,Icon_Skill_TheBestDefence.png,,,0
31e244c7-e013-4e6c-a51c-4f0ca8d10472,Strong Arm,强健手臂,Your items have + Damage equal to 1/2/3 times your Income [1/2/3],己方物品+伤害，增幅等于1/2/3乘以你的收入 [1/2/3],Medium / 中型,Silver / 白银,Silver/Gold/Diamond,Pygmalien / 皮格马利翁,Weapon / 武器,DamageRef / 伤害引用 | EconomyRef / 经济引用,Icon_Skill_StrongArm.png,,,0
32573ba4-0fd4-49fd-b217-d772efbd0745,Give it a Whack,敲打一下,"When you use a Tool, charge an adjacent item 1 second",当你使用工具时，充能一件相邻物品1秒,Medium / 中型,Diamond / 钻石,Diamond,Common / 通用,Tool / 工具,Charge / 充能,Icon_Skills_MON_GiveItaWhack,,,0
32e45628-c864-4f99-a2e8-94efe6f37cdc,Static Acceleration,静态加速,"When you Haste, your items gain 1/2/3% Crit Chance",当你加速时，己方物品+1/2/3%暴击率,Medium / 中型,Silver / 白银,Silver/Gold/Diamond,Dooley / 杜利 | Stelle / 斯黛拉 | Mak / 马克 | Vanessa / 凡妮莎 | Jules / 朱尔斯 | Karnok,,HasteRef / 加速引用 | Crit / 暴击,Icon_Skill_StaticAcceleration.png,,,0
338b9fbe-0131-4d89-8661-13aa2dd0c9a1,Submerged,潜水,Your items have +5/10/15 and 5/10/15 for each Aquatic item you have [5/10/15/5/10/15],己方拥有的每件水系物品使己方物品+5/10/15和5/10/15 [5/10/15/5/10/15],Medium / 中型,Silver / 白银,Silver/Gold/Diamond,Vanessa / 凡妮莎,Weapon / 武器 | Aquatic / 水生,DamageRef / 伤害引用 | ShieldRef / 护盾引用,Icon_Skill_VAN_Submerged,,,0
34ad2511-dec9-4e8f-8392-1cc691e77b87,Deadly Eye,致命眼光,Your Weapons have +5/10/15/20% Crit Chance,己方武器+5/10/15/20%暴击率,Medium / 中型,Bronze / 青铜,Bronze/Silver/Gold/Diamond,Pygmalien / 皮格马利翁 | Vanessa / 凡妮莎 | Dooley / 杜利 | Jules / 朱尔斯 | Stelle / 斯黛拉 | Mak / 马克 | Karnok,Weapon / 武器,Crit / 暴击,Icon_Skill_DeadlyEye.png,,,0
3510040e-9d43-4e2a-867e-96cc6740a139,Improvised Weaponry,临时军火,"When you Crit, your items gain 5/10/15",当你暴击时，己方物品获得5/10/15,Medium / 中型,Silver / 白银,Silver/Gold/Diamond,Vanessa / 凡妮莎 | Dooley / 杜利 | Mak / 马克 | Jules / 朱尔斯 | Karnok,Weapon / 武器,DamageRef / 伤害引用 | CritRef / 暴击引用,Icon_Skill_ImprovisedWeaponry.png,,,0
35cd34d4-80f5-48bd-95ed-5bb7fde3d21c,Flanking Aid,,"The first time you use a Large item each fight, adjacent items gain 15/20/25",[未翻译],Medium / 中型,Silver / 白银,Silver/Gold/Diamond,Pygmalien / 皮格马利翁 | Mak / 马克,,HealRef / 治疗引用,Icon_Skill_FlankingAid.png,,,0
3618e79d-de41-4c92-9ea5-55d1f79b8330,Emergency Landing,紧急着陆,"The first time you fall below half Health each fight, Heal 10% of your Max Health for each of your Flying items, then your items stop Flying",每场战斗中首次生命值降至一半以下时，己方每拥有一件飞行物品便治疗10%最大生命值，然后己方物品停止飞行,Medium / 中型,Diamond / 钻石,Diamond,Stelle / 斯黛拉,,Flying / 飞行 | Heal / 治疗 | FlyingRef / 飞行引用 | Health / 生命值,Icon_Skill_STE_EmergencyLanding,,,0
36410add-d0de-4618-a099-ceb32a87c589,Tiny Dancer,小小舞者,"If you have at least 7 items, your items' Cooldowns are reduced by 5/10%",如果己方至少有7件物品，己方物品冷却时间缩短5/10%,Medium / 中型,Gold / 黄金,Gold/Diamond,Dooley / 杜利 | Vanessa / 凡妮莎 | Jules / 朱尔斯,,Cooldown / 冷却,Icon_Skill_TinyDancer.png,,,0
369a6704-2727-4cea-be27-01b76c82df45,Hunker Down,暂避风头,When the Sandstorm starts you take 25/50/75% less Damage for the rest of the fight,沙尘暴开始时，本场战斗剩余时间内你受到的伤害减少25/50/75%,Medium / 中型,Silver / 白银,Silver/Gold/Diamond,Common / 通用,,,Icon_Skill_MON_GlidedShell_03.png,,,0
3715da61-af37-49c6-aa7d-68804484b685,Chemical Fire,化学燃焰,Your items have +2/4/6 | Your items have +2/4/6,己方物品+2/4/6 | 己方物品+2/4/6,Medium / 中型,Silver / 白银,Silver/Gold/Diamond,Mak / 马克 | Vanessa / 凡妮莎,,PoisonRef / 剧毒引用 | BurnRef / 灼烧引用,Icon_Skill_ChemicalFire.png,,,0
3728b5fe-43aa-4f77-b7a8-b20c3b359295,Creeping Toxins,蜗行毒素,"The first 4/8 times you Slow each fight, Charge a Poison item 1 second(s)",每场战斗中前4/8次触发减速时，充能一件剧毒物品1秒,Medium / 中型,Gold / 黄金,Gold/Diamond,Vanessa / 凡妮莎 | Dooley / 杜利 | Mak / 马克 | Karnok,,Charge / 充能 | PoisonRef / 剧毒引用 | SlowRef / 减速引用,Icon_Skill_CreepingToxines.png,,,0
3735516a-1517-40fe-b158-9ccee3758fef,Building Crescendo,递进高潮,"When you use an item, your items gain 1/2% Crit Chance",当你使用物品时，己方物品+1/2%暴击率,Medium / 中型,Gold / 黄金,Gold/Diamond,Jules / 朱尔斯 | Vanessa / 凡妮莎 | Dooley / 杜利 | Stelle / 斯黛拉 | Mak / 马克 | Karnok,,Crit / 暴击,Icon_Skill_BuildingCrescendo.png,,,0
37efcae2-779d-4a60-95c6-0d663d7e0113,Double Down,双倍押注,"The first time you fall below half Health each fight, double the Damage of your leftmost Weapon",每场战斗中首次生命值降至一半以下时，己方最左侧武器的伤害翻倍,Medium / 中型,Diamond / 钻石,Diamond,Vanessa / 凡妮莎 | Pygmalien / 皮格马利翁,Weapon / 武器,DamageRef / 伤害引用,Icon_Skill_DoubleDown.png,,,0
3849770c-59df-4471-b0b0-f02713be8bb0,Full Arsenal,全副武装,"Your item's Cooldowns are reduced by 2/4% if you have a Vehicle, reduced by 2/4% if you have a Weapon, and reduced by 2/4% if you have a Tool",如果你拥有载具，己方物品冷却时间缩短2/4%；如果你拥有武器，冷却时间缩短2/4%；如果你拥有工具，冷却时间缩短2/4%。,Medium / 中型,Gold / 黄金,Gold/Diamond,Common / 通用,Vehicle / 载具 | Weapon / 武器 | Tool / 工具,Cooldown / 冷却,Icon_Skill_MON_HighImpact.png,,,0
385d9634-f0ab-41f0-be0b-7b2eb280282f,Ancient Vengeance,远古复仇,"When an enemy uses a Weapon, Charge a Relic 1 second",当敌人使用武器时，充能一件遗物1秒,Medium / 中型,Diamond / 钻石,Diamond,Common / 通用,Relic / 神器,Charge / 充能,Icon_Skill_MON_AncientVengeance,,,0
3865bde8-45b8-49d6-8945-0453c24251a9,Sharpshooter,神射手,"Your leftmost and rightmost Weapons have +10% Crit Chance | If you only have one Weapon, it has double Crit Damage",己方最左侧和最右侧的武器+10%暴击率 | 如果你只拥有一件武器，其暴击伤害翻倍,Medium / 中型,Diamond / 钻石,Diamond,Jules / 朱尔斯 | Stelle / 斯黛拉 | Mak / 马克 | Dooley / 杜利 | Vanessa / 凡妮莎 | Pygmalien / 皮格马利翁 | Karnok,Weapon / 武器,DamageRef / 伤害引用 | Crit / 暴击,Icon_Skill_Sharpshooter.png,,,0
38b71a62-71d4-40df-83b8-f4a1f92df539,Monster Tracker,怪物追踪者,"When you defeat a Gold-tier or higher Monster, get a Loot item | Your Loot items have +1 value",当你击败黄金级或更高级别的怪物时，获得一件战利品物品 | 己方战利品物品+1价值,Medium / 中型,Bronze / 青铜,Bronze/Silver/Gold/Diamond,Karnok,,EconomyRef / 经济引用,Icon_Skill_KAR_MonsterTracker,,,0
38eb79ab-a415-4a8b-ab61-5a7370397b59,Still Focus,静心凝神,"When you stop being Enraged, Charge your non-Weapons 1/2 second(s)",当你退出暴怒状态时，充能己方非武器物品1/2秒,Medium / 中型,Gold / 黄金,Gold/Diamond,Karnok,,RageReference | Charge / 充能,Icon_Skill_KAR_StillFocus,,,0
3b3b1f2b-7f43-440d-807b-61eea3a65cb0,Void Rage,虚空之怒,"When you Burn, Haste an item for 1 second",触发灼烧时，加速一件物品1秒,Medium / 中型,Diamond / 钻石,Diamond,Common / 通用,,Haste / 加速 | BurnRef / 灼烧引用,Icon_Skill_MON_VoidRake.png,,,0
3b4c3700-6c77-4954-a3e1-dfeaeab08c4a,Hardly Workin',假装努力,"The first 4/8 times you Slow each fight, Charge a Regen item 1 second(s)",每场战斗中前4/8次触发减速时，充能一件生命再生物品1秒,Medium / 中型,Gold / 黄金,Gold/Diamond,Mak / 马克 | Jules / 朱尔斯,,SlowRef / 减速引用 | RegenRef / 再生引用 | Charge / 充能,Icon_Skill_HardlyWorkin.png,,,0
3c42764f-2a89-4fa2-b901-ca2ec127c411,Prosperity,繁荣昌盛,Your items have +Shield equal to the value of your items,己方物品+护盾，等量于己方物品的价值,Medium / 中型,Diamond / 钻石,Diamond,Common / 通用,,ShieldRef / 护盾引用 | EconomyRef / 经济引用,Icon_Skill_MON_BananaBreak_02.png,,,0
3c90df05-0cf7-4555-bebc-4eedd5d46356,Thrill of the Flight,凌空的刺激,Your Flying items' Cooldowns are reduced by 5/10%,己方飞行物品的冷却时间缩短5/10%,Medium / 中型,Gold / 黄金,Gold/Diamond,Stelle / 斯黛拉,,FlyingRef / 飞行引用 | Cooldown / 冷却,Assets/TheBazaar/Art/UI/Skills/Stelle/Icon_Skill_STE_ThrillOfTheFlight.png,,,0
3c9eefb8-f348-486b-9ec2-a4920f71bee4,Well-Oiled Machine,上油机械,"When you use a Core, reduce an item's Cooldown by 5%",当你使用核心时，一件物品的冷却时间缩短5%,Medium / 中型,Diamond / 钻石,Diamond,Dooley / 杜利,Core / 核心,DamageRef / 伤害引用 | Cooldown / 冷却,Icon_Skill_DOO_WellOiledMachine.png,,,0
3d75530d-ebad-46fa-a0da-04df6cdb9e5a,Reinforced Steel,强化钢,"When you use a Property, your items gain 5/10/15 and your items gain 5/10/15",当你使用地产时，己方物品获得5/10/15且己方物品获得5/10/15,Medium / 中型,Silver / 白银,Silver/Gold/Diamond,Pygmalien / 皮格马利翁,Property / 地产,DamageRef / 伤害引用 | ShieldRef / 护盾引用,Icon_Skill_PYG_ReinforcedSteel.png,,,0
3d9279b1-dbf8-4193-8989-8d2b022533af,Streamline Weapon,精简武器,"When you Haste a Weapon, it gains 5/10/15",加速武器时，那件武器获得5/10/15,Medium / 中型,Silver / 白银,Silver/Gold/Diamond,Vanessa / 凡妮莎 | Dooley / 杜利 | Karnok | Jules / 朱尔斯,Weapon / 武器,DamageRef / 伤害引用 | HasteRef / 加速引用,Icon_Skill_QuickDraw.png,,,0
3dd2dbac-97ee-4fc4-ac31-4d885d19e2ed,CPU Throttling,CPU 降频,"The first 5/10 times you use a Core each fight, Slow an item for 2 second(s)",每场战斗中首次使用核心物品的5/10次内，减速一件物品2秒,Medium / 中型,Gold / 黄金,Gold/Diamond,Dooley / 杜利,Core / 核心,Slow / 减速,Icon_Skill_CPUThrotteling.png,,,0
40118425-c016-4400-826d-f6ea40b2fc39,Flashy Mechanic,炫技机械师,"When you use a Tool, items adjacent to it gain 3/6/9% Crit Chance",当你使用工具时，其相邻物品+3/6/9%暴击率,Medium / 中型,Silver / 白银,Silver/Gold/Diamond,Vanessa / 凡妮莎 | Dooley / 杜利 | Jules / 朱尔斯 | Stelle / 斯黛拉 | Karnok,Tool / 工具,Crit / 暴击,Icon_Skill_FlashyMechanic.png,,,0
4160a158-6809-410d-9b7a-21a27fb12f93,Haunting Flight,鬼魅飘飞,"The first time you use an item each fight,  Small item(s) start Flying",每场战斗中首次使用物品时，件小型物品开始飞行。,Medium / 中型,Silver / 白银,Silver/Gold/Diamond,Common / 通用,,Flying / 飞行,Icon_Skill_MON_HauntedKimono.png,,,0
4199514b-f966-462b-8f5d-7188033bc9d1,Secret Ingredient,秘密食材,"If you have exactly 1 Food, when you use it, give your Weapons 10/20",如果己方正好有1件食物，使用时，使己方武器获得10/20,Medium / 中型,Gold / 黄金,Gold/Diamond,Jules / 朱尔斯,Food / 食物 | Weapon / 武器,DamageRef / 伤害引用,Icon_Skill_JUL_SecretIngridient,,,0
41b9dac8-8020-4a0b-bd4e-c069b4cb1caf,Honed Strike,锐化打击,"When you use an item, it gains 5/10% Crit Chance",使用物品时，该物品+5/10%暴击率,Medium / 中型,Gold / 黄金,Gold/Diamond,Vanessa / 凡妮莎 | Mak / 马克 | Jules / 朱尔斯 | Stelle / 斯黛拉 | Dooley / 杜利 | Karnok,,Crit / 暴击,Icon_Skill_HonedStrike.png,,,0
4225d131-791a-4ea4-ab0e-80a3343a3253,Defensive Stance,防御姿态,"When you use a Weapon, your items gain 3/6/9",当你使用武器时，己方物品获得3/6/9,Medium / 中型,Silver / 白银,Silver/Gold/Diamond,Pygmalien / 皮格马利翁 | Dooley / 杜利 | Stelle / 斯黛拉 | Jules / 朱尔斯 | Karnok,Weapon / 武器,ShieldRef / 护盾引用 | DamageRef / 伤害引用,Icon_Skill_DefensiveWeapons.png,,,0
42a245de-4281-40d1-ad98-7a79b471aefe,Berserker,狂战士,"While your enemy has more Health than you, your Weapons' Cooldowns are reduced by 5/10/15%",当敌人生命值高于你时，己方武器冷却时间缩短5/10/15%,Medium / 中型,Silver / 白银,Silver/Gold/Diamond,Vanessa / 凡妮莎,Weapon / 武器,Cooldown / 冷却,Icon_Skill_Berserker.png,,,0
42a673e6-f6cd-45ea-89e2-d37614271016,Crimson Dash,绯红冲锋,Your Lifesteal Weapons' Cooldowns are reduced by 1000 second,己方吸血武器冷却时间缩短1000秒,Medium / 中型,Diamond / 钻石,Diamond,Mak / 马克,Weapon / 武器,Cooldown / 冷却,Icon_Skill_Mak_CrimsonDash.png,,,0
42c33f6c-a233-4ad1-8f04-b1cadac3a15f,Toxin Injector,毒素注射器,"The first time you use an item each fight, Haste  Poison item(s) for 2 second(s)",每场战斗中首次使用物品时，加速件剧毒物品2秒,Medium / 中型,Silver / 白银,Silver/Gold/Diamond,Vanessa / 凡妮莎 | Mak / 马克,,PoisonRef / 剧毒引用 | Haste / 加速,Icon_Skill_ToxicInjector.png,,,0
42ca6153-fe5b-44b4-a043-f14870659472,Oceanic Rush,海洋冲锋,"The first time you use an item each fight, Haste  Aquatic item(s) for 2 second(s)",每场战斗中首次使用物品时，加速件水系物品2秒,Medium / 中型,Silver / 白银,Silver/Gold/Diamond,Vanessa / 凡妮莎,Aquatic / 水生,Haste / 加速,Icon_Skill_ChillZone.png,,,0
43b5e350-ec7f-4236-aaa4-fbcd0c7721de,Product Showcase,产品展示台,"When one of your items runs out of ammo, Charge items adjacent to it 1/2 second(s)",当己方一件物品弹药耗尽时，充能其相邻物品1/2秒,Medium / 中型,Gold / 黄金,Gold/Diamond,Common / 通用,,Ammo / 弹药 | Charge / 充能,Icon_Skill_MON_ProductShowcase,,,0
4589a64c-fdc8-4334-a2c7-05a3a8b2c5da,Rapid Thaw,,"When your items are Frozen, reduce the duration by 2000/3000/4000 second(s)",[未翻译],Medium / 中型,Silver / 白银,Silver/Gold/Diamond,Pygmalien / 皮格马利翁 | Vanessa / 凡妮莎 | Mak / 马克 | Stelle / 斯黛拉 | Dooley / 杜利 | Jules / 朱尔斯,,FreezeRef / 冻结引用,Icon_Skill_RapidReconstruction.png,,,0
464e7a29-ef42-4242-9adc-9e99b9299a58,It's a Drone,这就是无人机,Your leftmost item is a Drone and has its cooldown reduced by 3/6%,你最左侧的物品变为无人机，且冷却时间缩短3/6%,Medium / 中型,Gold / 黄金,Gold/Diamond,Stelle / 斯黛拉,Drone,,Icon_Skill_STE_ItsaDrone,,,0
4797e5ba-c3ac-4b32-a7ef-93c0a45d1c4f,The Right Tool,趁手工具,Your non-Tool items have +5/10/15% Crit Chance for each Tool you have [5/10/15],己方每拥有一件工具，己方非工具物品+5/10/15%暴击率 [5/10/15],Medium / 中型,Silver / 白银,Silver/Gold/Diamond,Common / 通用,Tool / 工具,Crit / 暴击,Icon_Skill_MON_TheRightTool.png,,,0
4a443bdd-f949-4fb5-9ccd-a710f74d2311,Dual Wield,双持,"If you have exactly 2 Weapons, your items have +50% Crit Chance",如果己方恰好有2件武器，己方物品+50%暴击率,Medium / 中型,Diamond / 钻石,Diamond,Common / 通用,,Crit / 暴击,Icon_Skill_MON_BarrelOfThieves_01.png,,,0
4b491993-ccc9-4021-a347-5492a51f7b30,Second Wind,重整气息,"The first time you use a Large item each fight, Heal equal to 20/40/60% of your Max Health [0]",每场战斗中首次使用大型物品时，获得治疗，等量于你最大生命值的20/40/60%[0],Medium / 中型,Silver / 白银,Silver/Gold/Diamond,Dooley / 杜利 | Jules / 朱尔斯 | Vanessa / 凡妮莎 | Mak / 马克 | Pygmalien / 皮格马利翁 | Stelle / 斯黛拉 | Karnok,,Heal / 治疗 | HealthRef / 生命值引用,Icon_Skill_SecondWind.png,,,0
4bcc9eeb-5fa9-4b1f-85b1-d3dfd198d38f,Augmented Weaponry,增强军火,"Your items have +1. When you sell a Small item, this gains 1/2 bonus",己方物品+1。出售一件小型物品时，此物品的加成+1/2,Medium / 中型,Gold / 黄金,Gold/Diamond,Common / 通用,Weapon / 武器,DamageRef / 伤害引用,Icon_SKILL_MON_AugmentedWeaponry.png,,,0
4c03126d-f0d6-44f4-8269-5133fb221c4f,Toxic Regeneration,,"The first 4/8/12 times you use a Relic each fight, Poison 5",每场战斗中前4/8/12次使用遗物时，造成5剧毒,Medium / 中型,Silver / 白银,Silver/Gold/Diamond,Mak / 马克,,Poison / 剧毒,Icon_Skill_MAK_ToxicRegeneration,,,0
4c6d6a91-cc1b-4d40-8ff6-d2c8bbe40c81,Calming Vitality,宁息活力,"When you stop being Enraged, Heal for 15/30% of your Max Health",当你脱离暴怒状态时，按你最大生命值的15/30%获得治疗,Medium / 中型,Gold / 黄金,Gold/Diamond,Karnok,,RageReference | Heal / 治疗 | Health / 生命值,Icon_Skill_KAR_CalmingVitality,,,0
4c919bc7-0b43-44ee-8c1a-6d71c5c40877,Just Looking,只是看看,"At the start of each fight, the slowest enemy item has its cooldown increased by 1000/2000/3000 second(s)",每场战斗开始时，最慢的敌人物品的冷却时间延长1000/2000/3000秒,Medium / 中型,Silver / 白银,Silver/Gold/Diamond,Common / 通用,,Cooldown / 冷却,Icon_Skills_MON_JustLooking,,,0
4d8b7111-c324-4558-af3c-d7c8df61618d,Pop-Up Shop,钟表小熊,Your Toys' and Apparel Cooldowns are reduced by 5/10%,己方玩具和服饰冷却时间缩短5/10%,Medium / 中型,Gold / 黄金,Gold/Diamond,Pygmalien / 皮格马利翁,Toy / 玩具 | Apparel / 服饰,Cooldown / 冷却,Icon_Skill_PYG_PopUpShop,,,0
4e2e23aa-a3d1-46b0-9d59-c06fb64bea2f,First Responder,急救包,Your leftmost Heal item has +20/40/80/160,己方最左侧的治疗物品+20/40/80/160,Medium / 中型,Bronze / 青铜,Bronze/Silver/Gold/Diamond,Pygmalien / 皮格马利翁 | Karnok,,HealRef / 治疗引用,Icon_Skill_FirstResponder.png,,,0
4e5bc2ed-7d12-444a-9547-5b92db6c7618,Ferocious Bite,凶猛撕咬,Your slowest Weapon has +Damage equal to its Crit Chance,己方最慢的武器伤害提高，增幅等于其暴击率,Medium / 中型,Diamond / 钻石,Diamond,Common / 通用,Weapon / 武器,DamageRef / 伤害引用 | CritRef / 暴击引用,Icon_Skills_MON_Wolverine.png,,,0
4eebf47e-9472-4d53-86f6-998e8401791c,Playing with Fire,火爆游戏,"At the start of each fight, enchant your rightmost non-Enchanted Toy with Fiery",每场战斗开始时，为己方最右侧的未附魔玩具赋予炽焰附魔,Medium / 中型,Diamond / 钻石,Diamond,Pygmalien / 皮格马利翁,Toy / 玩具,BurnRef / 灼烧引用,Icon_Skill_PYG_PlayingWithFire,,,0
4fda14aa-365f-478f-8a27-b9b53c97c56a,Mixed Message,混乱讯息,"The first 3/6 times you use a non-Weapon item each fight, Charge a Weapon 1 second(s)",每场战斗中首次使用非武器物品3/6次时，充能一件武器1秒。,Medium / 中型,Gold / 黄金,Gold/Diamond,Vanessa / 凡妮莎 | Dooley / 杜利 | Jules / 朱尔斯 | Stelle / 斯黛拉 | Mak / 马克 | Pygmalien / 皮格马利翁 | Karnok,Weapon / 武器,Charge / 充能 | DamageRef / 伤害引用,Icon_Skill_MixedMessage.png,,,0
50eaea1d-0159-4feb-b855-9965cd7eddc2,Heavy Machinery,重型机械,"The first 5/10 times you use a Core each fight, Haste an item for 2 second(s)",每场战斗中首次5/10次使用核心时，加速一件物品2秒,Medium / 中型,Gold / 黄金,Gold/Diamond,Dooley / 杜利,Core / 核心,Haste / 加速,Icon_Skill_DOO_HeavyMachinery.png,,,0
51cec489-1988-48ff-95af-0235b374803e,Rigged,暗做手脚,"The first time you use an item each fight, Haste your items for 1/2/3 second(s)",每场战斗中首次使用物品时，加速己方物品1/2/3秒。,Medium / 中型,Silver / 白银,Silver/Gold/Diamond,Common / 通用,,Haste / 加速,Icon_Skill_MON_Rigged.png,,,0
522e0f7e-67f6-4646-ba1d-f51c3b40d8e1,Lone Charge,孤独冲锋,"When you Enrage, deal Damage equal to 50/100% of the Shield of your highest Shield item",当你进入暴怒状态时，造成伤害，等量于己方最高护盾物品护盾值的50/100%,Medium / 中型,Gold / 黄金,Gold/Diamond,Common / 通用,,ShieldRef / 护盾引用 | RageReference | Damage / 伤害,Icon_Skills_MON_Unibou.png,,,0
52492df1-d2da-4784-ad59-2afb05802684,Balanced Workout,,You have +50/150/300/500 Max Health for each Medium item you have [50/150/300/500],[未翻译],Medium / 中型,Bronze / 青铜,Bronze/Silver/Gold/Diamond,Pygmalien / 皮格马利翁 | Vanessa / 凡妮莎 | Dooley / 杜利 | Jules / 朱尔斯 | Stelle / 斯黛拉 | Mak / 马克,,Health / 生命值,Icon_Skill_BalanceWorkout.png,,,0
529f2133-0d39-4827-9788-2b90c5356b7e,Moth to a Flame,扑火飞蛾,You have +Regen equal to half the Burn on an enemy,你的生命再生量提高，增幅等于敌人灼烧的一半,Medium / 中型,Diamond / 钻石,Diamond,Vanessa / 凡妮莎 | Dooley / 杜利 | Jules / 朱尔斯 | Mak / 马克,,Regen / 再生 | BurnRef / 灼烧引用,Icon_Skill_MothtoaFlame.png,,,0
52f43602-8404-4a38-9d16-b1845489851c,Ammo Stash,弹药储存箱,Your leftmost Ammo item has +1/2/3/4 Max Ammo,己方最左侧的弹药物品+1/2/3/4最大弹药量,Medium / 中型,Bronze / 青铜,Bronze/Silver/Gold/Diamond,Common / 通用,,Ammo / 弹药,Icon_Skill_MON_ToxicAlacrity.png,,,0
530f34ea-250a-476c-ac4e-417b37841c8a,Concentrated Defense,,Your highest Shield item has +5/15/30/50,[未翻译],Medium / 中型,Bronze / 青铜,Bronze/Silver/Gold/Diamond,Pygmalien / 皮格马利翁 | Vanessa / 凡妮莎 | Dooley / 杜利 | Jules / 朱尔斯 | Stelle / 斯黛拉 | Mak / 马克,,ShieldRef / 护盾引用,Icon_Skill_ConcentratedDefense.png,,,0
53315fc2-ef04-45fc-b269-9d4932c52621,Searing Flames,灼热烈焰,"When you Haste a Burn item, it gains 1/2/3",加速灼烧物品时，它获得1/2/3,Medium / 中型,Silver / 白银,Silver/Gold/Diamond,Dooley / 杜利 | Jules / 朱尔斯 | Vanessa / 凡妮莎 | Karnok,,BurnRef / 灼烧引用 | HasteRef / 加速引用,Icon_Skill_SearingBlade.png,,,0
53aa52ea-b2b7-4b8a-8109-4f67fb4a3e29,Adaptive Ordinance,自适应军备,"When your items run out of ammo, Regen 10/20/30",当己方物品弹药耗尽时，生命再生量提高10/20/30,Medium / 中型,Silver / 白银,Silver/Gold/Diamond,Common / 通用,,Regen / 再生 | AmmoRef / 弹药引用,Icon_Skill_MON_HulkingExperiment_01,,,0
544be6e9-ff3e-4cb6-9759-498ac2d24d71,Relax Bro,兄弟别激动,"When you use a Small item, Regen 3/4",当你使用小型物品时，生命再生量提高3/4,Medium / 中型,Gold / 黄金,Gold/Diamond,Common / 通用,,Regen / 再生,Icon_Skill_MON_RelaxBro.png,,,0
546166b0-03bf-42e9-8370-9ad05d1f00c8,Supply Cache,补给箱,"At the start of each day, get a Loot item",每天开始时，获得一件战利品物品,Medium / 中型,Bronze / 青铜,Bronze/Silver/Gold/Diamond,Vanessa / 凡妮莎 | Dooley / 杜利 | Jules / 朱尔斯 | Stelle / 斯黛拉 | Mak / 马克 | Pygmalien / 皮格马利翁,,,Icon_Skill_SupplyCache,,,0
549263e2-4ab4-4fe8-a552-e94486b3e91b,Invigorating Blade,振能刃,"The first 4/8 times you use a Weapon each fight, Charge a Heal item 1 second(s)",每场战斗中前4/8次使用武器时，充能一件治疗物品1秒,Medium / 中型,Gold / 黄金,Gold/Diamond,Pygmalien / 皮格马利翁 | Karnok,Weapon / 武器,Charge / 充能 | HealRef / 治疗引用 | DamageRef / 伤害引用,Icon_Skill_HealingWeapon.png,,,0
549bc8cf-3d6b-48b8-ae61-2ce416c2daeb,Concentrated Firepower,,Your highest Damage item has +5/15/30/50,[未翻译],Medium / 中型,Bronze / 青铜,Bronze/Silver/Gold/Diamond,Dooley / 杜利 | Vanessa / 凡妮莎 | Mak / 马克 | Pygmalien / 皮格马利翁 | Stelle / 斯黛拉 | Jules / 朱尔斯,Weapon / 武器,DamageRef / 伤害引用,Icon_Skill_ConcentratedFirepower.png,,,0
560a2f2a-6b8c-41ee-8e20-7f7721e8c214,Toxic Fuel,毒性燃料,"While you are Poisoned, your items' Cooldowns are reduced by 3/6% | While your enemy is Poisoned, their items' Cooldowns are increased by 3/6%",中毒期间，己方物品的冷却时间缩短3/6% | 敌方中毒期间，敌方物品的冷却时间延长3/6%,Medium / 中型,Gold / 黄金,Gold/Diamond,Common / 通用,,PoisonRef / 剧毒引用 | Cooldown / 冷却,Icon_Skill_MON_TestSubjectAlpha,,,0
560a532c-73f4-4edd-b197-0127e2ca4cc9,Arms Dealer,军火商,"When you buy a Weapon, gain 10/20/30/40 Max Health",当你购买武器时，获得10/20/30/40最大生命值,Medium / 中型,Bronze / 青铜,Bronze/Silver/Gold/Diamond,Vanessa / 凡妮莎 | Pygmalien / 皮格马利翁 | Karnok,Weapon / 武器,Health / 生命值,Icon_Skill_ArmsDealer.png,,,0
56450d16-bc69-43fd-bb89-4aff071cda29,Unwavering,坚定不移,"When you use an item, Shield 20/40",当你使用物品时，获得20/40护盾,Medium / 中型,Gold / 黄金,Gold/Diamond,Common / 通用,,Shield / 护盾,Icon_Skill_MON_Unrelenting.png,,,0
56cf21ff-db2c-4f49-af5f-cf9a01508e6f,Burst of Rage,怒火爆发,"The first time you fall below half health each fight, gain  Rage",每场战斗中首次生命值降至一半以下时，获得怒火,Medium / 中型,Diamond / 钻石,Diamond,Karnok,,Rage | Charge / 充能,Icon_Skill_KAR_BurstofRage,,,0
570a7c19-0dab-459f-b545-6ade12a69312,Toxic Friendship,恶毒友谊,"When you use a Friend, Poison 2/4",使用伙伴时，造成2/4剧毒,Medium / 中型,Gold / 黄金,Gold/Diamond,Common / 通用,Friend / 伙伴,Poison / 剧毒,Icon_SKILL_MON_ToxicFriendship.png,,,0
571b3909-e04c-454f-86ae-61cc46ea3066,Calming Heals,抚慰疗愈,"The first 4/8 times you Slow each fight, Charge a Heal or Regen item 1 second(s)",每场战斗中前4/8次触发减速时，充能一件治疗或生命再生物品1秒,Medium / 中型,Gold / 黄金,Gold/Diamond,Pygmalien / 皮格马利翁 | Mak / 马克 | Jules / 朱尔斯 | Karnok,,Charge / 充能 | HealRef / 治疗引用 | SlowRef / 减速引用 | RegenRef / 再生引用,Icon_Skill_TraumaKit.png,,,0
5780e3ce-316c-4871-bfb8-45261b686fc2,Captain's Charge,船长的号令,"The first time you use a Large item each fight, Haste  items for 3 second(s)",每场战斗中首次使用大型物品时，加速件物品3秒,Medium / 中型,Silver / 白银,Silver/Gold/Diamond,Vanessa / 凡妮莎 | Dooley / 杜利 | Jules / 朱尔斯 | Stelle / 斯黛拉 | Karnok,,Haste / 加速,Icon_Skill_CaptainsCharge.png,,,0
57a19498-4525-4f15-9aa2-d0b21cf20d73,Party Like it's 011111001111,011111001111末日狂欢,Your leftmost item is a Friend and has its cooldown reduced by 3/6%,你最左侧的物品视为伙伴且冷却时间缩短3/6%,Medium / 中型,Gold / 黄金,Gold/Diamond,Dooley / 杜利,Core / 核心 | Tech / 科技 | Friend / 伙伴,,Icon_Skill_DOO_PartyLikeIts11111001111.png,,,0
583ea575-9e9c-4d56-a9a4-da41b943301d,Hungry Blades,,"The first 4/8/12 times you use a Relic each fight, Poison 5",每场战斗中前4/8/12次使用遗物时，造成5剧毒,Medium / 中型,Silver / 白银,Silver/Gold/Diamond,Mak / 马克,,Poison / 剧毒,Icon_Skill_MAK_HungryBlades,,,0
5b393f5e-2c86-40c6-b210-1a215c1ccd51,High Impact,,"At the start of each fight, a Weapon gains 25% Damage",[未翻译],Medium / 中型,Bronze / 青铜,Bronze/Silver/Gold/Diamond,Common / 通用,,DamageRef / 伤害引用,Icon_Skill_MON_HighImpact.png,,,0
5c6048f0-8cf1-4f37-8611-ba509a330660,Wake-Up Call,苏醒呼唤,"When you use a Small item, Haste a Burn, Poison or Freeze item for 1 second",当你使用小型物品时，加速一件灼烧、剧毒或冻结物品1秒,Medium / 中型,Diamond / 钻石,Diamond,Common / 通用,,Haste / 加速 | BurnRef / 灼烧引用 | PoisonRef / 剧毒引用 | FreezeRef / 冻结引用,Icon_Skill_MON_SlumberingPrimordial,,,0
5ce84084-380c-4d9d-94ab-cfbfaa1d0bc2,Energy Transference,能量转移,"The first time one of your items is Destroyed each fight, Charge all your items 3/5 seconds",每场战斗中，己方物品首次被摧毁时，为己方所有物品充能3/5秒,Medium / 中型,Gold / 黄金,Gold/Diamond,Common / 通用,,Charge / 充能,Icon_Skill_MON_TheVessel,,,0
5dcd2249-8e1c-47ff-aaba-ad2e2a44490c,Master Sniper,狙击大师,Your leftmost Ammo Weapon has double damage and +1 Max Ammo,己方最左侧的弹药武器伤害翻倍且+1最大弹药量,Medium / 中型,Diamond / 钻石,Diamond,Vanessa / 凡妮莎,Weapon / 武器,Ammo / 弹药 | DamageRef / 伤害引用,Icon_Skill_VAN_MasterSniper,,,0
5de1aaae-adb9-48a4-81fc-aff714956656,Pyromania,纵火狂,"When you use a Large item, Burn 10/20/30",当你使用大型物品时，造成10/20/30灼烧,Medium / 中型,Silver / 白银,Silver/Gold/Diamond,Common / 通用,,Burn / 灼烧,Icon_Skill_MON_Pyromania_03.png,,,0
5e193004-5e5f-4166-96a0-9a51a3ef8443,Flanking Shield,,"The first time you use a Large item each fight, adjacent items gain 15/30/50",[未翻译],Medium / 中型,Silver / 白银,Silver/Gold/Diamond,Pygmalien / 皮格马利翁 | Dooley / 杜利 | Stelle / 斯黛拉,,ShieldRef / 护盾引用,Icon_Skill_FlankingShield.png,,,0
5e4892b5-2be7-4552-9a72-5770785a733d,Table Setting,餐桌布置,Your leftmost Weapon has +25/50 | The Cooldown of your rightmost Weapon is reduced by 5/10%,己方最左侧的武器+25/50 | 己方最右侧武器的冷却时间缩短5/10%,Medium / 中型,Gold / 黄金,Gold/Diamond,Jules / 朱尔斯,Weapon / 武器,DamageRef / 伤害引用 | Cooldown / 冷却,Icon_Skill_TableSetting.png,,,0
5f63004e-26dd-460d-b359-38a84ffa66c1,Protein Powder,蛋白粉,"When you buy Food, gain 10/20/30/40 Max Health",当你购买食物时，获得10/20/30/40最大生命值,Medium / 中型,Bronze / 青铜,Bronze/Silver/Gold/Diamond,Jules / 朱尔斯,Food / 食物,Health / 生命值,Icon_Skill_JUL_ProteinPower,,,0
5fa9745a-79fd-4392-a7ac-ebcf898aa14c,Secrets of Life,生命奥妙,"The first 4/8/12 times you use a Relic each fight, Regen 5",每场战斗中前4/8/12次使用遗物时，生命再生量提高5,Medium / 中型,Silver / 白银,Silver/Gold/Diamond,Mak / 马克,Relic / 神器,Regen / 再生,Icon_Skill_MAK_SecretsofLife,,,0
5fca38e0-2144-422d-b9bd-85a3cd443215,Expert Pilot,专家飞行员,Your Vehicles and Drones have +10/20/30/40 and 10/20/30/40,己方载具和无人机获得+10/20/30/40和10/20/30/40,Medium / 中型,Bronze / 青铜,Bronze/Silver/Gold/Diamond,Stelle / 斯黛拉,Vehicle / 载具 | Weapon / 武器 | Drone,DamageRef / 伤害引用 | ShieldRef / 护盾引用,Icon_Skill_Flagship.png,,,0
5feded09-ce1a-40ef-9e66-af55ff8c0df5,Guardian's Fury,守护神之怒,"While you are Shielded, your Weapons' Cooldowns are reduced by 5/10/15%",处于护盾状态时，己方武器冷却时间缩短5/10/15%,Medium / 中型,Silver / 白银,Silver/Gold/Diamond,Common / 通用,Weapon / 武器,ShieldRef / 护盾引用 | Cooldown / 冷却 | DamageRef / 伤害引用,Icon_Skill_MON_GuardiansFury,,,0
5ff845f5-6cb5-40b8-957f-8a6ae47c3962,Red Envelope,,"When you buy this, gain 10 Gold",[未翻译],Medium / 中型,Bronze / 青铜,Bronze/Silver/Gold/Diamond,Vanessa / 凡妮莎 | Pygmalien / 皮格马利翁 | Dooley / 杜利 | Jules / 朱尔斯 | Stelle / 斯黛拉 | Mak / 马克,,Gold / 金币,Icon_Skill_RedEnvelope.png,,,0
608c1585-0ce1-4ddc-afbb-f813f9150bdd,Underwater Wonder,水下奇观,"When you use an Aquatic item, Regen 2/4",当你使用水系物品时，生命再生量提高2/4,Medium / 中型,Gold / 黄金,Gold/Diamond,Common / 通用,Aquatic / 水生,Regen / 再生,Icon_Skills_MON_UnderwaterWonder,,,0
614a7ba0-6c7f-4686-88e2-42ecfe2d8735,Heal Power,治愈之力,Your items have +10/20/40/80,己方物品+10/20/40/80,Medium / 中型,Bronze / 青铜,Bronze/Silver/Gold/Diamond,Pygmalien / 皮格马利翁 | Karnok,,HealRef / 治疗引用,Icon_Skill_HealingPower.png,,,0
61c83a38-2976-45d1-95c7-cafe4f34ed51,Slow and Steady,稳中求胜,"When you Slow, your items gain 2/4/6",触发减速时，己方物品获得2/4/6,Medium / 中型,Silver / 白银,Silver/Gold/Diamond,Vanessa / 凡妮莎 | Dooley / 杜利 | Stelle / 斯黛拉 | Mak / 马克 | Jules / 朱尔斯 | Karnok,Weapon / 武器,DamageRef / 伤害引用 | SlowRef / 减速引用,Icon_Skill_SlowandSteady.png,,,0
61ffd0e3-a0fe-43d2-8112-85fc90580d71,Property Mogul,地产巨擘,"When you buy a Property, gain 50/100/150 Max Health",当你购买地产时，获得50/100/150最大生命值,Medium / 中型,Silver / 白银,Silver/Gold/Diamond,Pygmalien / 皮格马利翁,Property / 地产,Health / 生命值,Icon_Skill_PropertyMogul.png,,,0
62154f7f-ea50-4703-aa2e-d2d4ae55e9b0,Big Numbers,高伤打击,Your Large items have +25/50% Crit Chance,大型物品+25/50%暴击率,Medium / 中型,Gold / 黄金,Gold/Diamond,Vanessa / 凡妮莎 | Dooley / 杜利 | Jules / 朱尔斯 | Stelle / 斯黛拉 | Mak / 马克 | Pygmalien / 皮格马利翁 | Karnok,,Crit / 暴击,Icon_Skill_BigNumbers.png,,,0
6216741f-f7fe-4de0-82c0-3733263378f1,Critical Protector,暴击防护者,Your Shield items have +5/10/15/20% Crit Chance,己方护盾物品+5/10/15/20%暴击率,Medium / 中型,Bronze / 青铜,Bronze/Silver/Gold/Diamond,Pygmalien / 皮格马利翁 | Dooley / 杜利 | Jules / 朱尔斯 | Stelle / 斯黛拉 | Karnok,,ShieldRef / 护盾引用 | Crit / 暴击,Icon_Skill_CritialProtector.png,,,0
62368886-ce2f-4503-9d34-c8bb8b3829a3,Large Item Specialist,,Your items have +5/10/15% Crit Chance if you have a Large item,[未翻译],Medium / 中型,Silver / 白银,Silver/Gold/Diamond,Pygmalien / 皮格马利翁 | Vanessa / 凡妮莎 | Dooley / 杜利 | Jules / 朱尔斯 | Stelle / 斯黛拉 | Mak / 马克,,Crit / 暴击,Icon_Skill_LargeItemSpecialist.png,,,0
639fdb70-8dde-4301-ab75-426556a65eb6,Trickle Down Economics,涓滴经济学,"When you use a Large item, Haste your other items for 1/2 second(s)",当你使用大型物品时，加速己方其他物品1/2秒,Medium / 中型,Gold / 黄金,Gold/Diamond,Common / 通用,,Haste / 加速,Icon_Skill_MON_BananaBreak_01.png,,,0
63c3c74e-8a01-44cf-a629-2b12aa842264,Quick Fix,,The Cooldowns of your non-Weapon items with Cooldowns greater than 10 seconds are reduced by 1000/2000 second(s),[未翻译],Medium / 中型,Gold / 黄金,Gold/Diamond,Jules / 朱尔斯 | Stelle / 斯黛拉 | Mak / 马克 | Dooley / 杜利 | Vanessa / 凡妮莎 | Pygmalien / 皮格马利翁,,Cooldown / 冷却,Icon_Skill_QuickFix.png,,,0
64727f7e-adfd-4f25-aa4e-1f127b9d5b70,All Talk,光说不练,"While you have more than half Health, your items have +30/60/90",当你的生命值高于一半时，己方物品+30/60/90,Medium / 中型,Silver / 白银,Silver/Gold/Diamond,Common / 通用,,DamageRef / 伤害引用 | HealthRef / 生命值引用,Icon_Skill_MON_AllTalk_02.png,,,0
6550ba8c-8d90-41f8-82c8-a0af040458ce,Depth Charge,深渊冲刺,"If you have exactly one Weapon, it has +5/10 Max Ammo | ...if it is also Aquatic, it has +25/50",如果己方恰好只有一件武器，该武器+5/10最大弹药量 | ……如果该武器同时是水系，则+25/50,Medium / 中型,Gold / 黄金,Gold/Diamond,Vanessa / 凡妮莎,Weapon / 武器 | Aquatic / 水生,Ammo / 弹药 | DamageRef / 伤害引用,Icon_Skill_VAN_DepthCharge.png,,,0
65a77e2d-6c13-46c2-ae28-c521502a8be3,Walk-in Clinic,便民诊所,Your leftmost Regen item has +2/4/6/8,己方最左侧的生命再生物品+2/4/6/8,Medium / 中型,Bronze / 青铜,Bronze/Silver/Gold/Diamond,Pygmalien / 皮格马利翁 | Mak / 马克 | Jules / 朱尔斯,,RegenRef / 再生引用,Icon_Skill_MedicalWard.png,,,0
663ca415-c46a-46d1-8f63-c04080fb6a30,Advanced Synthetics,高分子复合材料,"When you Level Up or upgrade this, upgrade a lower tier item",升级或升级此物品时，升级一件更低级别的物品,Medium / 中型,Silver / 白银,Silver/Gold/Diamond,Dooley / 杜利 | Stelle / 斯黛拉,,Level,Icon_Skill_DOO_AdvancedSynthetics.png,,,0
6640af95-3999-43b2-b32d-fae5caf0b8cc,Brewmaster,酿造大师,"At the start of each fight, a Potion gains +1 Multicast",每场战斗开始时，一件药水+1多重释放,Medium / 中型,Diamond / 钻石,Diamond,Mak / 马克,Potion / 药水,PotionRef / 药水引用,Icon_Skill_Mak_Brewmaster.png,,,0
66d65bb7-09fa-4262-b0a1-12a29ac9e946,Glass Cannon,玻璃大炮,All items have double Damage,所有物品造成双倍伤害,Medium / 中型,Diamond / 钻石,Diamond,Vanessa / 凡妮莎,Weapon / 武器,DamageRef / 伤害引用,Icon_Skill_GlassCannon.png,,,0
6914df97-567f-4d9a-9473-d3de39a09e86,Frozen Shot,冻结射击,Your Weapons' Cooldowns are reduced by 5/10/15% while your enemy has a Frozen item,当敌方有冻结物品时，己方武器冷却时间缩短5/10/15%,Medium / 中型,Silver / 白银,Silver/Gold/Diamond,Pygmalien / 皮格马利翁 | Dooley / 杜利 | Jules / 朱尔斯 | Mak / 马克,Weapon / 武器,FreezeRef / 冻结引用 | Cooldown / 冷却 | DamageRef / 伤害引用,Icon_Skill_FrozenShot.png,,,0
69336595-1135-4e17-8192-247e0478d020,Lefty Loosey,左侧连动,"The first 5/10 times you use your leftmost item each fight, Haste an item for 1 second(s)",每场战斗中首次使用最左侧物品的5/10次内，加速一件物品1秒,Medium / 中型,Gold / 黄金,Gold/Diamond,Dooley / 杜利 | Jules / 朱尔斯 | Vanessa / 凡妮莎 | Mak / 马克 | Pygmalien / 皮格马利翁 | Stelle / 斯黛拉 | Karnok,,Haste / 加速,Icon_Skill_STE_LeftyLoosey.png,,,0
69e15083-66e9-40ca-a3c9-f8bdd8b3887d,Desperate Cleanse,绝望净化,"The first time you fall below half Health each fight, remove Freeze and Slow from your items and Cleanse half your Burn and Poison",每场战斗中首次生命值降至一半以下时，解除己方物品的冻结和减速效果，并清除你一半的灼烧和剧毒。,Medium / 中型,Diamond / 钻石,Diamond,Pygmalien / 皮格马利翁 | Dooley / 杜利 | Jules / 朱尔斯 | Stelle / 斯黛拉 | Mak / 马克 | Vanessa / 凡妮莎 | Karnok,,,Icon_Skill_DesperateFreeze.png,,,0
6a2b0ffc-bb7b-4ad3-a20c-8b46f9684a12,Quick Ignition,急速引燃,"The first time you use an item each fight, Haste  Burn item(s) for 2 second(s)",每场战斗中首次使用物品时，加速件灼烧物品2秒,Medium / 中型,Silver / 白银,Silver/Gold/Diamond,Vanessa / 凡妮莎 | Dooley / 杜利 | Jules / 朱尔斯 | Stelle / 斯黛拉 | Mak / 马克 | Pygmalien / 皮格马利翁 | Karnok,,BurnRef / 灼烧引用 | Haste / 加速,Icon_Skill_QuickIgnition.png,,,0
6a332b72-d300-486b-9659-1ca83e064ed2,Staying Power,,"When you use a Weapon or Tool, your items gain 4/8/12",[未翻译],Medium / 中型,Silver / 白银,Silver/Gold/Diamond,Pygmalien / 皮格马利翁 | Karnok,Tool / 工具,Heal / 治疗 | HealRef / 治疗引用,Icon_Skill_StayingPower.png,,,0
6b47d5d7-cd43-4efb-9e3b-5ee3c07a7f7d,Long Strides,大步流星,"If you have 5 or fewer items, your items' Cooldowns are reduced by 5/10%",如果己方物品数量不超过5件，己方物品冷却时间缩短5/10%,Medium / 中型,Gold / 黄金,Gold/Diamond,Pygmalien / 皮格马利翁 | Mak / 马克 | Stelle / 斯黛拉 | Karnok,,Cooldown / 冷却,Icon_Skill_LongStride.png,,,0
6ba408d1-dad1-4cf2-b0f9-2afe3cb94bb9,The One Potion,唯一药水,"If you have only one Potion, it has +1 Max Ammo and its Cooldown halved",如果己方只有一件药水，此药水+1最大弹药量且冷却时间减半,Medium / 中型,Diamond / 钻石,Diamond,Mak / 马克,,Cooldown / 冷却,Icon_Skill_MAK_TheOnePotion,,,0
6bd675c5-a9a3-4a04-b3b3-c6ed09904bc2,Clean Storefront,整洁门面,Your items have +Heal equal to 2/4/6/8 times their value,己方物品+治疗，等量于其价值的2/4/6/8倍,Medium / 中型,Bronze / 青铜,Bronze/Silver/Gold/Diamond,Common / 通用,,Value / 价值,Icon_SKILL_MON_CleanStorefront.png,,,0
6c3d41e4-1ca7-4be5-b0e2-6cadbbd2bd27,Tools of the Trade,专业行头,"The first 5/10 times you use a Tool each fight, Haste a Tool for 1 second(s)",每场战斗中前5/10次使用工具时，加速一件工具1秒,Medium / 中型,Gold / 黄金,Gold/Diamond,Dooley / 杜利 | Jules / 朱尔斯 | Stelle / 斯黛拉 | Karnok,Tool / 工具,Haste / 加速,Icon_Skill_ToolsOFTheTrade.png,,,0
6e7328ed-f925-4ca6-8637-9625626e12d2,Quick Defenses,急速防御,Your Shield items' Cooldowns are reduced by 5/10%,己方护盾物品的冷却时间缩短5/10%,Medium / 中型,Gold / 黄金,Gold/Diamond,Pygmalien / 皮格马利翁 | Dooley / 杜利 | Vanessa / 凡妮莎 | Stelle / 斯黛拉 | Jules / 朱尔斯 | Karnok,,ShieldRef / 护盾引用 | Cooldown / 冷却,Icon_Skill_QuickDefenses.png,,,0
6e95c90d-e4b4-42c3-b5e9-3c390d762c92,Shield Bash,盾击,"The first 4/8 times an enemy uses a non-Weapon item each fight, Charge a Weapon 1 second(s)",每场战斗中敌人首次4/8次使用非武器物品时，充能己方一件武器1秒,Medium / 中型,Gold / 黄金,Gold/Diamond,Pygmalien / 皮格马利翁 | Vanessa / 凡妮莎 | Dooley / 杜利 | Stelle / 斯黛拉 | Jules / 朱尔斯 | Mak / 马克 | Karnok,Weapon / 武器,Charge / 充能 | DamageRef / 伤害引用,Icon_Skill_Conditioning.png,,,0
6ef03e95-f3af-47d8-871f-e8c1e043a195,Medic's Shield,,x,[未翻译],Medium / 中型,Silver / 白银,Silver/Gold/Diamond,Pygmalien / 皮格马利翁 | Vanessa / 凡妮莎,,HealRef / 治疗引用 | ShieldRef / 护盾引用,Icon_Skill_MedicsShield.png,,,0
6f593cc1-b44a-43d6-a83b-a68fb477aef2,Venomous Vitality,剧毒之血,You have +Regen equal to half the Poison on an enemy,+生命再生量，增幅等于敌人剧毒的一半,Medium / 中型,Diamond / 钻石,Diamond,Vanessa / 凡妮莎 | Mak / 马克,,Regen / 再生 | PoisonRef / 剧毒引用,Icon_Skill_NaturalRemedy.png,,,0
6f64c35a-0005-4cbd-8734-867e7a2b5248,Master Diver,潜水大师,Your leftmost item is Aquatic and has its cooldown reduced by 3/6%,你最左侧的物品视为水系，且冷却时间缩短3/6%。,Medium / 中型,Gold / 黄金,Gold/Diamond,Vanessa / 凡妮莎,Aquatic / 水生,,Icon_Skill_VAN_MasterDiver,,,0
71433809-d05a-4544-9959-aff20ae5db93,Iron Sharpens Iron,锋铁共鸣,Your leftmost Weapon has +2/4/6 for each Weapon you have bought this run,本次冒险中你每购买过一件武器，己方最左侧的武器+2/4/6,Medium / 中型,Silver / 白银,Silver/Gold/Diamond,Vanessa / 凡妮莎,Weapon / 武器,DamageRef / 伤害引用,Icon_Skill_IronSharpensIron.png,,,0
71d7c241-d0f1-4153-a628-f618526fce4b,Experimental Chef,实验流大厨,"At the start of each fight, enchant one of your non-Enchanted Food and one of your non-Enchanted Tools",每场战斗开始时，为己方一件未附魔的食物和一件未附魔的工具附魔,Medium / 中型,Diamond / 钻石,Diamond,Jules / 朱尔斯,Food / 食物 | Tool / 工具,,Icon_Skill_JUL_ExperimentalChef,,,0
72010bea-fadf-4f64-9cba-d34bfd014388,Draconic Rage,龙性狂焰,"When you use a Medium item, a Burn item gains 3/6/9",当你使用中型物品时，一件灼烧物品获得3/6/9,Medium / 中型,Silver / 白银,Silver/Gold/Diamond,Common / 通用,,BurnRef / 灼烧引用,Icon_Skill_MON_DraconicRage.png,,,0
721fa7ca-3451-4bbd-ac17-ffcff4a31ac6,Healthy Jolt,活力冲击,"The first time you Over-Heal each fight, Haste your items for 1/2/3 second(s)",每场战斗中首次触发过量治疗时，加速己方物品1/2/3秒,Medium / 中型,Silver / 白银,Silver/Gold/Diamond,Pygmalien / 皮格马利翁 | Vanessa / 凡妮莎,,HealRef / 治疗引用 | Haste / 加速,Icon_Skill_QuickHeal.png,,,0
73722d74-be04-4c9a-a925-6f235feeb11f,Void Render,空蚀裂解器,"When you destroy an item, your items gain 100/200 and 10/20",当你摧毁物品时，己方物品获得100/200和10/20,Medium / 中型,Gold / 黄金,Gold/Diamond,Common / 通用,Weapon / 武器,DamageRef / 伤害引用 | BurnRef / 灼烧引用,Icon_Skill_MON_VoidRender.png,,,0
7434f3a5-2432-4603-b6d7-46febb9272fd,Tracer Fire,追踪火焰,"When you Burn, your items gain 1/2/3% Crit Chance",触发灼烧时，己方物品+1/2/3%暴击率,Medium / 中型,Silver / 白银,Silver/Gold/Diamond,Vanessa / 凡妮莎 | Dooley / 杜利 | Jules / 朱尔斯 | Stelle / 斯黛拉 | Mak / 马克 | Karnok,,BurnRef / 灼烧引用 | Crit / 暴击,Icon_Skill_TracerFire.png,,,0
7518cb66-252b-4b9c-9d4d-269aaad8daf3,Hot Air,热空气,"The first time you Burn each fight,  of your items starts Flying",每场战斗中首次触发灼烧时，己方件物品开始飞行,Medium / 中型,Silver / 白银,Silver/Gold/Diamond,Stelle / 斯黛拉,,Burn / 灼烧 | Flying / 飞行,Icon_Skill_FlankingFire.png,,,0
756024f8-ad19-4f9b-a3c1-3a93c285b5d1,Aggressive,好战,"When you use a Weapon, it gains 3/6/9/12% Crit Chance",当你使用武器时，该武器+3/6/9/12%暴击率,Medium / 中型,Bronze / 青铜,Bronze/Silver/Gold/Diamond,Common / 通用,Weapon / 武器,Crit / 暴击 | DamageRef / 伤害引用,Icon_Skill_MON_PackLoyalty_04.png,,,0
760fd7aa-fce6-4779-818e-99ba51274010,Like Clockwork,有条不紊,Your leftmost item is a Tech and has its cooldown reduced by 3/6%,你最左侧的物品视为科技且其冷却时间缩短3/6%,Medium / 中型,Gold / 黄金,Gold/Diamond,Dooley / 杜利,Tech / 科技,,Icon_Skill_DOO_LikeClockwork.png,,,0
76ac0aa6-ef43-4a5b-9a30-f0ab4186dc83,Healthy Lifestyle,养生秘法,You have +3/6/9 Regen for each non-Weapon item you have [0],己方每拥有一件非武器物品，+3/6/9生命再生量 [0],Medium / 中型,Silver / 白银,Silver/Gold/Diamond,Pygmalien / 皮格马利翁 | Mak / 马克 | Jules / 朱尔斯,,Regen / 再生,Icon_Skill_HealthyLifestyle.png,,,0
76ae19fd-2783-4c21-919a-cdce66bb8948,Workin' Hard,勤奋工作,"The first 4/8 times you Haste each fight, Charge a Tool 1 second",每场战斗首次触发加速时，充能一件工具1秒,Medium / 中型,Gold / 黄金,Gold/Diamond,Dooley / 杜利 | Jules / 朱尔斯 | Stelle / 斯黛拉 | Karnok,Tool / 工具,HasteRef / 加速引用 | Charge / 充能,Icon_Skill_STE_WorkinHard.png,,,0
76e1e841-8b6c-4871-a077-b17f4806675d,Heated Shells,高温弹壳,"The first 4/8/12 times you use an ammo item each fight, Burn 5",每场战斗中，你前4/8/12次使用弹药物品时，造成5灼烧,Medium / 中型,Silver / 白银,Silver/Gold/Diamond,Vanessa / 凡妮莎 | Mak / 马克,,Burn / 灼烧 | Ammo / 弹药,Icon_Skill_HeatedShells.png,,,0
778da878-7748-4782-b348-d5e8df792882,Food Coma,饭困,"When you use a Food, Slow it for 1 second and Regen 3/6",当你使用食物时，减速此食物1秒，且生命再生量提高3/6,Medium / 中型,Gold / 黄金,Gold/Diamond,Jules / 朱尔斯,Food / 食物,Slow / 减速 | Regen / 再生,Icon_Skill_JUL_FoodComa,,,0
786299fc-450a-4a81-9838-d468143cf514,On the Prowl,,"When you win a fight, gain 1 strength",[未翻译],Medium / 中型,Bronze / 青铜,Bronze/Silver/Gold/Diamond,Common / 通用,,DamageRef / 伤害引用,Icon_Skill_MON_TurnOutYourPockets_03.png,,,0
7919e8b0-d749-4c13-892e-bc794c8cf06e,Heat Shield,热能护盾,Your items have +2/3/4 for each Shield item you have [2/3/4],己方每拥有一件护盾物品，己方物品就+2/3/4 [2/3/4],Medium / 中型,Silver / 白银,Silver/Gold/Diamond,Jules / 朱尔斯 | Karnok | Stelle / 斯黛拉 | Dooley / 杜利,,BurnRef / 灼烧引用 | ShieldRef / 护盾引用,Icon_Skill_HeatShield.png,,,0
7931571a-3d32-41e8-bf7b-ca6b4d1b7a3d,Burning Shield,,"The first time you fall below half Health each fight, Shield equal to 2/3/4 times the Burn on your enemy [0]",[未翻译],Medium / 中型,Silver / 白银,Silver/Gold/Diamond,Dooley / 杜利 | Pygmalien / 皮格马利翁,,BurnRef / 灼烧引用 | Shield / 护盾,Icon_Skill_BurningShield.png,,,0
7a301c09-3e32-473a-ba6c-89097657a400,Flanking Criticals,侧翼暴击,"The first time you use a Large item each fight, adjacent items gain 20/40/60% Crit Chance",每场战斗中首次使用大型物品时，相邻物品获得20/40/60%暴击率,Medium / 中型,Silver / 白银,Silver/Gold/Diamond,Pygmalien / 皮格马利翁 | Vanessa / 凡妮莎 | Dooley / 杜利 | Jules / 朱尔斯 | Stelle / 斯黛拉 | Mak / 马克 | Karnok,,Crit / 暴击,Icon_Skill_FlankingCriticals.png,,,0
7ab9d9a7-09b2-4dab-b821-eaaf0fb84523,Thick Hide,厚皮,"When you Slow, Charge an item 1 second",触发减速时，充能一件物品1秒,Medium / 中型,Diamond / 钻石,Diamond,Common / 通用,,SlowRef / 减速引用 | Charge / 充能,Icon_Skill_MON_Smack_01.png,,,0
7b3c06c6-75d2-4c80-b4c5-01ec3c7479d5,Hot Meal,热乎饭菜,"The first 4/8/12 times you use a Heated item each fight, Burn 5",每场战斗中首次4/8/12次使用高温物品时，造成5灼烧,Medium / 中型,Silver / 白银,Silver/Gold/Diamond,Jules / 朱尔斯,,Burn / 灼烧 | HeatedReference,Icon_Skill_JUL_HotMeal,,,0
7b6a982f-7196-4d3e-8674-825fddba80d2,Shored Up,防线强化,"When you Heal Regen, Charge a Shield item 1 second(s)",触发生命再生时，充能一件护盾物品1秒,Medium / 中型,Diamond / 钻石,Diamond,Common / 通用,,Charge / 充能 | HealRef / 治疗引用 | RegenRef / 再生引用 | ShieldRef / 护盾引用,Icon_Skill_MON_RoamingIsle_01,,,0
7ce449d2-0843-4fee-9bdf-dacf380afb8f,Regular Maintenance,定期维护,Your items have +25/50 Shield for each Flying item you have [25/50],你每拥有一件飞行物品，己方物品就+25/50护盾 [25/50],Medium / 中型,Gold / 黄金,Gold/Diamond,Stelle / 斯黛拉,,FlyingRef / 飞行引用 | ShieldRef / 护盾引用,Icon_Skill_STE_RegularMaintenance,,,0
7e32e9be-23d1-4d3f-a103-0a0db10bc4f4,Cauterize,,"When you are Burned, Regen 2/4/8",[未翻译],Medium / 中型,Silver / 白银,Silver/Gold/Diamond,Vanessa / 凡妮莎 | Mak / 马克 | Pygmalien / 皮格马利翁 | Stelle / 斯黛拉 | Jules / 朱尔斯,,Regen / 再生 | BurnRef / 灼烧引用,Icon_Skill_Cauterize.png,,,0
7edf2ff2-f644-4b68-984f-57cd51bfc0c2,"Eject, Eject!",立刻弹射！,"If you have a Vehicle, the first time you would be defeated each fight, Heal to half health and destroy one of your Vehicles",如果你拥有载具，每场战斗中首次即将被击败时，治疗至半血并摧毁己方一件载具,Medium / 中型,Diamond / 钻石,Diamond,Stelle / 斯黛拉,Vehicle / 载具,HealthRef / 生命值引用 | Heal / 治疗,Icon_Skill_STE_EjectEject,,,0
7f097b31-c29e-4082-a835-6d6457c2d536,Start-Up Sequence,起步流程,"At the start of each fight, a Vehicle starts Flying",每场战斗开始时，一件载具开始飞行,Medium / 中型,Diamond / 钻石,Diamond,Stelle / 斯黛拉,Vehicle / 载具,Flying / 飞行,Icon_Skill_STE_StartUpSequence,,,0
7f803167-d540-4ea9-bd46-9b6bdad687d3,Growth Spurt,急速生长,You have +10/15/20% Max Health,你的最大生命值+10/15/20%,Medium / 中型,Silver / 白银,Silver/Gold/Diamond,Pygmalien / 皮格马利翁,,Health / 生命值,Icon_Skill_GrowthSpurt.png,,,0
8089e76c-1565-457b-9cd5-fc38f60bd185,Immunocompromised,,Your Poison items have  while your enemy has less than 20 Poison,[未翻译],Medium / 中型,Gold / 黄金,Gold/Diamond,Mak / 马克,Potion / 药水,PoisonRef / 剧毒引用 | HealthRef / 生命值引用,Icon_Skill_Placeholder.png,,,0
80b1dcad-fc56-43a2-8bcc-cc41e62a7616,Heat Lover,热辣爱好者,"When you Burn, Regen 2/4",触发灼烧时，生命再生量提高2/4,Medium / 中型,Gold / 黄金,Gold/Diamond,Common / 通用,,BurnRef / 灼烧引用 | Regen / 再生,Icon_Skill_MON_HeatLover.png,,,0
81075325-d0fd-4bbd-aa62-cc24a35fef79,Acclimation,环境适应,Your items have +10/20 for each Flying item you have [10/20],己方每拥有一件飞行物品，己方物品获得+10/20[10/20],Medium / 中型,Gold / 黄金,Gold/Diamond,Stelle / 斯黛拉,Weapon / 武器,DamageRef / 伤害引用,Icon_Skill_STE_Acclimation,,,0
813b4dd8-3fd3-4824-be6e-bce2b1f175a3,Sharpened Steel,钢铁磨砺,"When you use a Weapon, adjacent items gain 3/6/9/12% Crit Chance",当你使用武器时，相邻物品获得+3/6/9/12%暴击率,Medium / 中型,Bronze / 青铜,Bronze/Silver/Gold/Diamond,Common / 通用,Weapon / 武器,Crit / 暴击 | DamageRef / 伤害引用,Icon_Skill_MON_SharpenedSteel.png,,,0
81881146-f3ba-4092-9041-9f68cc30b732,Lethargy,倦怠,All item Cooldowns are increased by 1000/2000/3000 second(s),所有物品的冷却时间延长1000/2000/3000秒,Medium / 中型,Silver / 白银,Silver/Gold/Diamond,Dooley / 杜利 | Jules / 朱尔斯 | Vanessa / 凡妮莎 | Mak / 马克 | Pygmalien / 皮格马利翁 | Stelle / 斯黛拉 | Karnok,,Cooldown / 冷却,Icon_Skill_Lethargy.png,,,0
81d2e9a9-1731-457d-9601-0ded9c19b28f,Siphoned Shield,虹吸护盾,Your items have +Shield equal to 100/200% of the Poison on your enemy,己方物品+护盾，等量于敌方剧毒的100/200%,Medium / 中型,Gold / 黄金,Gold/Diamond,Common / 通用,,ShieldRef / 护盾引用 | PoisonRef / 剧毒引用,Icon_Skill_MON_SiphonedShield,,,0
82be7836-c1f8-4f07-b165-493f40d9d21b,Inspired by Jules: Cooler,朱尔斯点拨：冷藏箱,One of your slots becomes a Cooler (The item here is Chilled),一个己方栏位变为冷藏箱（此栏位中的物品获得霜冻效果）,Medium / 中型,Diamond / 钻石,Diamond,Common / 通用,,,Icon_Skill_JUL_Cooler,,,0
82d8a964-4068-44c0-a123-af96e5c350d4,Heavy Mettle,钢毅,Your items have +Shield equal to 2/3/4 times your level [2/3/4],己方物品+护盾，等量于你等级的2/3/4倍 [2/3/4],Medium / 中型,Silver / 白银,Silver/Gold/Diamond,Pygmalien / 皮格马利翁 | Dooley / 杜利 | Stelle / 斯黛拉 | Jules / 朱尔斯 | Karnok,,ShieldRef / 护盾引用 | Level,Icon_Skill_HeavyMettle.png,,,0
8370ff26-ceb7-4342-a0ae-bd306fa80780,Sword and Board,,Your leftmost item has +10/20/30 and +10/20/30,[未翻译],Medium / 中型,Silver / 白银,Silver/Gold/Diamond,Pygmalien / 皮格马利翁 | Vanessa / 凡妮莎 | Dooley / 杜利 | Stelle / 斯黛拉,,DamageRef / 伤害引用 | ShieldRef / 护盾引用,Icon_Skill_SwordandBoard.png,,,0
83cf85fa-f486-4486-ba76-c28f4db60677,Valley Fever,谷地热症,"At the start of each fight, Burn yourself 2",每场战斗开始时，对自己造成2灼烧,Medium / 中型,Diamond / 钻石,Diamond,Common / 通用,,Burn / 灼烧,Icon_Skill_ConcentratedFlame.png,,,0
83d940dd-4b3d-4b0c-9f46-43d0041f5626,Combat Medic,战地医护,"When you Heal Regen, an item gains 3/6/9% Crit Chance",触发生命再生时，一件物品获得3/6/9%暴击率,Medium / 中型,Silver / 白银,Silver/Gold/Diamond,Jules / 朱尔斯 | Mak / 马克 | Pygmalien / 皮格马利翁 | Karnok,,HealRef / 治疗引用 | RegenRef / 再生引用 | Crit / 暴击,Icon_Skill_MedicalTraining.png,,,0
8509674b-3c4b-4250-9bb4-666ef7402654,Alchemical Precision,化学精准,Your Potions' Cooldowns are reduced by 1000 second,己方药水冷却时间缩短1000秒,Medium / 中型,Diamond / 钻石,Diamond,Mak / 马克,Potion / 药水,PotionRef / 药水引用 | Cooldown / 冷却,Icon_Skill_MAK_AlchemicalPrecision,,,0
8612baa6-4d55-430e-9f40-6db1e5dfe8ff,Beast Unleashed,暴走之兽,Your leftmost weapon has +Damage equal to its Crit Chance | Your rightmost weapon has +Damage equal to your Rage,己方最左侧的武器+伤害，等量于其暴击率 | 己方最右侧的武器+伤害，等量于你的怒火,Medium / 中型,Diamond / 钻石,Diamond,Common / 通用,Weapon / 武器,DamageRef / 伤害引用 | CritRef / 暴击引用 | RageReference,Icon_Skills_MON_Unleashed,,,0
870ed8e7-9c1f-4be0-b84c-00ebcf475a74,Cosmic Wind,宇宙风,"When you Haste, a Weapon gains 5/10/15/20",触发加速时，一件武器+5/10/15/20,Medium / 中型,Bronze / 青铜,Bronze/Silver/Gold/Diamond,Common / 通用,Weapon / 武器,HasteRef / 加速引用 | DamageRef / 伤害引用,Icon_Skill_MON_Skyfall_01.png,,,0
8725f216-28b4-494b-87a1-c7f12c461927,Special Exhibit,特殊展品,Your leftmost item is a Relic and has its cooldown reduced by 3/6%,你最左侧的物品视为遗物，且冷却时间缩短3/6%,Medium / 中型,Gold / 黄金,Gold/Diamond,Dooley / 杜利 | Mak / 马克 | Karnok,Relic / 神器,,Icon_Skill_DOO_Retrofit,,,0
878440a6-99e8-4178-8d3f-38c94fb8c334,Thirsty,口渴难耐,"The first 4/8/12 times you use a Potion each fight, Regen 10",每场战斗中前4/8/12次使用药水时，生命再生量提高10,Medium / 中型,Silver / 白银,Silver/Gold/Diamond,Mak / 马克,Potion / 药水,PotionRef / 药水引用 | Regen / 再生,Icon_Skill_Mak_Thirsty.png,,,0
87d058f2-828f-4737-a61e-3c9320bfd4a5,Warrior,,Your items have +1/3/6/10 | You have +50/150/300/500 Max Health,己方物品+1/3/6/10 | [未翻译],Medium / 中型,Bronze / 青铜,Bronze/Silver/Gold/Diamond,Pygmalien / 皮格马利翁 | Vanessa / 凡妮莎 | Dooley / 杜利 | Jules / 朱尔斯 | Stelle / 斯黛拉 | Mak / 马克,Weapon / 武器,DamageRef / 伤害引用 | Health / 生命值,Icon_Skill_Warrior.png,,,0
8816d65b-eb4e-41e7-830e-42a0e35a1e2d,Swift Temper,迅捷之怒,"When you Enrage, Haste your items 1/2 second(s)",当你进入暴怒状态时，加速己方物品1/2秒,Medium / 中型,Gold / 黄金,Gold/Diamond,Karnok,,RageReference | Haste / 加速,Icon_Skill_KAR_SwiftTemper,,,0
883043eb-5a5f-4fa2-9cae-185f51019b11,Microfiber,,Your Small items have +3/9/18/30,[未翻译],Medium / 中型,Bronze / 青铜,Bronze/Silver/Gold/Diamond,Stelle / 斯黛拉 | Dooley / 杜利 | Pygmalien / 皮格马利翁,,ShieldRef / 护盾引用,Icon_Skill_Microfiber.png,,,0
8a42ef6e-3a7e-41f4-a741-6a33839afe64,Reaching the Summit,登峰之路,"When you Freeze, your items gain 3/6% Crit Chance",触发冻结时，己方物品+3/6%暴击率,Medium / 中型,Gold / 黄金,Gold/Diamond,Vanessa / 凡妮莎 | Dooley / 杜利 | Jules / 朱尔斯 | Mak / 马克 | Pygmalien / 皮格马利翁 | Karnok,,FreezeRef / 冻结引用 | Crit / 暴击,Icon_Skill_ReachingTheSummit.png,,,0
8a9a98fe-b1bd-4da7-8233-dffd3845aa45,Dumpster Diving,垃圾桶寻宝,"At the start of each day, get a Potion from any Hero",每天开始时，获得一件来自任意英雄的药水,Medium / 中型,Bronze / 青铜,Bronze/Silver/Gold/Diamond,Mak / 马克,Potion / 药水,PotionRef / 药水引用,Icon_Skill_Mak_DumpsterDiving.png,,,0
8aa651d1-635f-4053-97cd-5ab0136156f6,Long-term Investments,长期投资,Your items with value over 10 have their cooldowns reduced by 5/10%,己方价值超过10的物品冷却时间缩短5/10%,Medium / 中型,Gold / 黄金,Gold/Diamond,Pygmalien / 皮格马利翁,,Cooldown / 冷却 | EconomyRef / 经济引用,Icon_Skill_Pyg_ShortTermInvestments,,,0
8b513e67-9c49-4fed-a7e4-335d982367ac,Small Refresh,精神微振,"The first 3/6/9/12 times you use a Small item each fight, Heal 50",每场战斗中前3/6/9/12次使用小型物品时，获得50治疗,Medium / 中型,Bronze / 青铜,Bronze/Silver/Gold/Diamond,Common / 通用,,Heal / 治疗,Icon_Skill_MON_SmallRefresh.png,,,0
8b583fac-46a1-4531-8026-efd57232571a,Extended Rage,持久怒火,You are Enraged for 1 second longer [Total Duration: ],你的暴怒状态延长1秒 [总持续时间：],Medium / 中型,Diamond / 钻石,Diamond,Karnok,,RageReference,Icon_Skill_KAR_ExtendedRage,,,0
8c16e6c8-2f44-4335-b31e-5b2268bf790e,Finesse Shield,敏捷护盾,"While your enemy has more Health than you, your Shield items have their Cooldowns are reduced by 5/10/15%",当敌人生命值高于你时，己方护盾物品冷却时间缩短5/10/15%,Medium / 中型,Silver / 白银,Silver/Gold/Diamond,Dooley / 杜利,,ShieldRef / 护盾引用 | Cooldown / 冷却,Icon_Skill_FinesseShield.png,,,0
8c36b532-0eb5-49f8-9128-a50b17ef3eed,Flanking Toxins,,"The first time you use a Large item each fight, adjacent items gain 4/6/8",[未翻译],Medium / 中型,Silver / 白银,Silver/Gold/Diamond,Vanessa / 凡妮莎 | Dooley / 杜利 | Mak / 马克,,PoisonRef / 剧毒引用,Icon_Skill_FlankingToxins.png,,,0
8c9cdd4e-d494-42d9-918a-bf994fdecf3e,Small Gains,,You have +25/75/150/250 Max Health for each Small item you have [25/75/150/250],[未翻译],Medium / 中型,Bronze / 青铜,Bronze/Silver/Gold/Diamond,Pygmalien / 皮格马利翁 | Vanessa / 凡妮莎 | Dooley / 杜利 | Jules / 朱尔斯 | Stelle / 斯黛拉 | Mak / 马克,,Health / 生命值,Icon_Skill_SmallGains.png,,,0
8ccadf9b-11f9-4cf7-9462-b287926abb99,Wax and Wane,月有圆缺,"The first time you use a Large item each fight, Slow all items 1 second | The first time you fall below half Health each fight, Haste all items 1 second",每场战斗中首次使用大型物品时，减速所有物品1秒 | 每场战斗中首次生命值降至一半以下时，加速所有物品1秒,Medium / 中型,Diamond / 钻石,Diamond,Common / 通用,,Haste / 加速 | Slow / 减速,Icon_Skill_MON_WaxAndWane,,,0
8d41a164-2667-4df4-91ed-3da224b8c63a,Focused Rage,凝聚之怒,"The first time you fall below half Health each fight, your items gain 50% Crit Chance and Charge them 2 seconds",每场战斗中首次生命值降至一半以下时，己方物品获得50%暴击率并充能它们2秒,Medium / 中型,Diamond / 钻石,Diamond,Vanessa / 凡妮莎,,Crit / 暴击,Icon_Skill_FocusedRage.png,,,0
8d51073a-d237-4be1-bc6e-440eaec106c5,Bombing Run,轰炸行动,"When your items start Flying, your items gain 5/10/15",当己方物品开始飞行时，己方物品获得5/10/15,Medium / 中型,Silver / 白银,Silver/Gold/Diamond,Common / 通用,Weapon / 武器,Flying / 飞行 | FlyingRef / 飞行引用 | DamageRef / 伤害引用,Icon_Skill_MON_BombingRun.png,,,0
8e02521d-4353-4a1d-9d2e-80f6f1e22f53,Purifying Flame,净化烈焰,"When you Regen, a Burn item gains 1/2/3",触发生命再生时，一件灼烧物品获得1/2/3,Medium / 中型,Silver / 白银,Silver/Gold/Diamond,Common / 通用,,BurnRef / 灼烧引用 | RegenRef / 再生引用,Icon_SKILL_MON_PurifyingFlame.png,,,0
8e2f3e1c-bd00-4b58-b746-a6ae18f804c3,Hyper Focus,聚能专注,"If you have only one Medium item, its Cooldown is reduced by 25%",如果己方场上只有一件中型物品，其冷却时间缩短25%。,Medium / 中型,Diamond / 钻石,Diamond,Common / 通用,,Cooldown / 冷却,Icon_Skill_MON_Lurk_01.png,,,0
8e4fed70-3ad9-488d-8c77-f926c1621544,Reel 'Em In,收线,"The first time an enemy falls below half Health each fight, your items' Cooldowns are halved",每场战斗中敌人首次生命值降至一半以下时，己方物品冷却时间减半,Medium / 中型,Diamond / 钻石,Diamond,Vanessa / 凡妮莎,,Cooldown / 冷却,Icon_Skill_ReelEmIn.png,,,0
8e594bc2-0f06-4519-8038-48032a4271ff,Happy Accident,意外之喜,"At the start of each fight, enchant one of your non-Enchanted Drones and one of your non-Enchanted Vehicles",每场战斗开始时，为己方一件未附魔的无人机和一件未附魔的载具附魔,Medium / 中型,Diamond / 钻石,Diamond,Common / 通用,Drone | Vehicle / 载具,,Icon_Skills_MON_HappyAccident,,,0
8f33e0aa-7912-4c77-9a10-609e5ce0f4e7,Leverage Momentum,顺势而动,"When an item is destroyed,  of your item(s) start Flying",当物品被摧毁时，己方件物品开始飞行,Medium / 中型,Silver / 白银,Silver/Gold/Diamond,Stelle / 斯黛拉,,Flying / 飞行,Icon_Skill_STE_LeverageMomentum,,,0
90341289-583b-431b-a044-36cad1047ff1,Frenzy Cache,狂乱储备,"When you Enrage, Reload  item(s)",当你进入暴怒状态时，装填件物品,Medium / 中型,Bronze / 青铜,Bronze/Silver/Gold/Diamond,Karnok,,RageReference | Ammo / 弹药,Icon_Skill_KAR_FrenzyCache,,,0
91339db7-21bb-47df-bca7-20b86555d7b1,Retro-Tech,复古科技,Your leftmost Weapon has +10/20 Damage for each Tech item you have and its Cooldown reduced by +2/3% for each non-Tech item you have,己方最左侧的武器，你拥有的每件科技物品使其+10/20伤害、每件非科技物品使其冷却时间缩短2/3%,Medium / 中型,Gold / 黄金,Gold/Diamond,Common / 通用,Weapon / 武器 | Tech / 科技,Cooldown / 冷却,Icon_Skills_MON_WhatsThis,,,0
915b9236-6d91-47f6-ad06-ec00c8ce7018,Pole Position,,Your leftmost item's Cooldown is reduced by 4/6/8/10%,[未翻译],Medium / 中型,Bronze / 青铜,Bronze/Silver/Gold/Diamond,Jules / 朱尔斯 | Stelle / 斯黛拉 | Mak / 马克 | Dooley / 杜利 | Vanessa / 凡妮莎 | Pygmalien / 皮格马利翁,,Cooldown / 冷却,Icon_Skill_PolePosition.png,,,0
9215b678-2833-427b-bc97-75a90968c634,Ravenous,饕餮,"The first time you fall below half Health each fight, destroy an item",每场战斗中首次生命值降至一半以下时，摧毁一件物品,Medium / 中型,Legendary / 传奇,Diamond/Legendary,Common / 通用,,,Icon_Skill_Ravenous.png,,,0
938c9ce6-0f55-4d07-8cf6-1fe045e75122,Fairy Haze,仙尘迷雾,You have +25/50 Regen for each Frozen or Slowed item,每有一件被冻结或减速的物品，你+25/50生命再生量,Medium / 中型,Gold / 黄金,Gold/Diamond,Common / 通用,,Regen / 再生 | FreezeRef / 冻结引用 | SlowRef / 减速引用,Icon_Skills_MON_FairyHaze,,,0
94b80fbf-4d21-4439-beb2-e1bdf56cea03,Flanking Shots,,"The first time you use a Large item each fight, adjacent items gain 15/30/50",[未翻译],Medium / 中型,Silver / 白银,Silver/Gold/Diamond,Pygmalien / 皮格马利翁 | Vanessa / 凡妮莎 | Dooley / 杜利 | Jules / 朱尔斯 | Stelle / 斯黛拉 | Mak / 马克,Weapon / 武器,DamageRef / 伤害引用,Icon_Skill_FlankingShots.png,,,0
94ea5d25-10a1-4383-81b7-285cb7f26314,Blight Temper,荒疫之怒,"While you are Enraged, your items have +5/10/15/20",暴怒期间，己方物品+5/10/15/20,Medium / 中型,Bronze / 青铜,Bronze/Silver/Gold/Diamond,Karnok,,RageReference | PoisonRef / 剧毒引用,Icon_Skill_KAR_BlightTemper,,,0
94ea865d-07ca-4e54-a1cb-8cca3945c3c6,Street Food,街头美食,"The first time you use an item each fight, Haste  Food for 2 second(s)",每场战斗中首次使用物品时，加速件食物2秒,Medium / 中型,Silver / 白银,Silver/Gold/Diamond,Jules / 朱尔斯,Food / 食物,Haste / 加速,Icon_Skill_JUL_StreetFood,,,0
965202e6-12e7-476d-adf3-93748e47661f,Fast Food,快餐,Your Foods' Cooldowns are reduced by 5/10%,己方食物冷却时间缩短5/10%,Medium / 中型,Gold / 黄金,Gold/Diamond,Jules / 朱尔斯,Food / 食物,Cooldown / 冷却,Icon_Skill_JUL_FastFood,,,0
9720fe19-9848-4520-ae94-e19e27b9c30f,Aerial Assault,空中突袭,"When your items start Flying, Charge a Weapon 1 second",己方物品开始飞行时，充能一件武器1秒。,Medium / 中型,Diamond / 钻石,Diamond,Common / 通用,Weapon / 武器,FlyingRef / 飞行引用 | Charge / 充能 | DamageRef / 伤害引用,Icon_Skill_MON_AerialAssault.png,,,0
976d7de6-8191-44c4-8270-2ebc47775fe8,Rear Shielding,后方防御,Your rightmost Shield item has +10/20/40/80,己方最右侧的护盾物品+10/20/40/80,Medium / 中型,Bronze / 青铜,Bronze/Silver/Gold/Diamond,Pygmalien / 皮格马利翁 | Vanessa / 凡妮莎 | Dooley / 杜利 | Jules / 朱尔斯 | Stelle / 斯黛拉 | Karnok,,ShieldRef / 护盾引用,Icon_Skill_RearShielding.png,,,0
994de267-673b-4838-9302-1b3b47ab0934,Boar Market,野猪交易所,Your leftmost and rightmost Weapons have +Damage equal to 1/2 times their value,己方最左侧和最右侧的武器+伤害，等量于其各自价值的1/2倍,Medium / 中型,Gold / 黄金,Gold/Diamond,Pygmalien / 皮格马利翁,Weapon / 武器,DamageRef / 伤害引用 | EconomyRef / 经济引用,Icon_Skill_PYG_BoarMarket.png,,,0
99e9d968-218c-405a-9d82-5692190dfd3d,Plowshares to Swords,铸犁为剑,"When you use a Tool, Weapons adjacent to it gain 3/6/9",当你使用工具时，其相邻的武器获得3/6/9,Medium / 中型,Silver / 白银,Silver/Gold/Diamond,Jules / 朱尔斯 | Stelle / 斯黛拉 | Karnok,Weapon / 武器 | Tool / 工具,,Icon_Skill_JUL_PlowsharestoSwords,,,0
9a707fa9-38b6-42dc-a4fb-737982f47745,Morning Rush,早起冲劲,"The first 5/10 times you use a Food each fight, Haste an item for 1 second(s)",每场战斗中前5/10次使用食物时，加速一件物品1秒,Medium / 中型,Gold / 黄金,Gold/Diamond,Jules / 朱尔斯,Food / 食物,Charge / 充能 | Haste / 加速,Icon_Skill_JUL_Morning Rush,,,0
9a8aedfe-6b97-4db9-8676-c774292637ee,Titanium Casing,钛制外壳,"When you use a Core, your items gain 5/10/15",当你使用核心时，己方物品获得5/10/15,Medium / 中型,Silver / 白银,Silver/Gold/Diamond,Dooley / 杜利,Core / 核心,ShieldRef / 护盾引用,Icon_Skill_DOO_TitaniumCasing.png,,,0
9a913c7c-f3f4-4d53-9d14-853822c2f71e,Ancient Weapons,,"The first 4/8/12 times you use a Relic each fight, Poison 5",每场战斗中前4/8/12次使用遗物时，造成5剧毒,Medium / 中型,Silver / 白银,Silver/Gold/Diamond,Mak / 马克,Relic / 神器,Poison / 剧毒,Icon_Skill_MAK_AncientWeapons,,,0
9b8912ec-1219-4cdf-acd5-cf9b73438280,Net Launcher,捕网发射器,"The first time you use a Large item each fight, Slow  item(s) for 3 second(s)",每场战斗中首次使用大型物品时，减速件物品3秒,Medium / 中型,Silver / 白银,Silver/Gold/Diamond,Dooley / 杜利 | Jules / 朱尔斯 | Vanessa / 凡妮莎 | Mak / 马克 | Pygmalien / 皮格马利翁 | Stelle / 斯黛拉 | Karnok,,Slow / 减速,Icon_Skill_NetLauncher.png,,,0
9b9a6e90-0a17-45fa-8da1-b493be0df450,Ancient Toxins,远古毒素,"The first 4/8/12 times you use a Relic each fight, Poison 5",每场战斗中前4/8/12次使用遗物时，造成5剧毒,Medium / 中型,Silver / 白银,Silver/Gold/Diamond,Mak / 马克,Relic / 神器,Poison / 剧毒,Icon_Skill_MAK_AncientToxins,,,0
9cd3f8a9-3ca8-482b-8f4c-79f9d1d3400e,Trader,商人,Your items have +1/2 value,己方物品+1/2价值,Medium / 中型,Gold / 黄金,Gold/Diamond,Pygmalien / 皮格马利翁,,Value / 价值,Icon_Skill_Trader.png,,,0
9d7c0a60-c957-4513-81d8-2ba957b58fb1,Poisonous Opener,剧毒喷溅,"The first time you use a Large item each fight, Poison 20/40/60",每场战斗中首次使用大型物品时，造成20/40/60剧毒,Medium / 中型,Silver / 白银,Silver/Gold/Diamond,Vanessa / 凡妮莎 | Dooley / 杜利 | Mak / 马克,,Poison / 剧毒,Icon_Skill_PoisonousOpener.png,,,0
9d910b0a-9ef3-447f-ab41-195effb68f21,Hot Spot,热点,"The first 4/8/12 times you use your leftmost item each fight, Burn 5",每场战斗中前4/8/12次使用己方最左侧物品时，造成5灼烧,Medium / 中型,Silver / 白银,Silver/Gold/Diamond,Vanessa / 凡妮莎 | Dooley / 杜利 | Jules / 朱尔斯 | Stelle / 斯黛拉 | Pygmalien / 皮格马利翁 | Mak / 马克 | Karnok,,Burn / 灼烧,Icon_Skill_HotSpot.png,,,0
9dacb0ad-a016-40ff-a54a-24d807c0988f,Vengeance,复仇,Your leftmost and rightmost items' Cooldowns are reduced by 5/10/15%,己方最左侧和最右侧物品的冷却时间缩短5/10/15%,Medium / 中型,Silver / 白银,Silver/Gold/Diamond,Common / 通用,,Cooldown / 冷却,Icon_Skill_MON_DeathWish_02.png,,,0
9ec041be-6f89-4e95-963d-1deb7460e1d0,Circle of Life,生命循环,Your leftmost Weapon has lifesteal,己方最左侧的武器拥有吸血,Medium / 中型,Diamond / 钻石,Diamond,Vanessa / 凡妮莎 | Mak / 马克 | Karnok,Weapon / 武器,Lifesteal / 生命偷取,Icon_Skill_CircleOfLife.png,,,0
9ff2cb3f-99dd-425b-b44f-14a1d0271f56,Stop That!,让我缓缓！,"The first time you fall below half Health each fight, Slow all enemy items for 1/2/3 second(s)",每场战斗中首次生命值降至一半以下时，减速敌方所有物品1/2/3秒,Medium / 中型,Silver / 白银,Silver/Gold/Diamond,Vanessa / 凡妮莎 | Dooley / 杜利 | Mak / 马克 | Jules / 朱尔斯 | Stelle / 斯黛拉 | Karnok,,Slow / 减速,Icon_Skill_StopThat.png,,,0
a03e4ce6-4480-4edc-b612-8e1f6700cc26,Flashy Pilot,炫技飞行员,"When you use a Vehicle, your items gain 3/6/9% Crit Chance",使用载具时，己方物品获得3/6/9%暴击率,Medium / 中型,Silver / 白银,Silver/Gold/Diamond,Vanessa / 凡妮莎 | Dooley / 杜利 | Stelle / 斯黛拉,Vehicle / 载具,Crit / 暴击,Icon_Skill_FlashyPilot.png,,,0
a0626ce8-f5f9-4b7d-828c-23990606ec3c,Wanderlust,漫游之心,"When you Regen, your leftmost Weapon gains +10/20",触发生命再生时，己方最左侧的武器获得+10/20,Medium / 中型,Gold / 黄金,Gold/Diamond,Common / 通用,Weapon / 武器,RegenRef / 再生引用,Icon_Skills_MON_LostHero,,,0
a14d3877-304f-415f-9bc6-520d4fe142c5,High-Yield Investments,高回报投资,Your items with value over 10 have +10/15/20% Crit Chance,己方价值超过10的物品+10/15/20%暴击率,Medium / 中型,Silver / 白银,Silver/Gold/Diamond,Pygmalien / 皮格马利翁,,Crit / 暴击 | EconomyRef / 经济引用,Icon_Skill_PYG_LongTermInvestments,,,0
a1975546-334f-4137-85cc-43a4c8ae49f3,Regenerative,元气恢复,You have +10/20/30 Regen,+10/20/30生命再生量,Medium / 中型,Silver / 白银,Silver/Gold/Diamond,Vanessa / 凡妮莎 | Mak / 马克 | Jules / 朱尔斯,,Regen / 再生,Icon_Skill_Regenerative.png,,,0
a2200487-1d56-4383-8671-781049f8f7de,Honed Arsenal,精锐军械库,Your items have +2/4/6% Crit Chance per Weapon you have [2/4/6%],己方每拥有一件武器，己方物品就+2/4/6%暴击率 [2/4/6%],Medium / 中型,Silver / 白银,Silver/Gold/Diamond,Pygmalien / 皮格马利翁 | Vanessa / 凡妮莎 | Dooley / 杜利 | Jules / 朱尔斯 | Stelle / 斯黛拉 | Mak / 马克 | Karnok,Weapon / 武器,Crit / 暴击,Icon_Skill_HonedArcenal.png,,,0
a2351de3-f077-4631-81fa-5b0f8c2cbb23,Into the Void,遁入虚空,"The first time you use an item, destroy an item on each Player's board",每场战斗中首次使用物品时，摧毁双方布阵区上各一件物品,Medium / 中型,Diamond / 钻石,Diamond,Common / 通用,,,Icon_Skill_MON_IntotheVoid.png,,,0
a2f2825f-81c5-498d-9541-b50c4ed9216a,Time Traveler,时间旅行者,Your Dinosaur and Relic items' Cooldowns are reduced by 5/10%,己方恐龙和遗物物品冷却时间缩短5/10%,Medium / 中型,Gold / 黄金,Gold/Diamond,Dooley / 杜利,Dinosaur / 恐龙 | Relic / 神器,Cooldown / 冷却,Icon_Skill_DOO_Timetraveler,,,0
a3373cea-1bf8-4899-885f-e9e5fa178c5d,Playtime,游戏时间,"The first 4/8 times you use a Toy each fight, Charge a Heal item 1 second(s)",每场战斗中前4/8次使用玩具时，充能一件治疗物品1秒,Medium / 中型,Gold / 黄金,Gold/Diamond,Pygmalien / 皮格马利翁,Toy / 玩具,HealRef / 治疗引用 | Charge / 充能,Icon_Skill_PYG_Playtime,,,0
a3695c78-63e4-45a9-a2b9-9b2827325527,Quality over Quantity,宁缺毋滥,"If you have exactly one Weapon, it has Lifesteal and 5/10% Crit Chance",若己方恰好拥有一件武器，则其拥有吸血且+5/10%暴击率,Medium / 中型,Gold / 黄金,Gold/Diamond,Vanessa / 凡妮莎 | Pygmalien / 皮格马利翁 | Mak / 马克 | Karnok,Weapon / 武器,Lifesteal / 生命偷取 | Crit / 暴击,Icon_Skill_QualityOverQuantity.png,,,0
a4058f97-96bf-4a8a-9161-831cfd96ab34,Denizens of the Deep,深海住民,"The first 4/8 times you use an Aquatic Friend each fight, Poison 5 and Burn 5",每场战斗中首4/8次使用水系伙伴时，造成5剧毒和5灼烧,Medium / 中型,Gold / 黄金,Gold/Diamond,Vanessa / 凡妮莎,Aquatic / 水生 | Friend / 伙伴,Burn / 灼烧 | Poison / 剧毒,Icon_Skill_VAN_DenizensOfTheDeep,,,0
a557b352-cc6d-45f8-aa3c-d070997cd8cc,Gold Garnish,黄金点缀,You Food have +Crit Chance equal to half your Gold,己方食物+暴击率，等量于你金币的一半,Medium / 中型,Diamond / 钻石,Diamond,Jules / 朱尔斯,Food / 食物,Crit / 暴击 | EconomyRef / 经济引用,Icon_Skill_JUL_GoldGarnish,,,0
a59bc243-7c8b-447a-8ab7-968f662b1c50,Waters of Infinity,无尽水源,You have 10/20/30 Regen for each non-Weapon item you have [0],己方每拥有一件非武器物品，就+10/20/30生命再生量 [0],Medium / 中型,Silver / 白银,Silver/Gold/Diamond,Common / 通用,,Regen / 再生,Icon_Skill_MON_WatersofInfinity.png,,,0
a6cc6854-91aa-4a30-9936-33db1cf16119,Firepower,火力强化,"When you use a Core, adjacent items gain 10/20/30",当你使用核心时，相邻物品获得10/20/30,Medium / 中型,Silver / 白银,Silver/Gold/Diamond,Dooley / 杜利,Core / 核心,DamageRef / 伤害引用,Icon_Skill_DOO_Firepower.png,,,0
a6e2c525-9247-42d1-b28c-abf868f4ecdc,Tranquil Purge,宁息净化,"When you stop being Enraged, Cleanse half your Burn and Poison",当你结束暴怒状态时，净化一半的灼烧和剧毒,Medium / 中型,Diamond / 钻石,Diamond,Karnok,,RageReference,Icon_Skill_KAR_TranquilPurge,,,0
a80d8cc7-3472-45cb-ac33-11fe7e583e42,Loaded Fury,狂怒上膛,Your items have +2/4/6 for each ammo on your items [2/4/6],己方物品每有一个弹药+2/4/6[2/4/6],Medium / 中型,Silver / 白银,Silver/Gold/Diamond,Vanessa / 凡妮莎,,Ammo / 弹药 | DamageRef / 伤害引用,Icon_Skill_ScopedShot.png,,,0
a885b513-3fe3-4795-a10e-c2e4f6b5f1f6,Parting Shot,诀别一击,"When you use an item with Ammo, it gains 10/15% Crit Chance",使用带有弹药的物品时，该物品+10/15%暴击率,Medium / 中型,Gold / 黄金,Gold/Diamond,Vanessa / 凡妮莎 | Karnok,,Crit / 暴击 | AmmoRef / 弹药引用,Icon_Skill_VAN_PartingShot.png,,,0
a89060ce-17fa-4706-9c6c-79c0834eeb2c,Liquid Cooled,水冷,"The first 5/10 times use a Core each fight, Freeze an item of equal or Smaller size for 1 second(s)",每场战斗中首次使用核心物品的5/10次内，冻结一件同等或更小体积的物品1秒,Medium / 中型,Gold / 黄金,Gold/Diamond,Dooley / 杜利,Core / 核心,Freeze / 冻结,Icon_Skill_DOO_LiquidCooled.png,,,0
a98aea6f-c1ee-4986-b6a1-7e6a5529199a,Primal Energy,原始能量,Your leftmost Weapon is a Relic and your Dinosaur and Relics have +5/10/15/20,己方最左侧的武器视为遗物，且己方恐龙和遗物+5/10/15/20,Medium / 中型,Bronze / 青铜,Bronze/Silver/Gold/Diamond,Dooley / 杜利,Relic / 神器 | Dinosaur / 恐龙,DamageRef / 伤害引用,Icon_Skill_DOO_PrimalRage,,,0
a9b441e1-5824-4855-9359-2ab4643d9ff5,Toxic Shield,毒性护盾,"The first time you fall below half Health each fight, Shield equal to 2/3/4 times the Poison on your enemy [0]",每场战斗中首次生命值降至一半以下时，获得护盾，等量于敌人剧毒的2/3/4倍 [0],Medium / 中型,Silver / 白银,Silver/Gold/Diamond,Mak / 马克,,PoisonRef / 剧毒引用 | Shield / 护盾,Icon_Skill_ToxicShield.png,,,0
a9e56561-95d9-46c4-83e3-499e6b159013,Alacrity,灵动,"The first 5/10 times you Crit each fight, Charge an item 1 second(s)",每场战斗中前5/10次暴击时，充能一件物品1秒,Medium / 中型,Gold / 黄金,Gold/Diamond,Vanessa / 凡妮莎 | Mak / 马克 | Jules / 朱尔斯 | Dooley / 杜利 | Stelle / 斯黛拉 | Karnok,,Charge / 充能 | CritRef / 暴击引用,Icon_Skill_Alacrity.png,,,0
aa59ff52-e4de-4728-bf9c-3ac8411ecbd8,Large Poisons,,Your Large Poison items have +4/8/12/16,[未翻译],Medium / 中型,Bronze / 青铜,Bronze/Silver/Gold/Diamond,Mak / 马克,,PoisonRef / 剧毒引用,Icon_Skill_LargePoison.png,,,0
aa603f52-3788-40c2-bb99-53e92a69b3f5,Rust,铁锈,"The first time you use an item each fight, Slow an item for 3/4/5/6 second(s)",每场战斗中首次使用物品时，减速一件物品3/4/5/6秒,Medium / 中型,Bronze / 青铜,Bronze/Silver/Gold/Diamond,Common / 通用,,Slow / 减速,Icon_Skill_MON_RogueScrapper_01.png,,,0
ab0ae449-82f3-414d-82d0-1ebc73ba5ee5,Command Ship,领头船,"If you have a Vehicle, your non-Vehicle items' Cooldowns are reduced by 5/10%",如果己方有载具，己方非载具物品的冷却时间缩短5/10%,Medium / 中型,Gold / 黄金,Gold/Diamond,Vanessa / 凡妮莎 | Dooley / 杜利 | Stelle / 斯黛拉,Vehicle / 载具,Cooldown / 冷却,Icon_Skill_CommandShip.png,,,0
ab4d7a85-3eb2-43e8-aa11-f94581f5690f,Living Flame,生焰,"The first time you fall below half Health each fight, your Burn items' Cooldowns are halved",每场战斗中首次生命值降至一半以下时，己方灼烧物品的冷却时间减半,Medium / 中型,Diamond / 钻石,Diamond,Vanessa / 凡妮莎 | Dooley / 杜利 | Mak / 马克 | Jules / 朱尔斯 | Stelle / 斯黛拉 | Pygmalien / 皮格马利翁 | Karnok,,BurnRef / 灼烧引用 | Cooldown / 冷却,Icon_Skill_LivingFlame.png,,,0
abba2590-426d-449f-8f19-4a3bd51ae4fe,Industrialist,实业家,The Cooldown of your Properties are reduced by 5/10%,己方地产的冷却时间缩短5/10%,Medium / 中型,Gold / 黄金,Gold/Diamond,Pygmalien / 皮格马利翁,Property / 地产,Cooldown / 冷却,Icon_Skill_PYG_Industrialist.png,,,0
ad375e12-445b-4ebf-b33e-f607c06b950c,Friend of the Sea,深海伙伴,Your Aquatic items are Friends,己方水系物品视为伙伴,Medium / 中型,Diamond / 钻石,Diamond,Vanessa / 凡妮莎,Aquatic / 水生 | Friend / 伙伴,,Icon_Skill_VAN_FriendOfTheSea,,,0
ad3927b0-0fdb-41ab-ab12-8264e43ac213,Nimble,,Your items' Cooldowns are reduced by 0% for each Tool you have,[未翻译],Medium / 中型,Diamond / 钻石,Diamond,Dooley / 杜利 | Jules / 朱尔斯 | Vanessa / 凡妮莎 | Mak / 马克 | Pygmalien / 皮格马利翁 | Stelle / 斯黛拉 | Karnok,Tool / 工具,Cooldown / 冷却,Icon_Skill_Nimble.png,,,0
ad417c8e-fe6f-4b98-879b-447c8aafc37f,Thieves Guild Discount,,"When you visit a Merchant, a Small item is free",[未翻译],Medium / 中型,Gold / 黄金,Gold/Diamond,Common / 通用,,,Icon_Skill_MON_BarrelOfThieves_03.png,,,0
ad77818e-b050-4ecb-81ca-eafb35e2bf4e,Crash Out,暴走崩溃,"The first time you fall below half Health each fight, Charge your Heal and Shield items for 2/3 second(s)",每场战斗中首次生命值降至一半以下时，充能己方治疗和护盾物品2/3秒,Medium / 中型,Gold / 黄金,Gold/Diamond,Common / 通用,,Charge / 充能 | HealRef / 治疗引用 | ShieldRef / 护盾引用,Icon_Skills_MON_CrashOut,,,0
ae3221fe-ea77-44c8-9a32-e20d456bcc28,Piercing Temper,穿刺之怒,"While you are Enraged, your items have +20/40/60/80",暴怒期间，己方物品+20/40/60/80,Medium / 中型,Bronze / 青铜,Bronze/Silver/Gold/Diamond,Karnok,Weapon / 武器,RageReference,Icon_Skill_KAR_PiercingTemper,,,0
ae41f574-fc9f-492a-8ae0-45853ab607a6,Critical Investments,关键投资,Your Properties and Toys have +10/15/20% Crit Chance,己方地产和玩具+10/15/20%暴击率,Medium / 中型,Silver / 白银,Silver/Gold/Diamond,Pygmalien / 皮格马利翁,Property / 地产 | Toy / 玩具,Crit / 暴击,Icon_Skill_CriticalInvestments.png,,,0
ae686d2c-fce1-401a-8c65-f34fedcce740,Line Cook,炉头厨师,"The first time you use a Tool each fight, Charge  Food for 1 second",每场战斗中首次使用工具时，充能件食物1秒,Medium / 中型,Silver / 白银,Silver/Gold/Diamond,Jules / 朱尔斯,Tool / 工具 | Food / 食物,Charge / 充能,Icon_Skill_JUL_LineCook,,,0
af42d725-dc55-4f6f-9de6-b7a4c7f7013e,Heavy Drinker,,"When you use a Potion, increase the Damage of your Weapons by 1 and Regen 1/2",[未翻译],Medium / 中型,Gold / 黄金,Gold/Diamond,Mak / 马克,Potion / 药水 | Weapon / 武器,DamageRef / 伤害引用 | Regen / 再生,Icon_Skill_Placeholder.png,,,0
afe451fd-7726-4ed6-9ad9-48d917a12012,Specialist,,"If you have exactly a Weapon, your items have +10/20/30",[未翻译],Medium / 中型,Silver / 白银,Silver/Gold/Diamond,Pygmalien / 皮格马利翁 | Dooley / 杜利 | Stelle / 斯黛拉,Weapon / 武器,ShieldRef / 护盾引用,Icon_Skill_Specialist.png,,,0
b057acef-d26e-4c99-b9a4-8af34b00710a,Slippery Fella,滑溜家伙,Your Slowed items have their Cooldown reduced by 5/10/15%,己方减速物品冷却时间缩短5/10/15%,Medium / 中型,Silver / 白银,Silver/Gold/Diamond,Common / 通用,,Cooldown / 冷却 | SlowRef / 减速引用,Icon_Skills_MON_WorryWart.png,,,0
b0b38699-beb0-4012-b4f0-bc424f4ba787,Prime Real Estate,优质房产,"When you use a Property, adjacent items gain 5/10/15% Crit Chance",当你使用地产时，相邻物品获得5/10/15%暴击率。,Medium / 中型,Silver / 白银,Silver/Gold/Diamond,Pygmalien / 皮格马利翁,Property / 地产,Crit / 暴击,Icon_Skill_PrimeRealEstate.png,,,0
b0c2076a-c9f0-4d16-805a-21a23453f7f7,Island Living,岛居生活,"When you use your rightmost Relic, Slow an item 1 second",当你使用己方最右侧的遗物时，减速一件物品1秒,Medium / 中型,Diamond / 钻石,Diamond,Common / 通用,,Slow / 减速 | SlowRef / 减速引用 | Charge / 充能,Icon_Skills_MON_CastawayCorsair,,,0
b1b9ff21-32ac-436a-bd3c-120563b26bea,Some Like It Hot,热情如火,Your Heated items are immune to Freeze,己方高温物品免疫冻结,Medium / 中型,Diamond / 钻石,Diamond,Jules / 朱尔斯,,HeatedReference,Icon_Skill_ThirdDegreeBurns.png,,,0
b21d98f7-d677-4598-8b53-5bfd8301d26a,Petrifying Gaze,石化凝视,"The first time you fall below half Health each fight, Freeze all enemy items for 1/2/3 second(s)",每场战斗中首次生命值降至一半以下时，冻结所有敌方物品1/2/3秒,Medium / 中型,Silver / 白银,Silver/Gold/Diamond,Common / 通用,,Freeze / 冻结 | HealthRef / 生命值引用,Icon_Skill_MON_PetrifyingGaze_01.png,,,0
b2cc190c-ddbd-487c-b99a-ed21150b6c10,Chocoholic,巧克力迷,"When you sell a Medium or Large item, get 1/2 Chocolate Bar(s)",出售中型或大型物品时，获得1/2根巧克力棒。,Medium / 中型,Gold / 黄金,Gold/Diamond,Pygmalien / 皮格马利翁,,Health / 生命值,Icon_Skill_PYG_Chocoholic.png,,,0
b2e947ce-a8d9-46e0-8249-22a6a97fbffc,Blizzard,暴雪,"The first time you use an item each fight, Freeze all non-Weapon items for 1/2 second(s)",每场战斗中首次使用物品时，冻结所有非武器物品1/2秒,Medium / 中型,Gold / 黄金,Gold/Diamond,Common / 通用,,Freeze / 冻结,Icon_Skill_MON_IcicleAmmo_03.png,,,0
b3c4ed70-958a-42e5-b4d4-16b27c03ac54,Knife Tricks,刀技,"When you use a Weapon, reduce its Cooldown by 4%",当你使用武器时，该武器冷却时间缩短4%,Medium / 中型,Diamond / 钻石,Diamond,Vanessa / 凡妮莎 | Pygmalien / 皮格马利翁 | Dooley / 杜利 | Jules / 朱尔斯 | Stelle / 斯黛拉 | Mak / 马克 | Karnok,Weapon / 武器,Cooldown / 冷却 | DamageRef / 伤害引用,Icon_Skill_KnifeTricks.png,,,0
b3c7f45e-23f3-44c8-adca-3ca99376e848,Master Salesman,行商大师,Your items have double value during combat,战斗期间己方物品价值翻倍,Medium / 中型,Diamond / 钻石,Diamond,Common / 通用,,Value / 价值,Icon_Skill_MasterSalesman.png,,,0
b48957e5-7a9e-4959-9116-5b18c3cceb72,Pack Infiltrator,打入恐龙群,Your leftmost item is a Dinosaur and has its cooldown reduced by 3/6%,你最左侧的物品变为恐龙且其冷却时间缩短3/6%,Medium / 中型,Gold / 黄金,Gold/Diamond,Dooley / 杜利,Dinosaur / 恐龙,Cooldown / 冷却,Icon_Skill_DOO_PackInfiltrator,,,0
b49dd22b-ef95-4f7e-954e-556e1e431d4a,Keen Eye,敏锐眼光,Your items have +4/8/12/16% Crit Chance,己方物品+4/8/12/16%暴击率,Medium / 中型,Bronze / 青铜,Bronze/Silver/Gold/Diamond,Pygmalien / 皮格马利翁 | Vanessa / 凡妮莎 | Dooley / 杜利 | Jules / 朱尔斯 | Stelle / 斯黛拉 | Mak / 马克 | Karnok,,Crit / 暴击,Icon_Skill_KeenEye.png,,,0
b5160cb5-5d92-420b-8883-b67e701b5e5f,Righty Tighty,右手紧握,"The first 3/6/9 times you use your rightmost item each fight, Charge a Slow item 1 second(s)",每场战斗中前3/6/9次使用最右侧物品时，充能一件减速物品1秒,Medium / 中型,Silver / 白银,Silver/Gold/Diamond,Dooley / 杜利 | Mak / 马克 | Vanessa / 凡妮莎 | Jules / 朱尔斯 | Karnok,,SlowRef / 减速引用 | Charge / 充能,Icon_Skill_RightyTighty.png,,,0
b57df6d6-fc6c-4401-ad41-77f83388eabe,Distributed Systems,分配系统,"When you use a Large item, Haste your Small items for 1 second",当你使用大型物品时，加速己方小型物品1秒,Medium / 中型,Diamond / 钻石,Diamond,Common / 通用,,Haste / 加速,Icon_Skill_DistributedSystems.png,,,0
b607f75b-e245-4e4a-809e-899fcdd1e6e5,Rate Limiter,限速器,All Charge effects are reduced by half,双方所有充能效果减半,Medium / 中型,Diamond / 钻石,Diamond,Common / 通用,,Charge / 充能,Icon_Skill_ClosingSpeed.png,,,0
b6334c78-623c-4662-8642-8e05555d873a,Quick Freeze,急速冻结,"The first time you Haste each fight, Freeze an item for 2/3/4 second(s)",每场战斗中首次触发加速时，冻结一件物品2/3/4秒,Medium / 中型,Silver / 白银,Silver/Gold/Diamond,Dooley / 杜利 | Vanessa / 凡妮莎 | Stelle / 斯黛拉 | Jules / 朱尔斯 | Karnok,,HasteRef / 加速引用 | Freeze / 冻结,Icon_Skill_QuickFreeze.png,,,0
b67ef429-b97c-4e43-9332-2aea1d82db10,Precision Tools,精密工具,"When you Haste or Slow a Tool, it gains 5/10/15",当你加速或减速一件工具时，它获得5/10/15,Medium / 中型,Silver / 白银,Silver/Gold/Diamond,Common / 通用,Tool / 工具,HasteRef / 加速引用 | DamageRef / 伤害引用,Icon_Skill_MON_PrecisionTools,,,0
b6936741-8ec9-42f1-a6ec-d76061141f7d,Vital Reserve,生命储备,Your rightmost Regen item has +2/4/6/8,你最右侧的生命再生物品+2/4/6/8。,Medium / 中型,Bronze / 青铜,Bronze/Silver/Gold/Diamond,Pygmalien / 皮格马利翁 | Mak / 马克 | Jules / 朱尔斯,,RegenRef / 再生引用,Icon_Skill_StandardizedCare.png,,,0
b6c90dc6-f497-4fe4-90a1-759947180884,Fiery,炽焰,Your items have +1/2/3/4,己方物品+1/2/3/4,Medium / 中型,Bronze / 青铜,Bronze/Silver/Gold/Diamond,Vanessa / 凡妮莎 | Pygmalien / 皮格马利翁 | Dooley / 杜利 | Jules / 朱尔斯 | Mak / 马克 | Stelle / 斯黛拉 | Karnok,,BurnRef / 灼烧引用,Icon_Skill_Fiery.png,,,0
b76a00ad-8034-4ad8-9f55-9fdc279cf60e,Time to Tinker,修理时间,"The first 3/6/9/12 times you Haste each fight, Shield 50",每场战斗中首次3/6/9/12次触发加速时，获得50护盾,Medium / 中型,Bronze / 青铜,Bronze/Silver/Gold/Diamond,Common / 通用,,Shield / 护盾 | HasteRef / 加速引用,Icon_Skill_MON_TimetoTinker01.png,,,0
b76e0b9a-481c-4128-9ed3-a290f3b21b4f,Peaceful Eye,宁静之眼,Your Non-Weapon items have +5/10/15/20% Crit Chance,己方非武器物品+5/10/15/20%暴击率,Medium / 中型,Bronze / 青铜,Bronze/Silver/Gold/Diamond,Pygmalien / 皮格马利翁 | Vanessa / 凡妮莎 | Dooley / 杜利 | Jules / 朱尔斯 | Stelle / 斯黛拉 | Mak / 马克 | Karnok,,Crit / 暴击,Icon_Skill_PeacefulEye.png,,,0
b7938579-8bc3-4bbf-b002-ffa1870acd50,Paralyzing Rush,麻痹突袭,"When you Slow, Haste a Weapon 1/2 second(s)",触发减速时，加速一件武器1/2秒,Medium / 中型,Gold / 黄金,Gold/Diamond,Common / 通用,Weapon / 武器,SlowRef / 减速引用 | Haste / 加速 | DamageRef / 伤害引用,Icon_Skill_MON_MegaDrain_01.png,,,0
b7b9f86e-689d-44ec-889d-026e8d45081c,Frontal Shielding,前向护盾,Your leftmost Shield item has +10/20/40/80,己方最左侧的护盾物品+10/20/40/80,Medium / 中型,Bronze / 青铜,Bronze/Silver/Gold/Diamond,Pygmalien / 皮格马利翁 | Vanessa / 凡妮莎 | Dooley / 杜利 | Jules / 朱尔斯 | Stelle / 斯黛拉 | Karnok,,ShieldRef / 护盾引用,Icon_Skill_FrontalShielding.png,,,0
b7c2ce67-0da5-4360-9eda-b328817affe6,Heavy Shielding,,Your Large items have +12/36/72/120,[未翻译],Medium / 中型,Bronze / 青铜,Bronze/Silver/Gold/Diamond,Stelle / 斯黛拉 | Dooley / 杜利 | Pygmalien / 皮格马利翁,,ShieldRef / 护盾引用,Icon_Skill_HeavyShielding.png,,,0
b7edb810-2ead-4e1c-965d-d787eacc6fd3,Shatter,冰碎,"When you Freeze, your items gain 5/10/15",触发冻结时，己方物品获得5/10/15,Medium / 中型,Silver / 白银,Silver/Gold/Diamond,Vanessa / 凡妮莎 | Pygmalien / 皮格马利翁 | Dooley / 杜利 | Jules / 朱尔斯 | Mak / 马克 | Karnok,Weapon / 武器,FreezeRef / 冻结引用 | DamageRef / 伤害引用,Icon_Skill_Shatter.png,,,0
b89ebdeb-1954-47c8-97fe-8cc3008f2a25,Poison Tyrant,剧毒暴君,"When you Poison, Regen 2/4",触发剧毒时，生命再生量提高2/4,Medium / 中型,Gold / 黄金,Gold/Diamond,Common / 通用,,Regen / 再生 | PoisonRef / 剧毒引用,Icon_Skill_MON_RevitalizingToxins.png,,,0
b8f04ea6-ecdd-46a0-9ae6-397a090d294b,Corrosive Toxins,,"When you Poison, enemy Weapons lose 2/4 Damage",[未翻译],Medium / 中型,Gold / 黄金,Gold/Diamond,Mak / 马克,,PoisonRef / 剧毒引用,Icon_Skill_RapidInfection.png,,,0
b9ac862b-7599-4d1c-96c7-99e4edaad05f,Reserve Shield,备用护盾,"The first time you use a Large item each fight, Shield equal to 10/20/30% of your Max Health [0]",每场战斗中首次使用大型物品时，获得护盾，等量于你最大生命值的10/20/30% [0],Medium / 中型,Silver / 白银,Silver/Gold/Diamond,Pygmalien / 皮格马利翁,,Shield / 护盾 | HealthRef / 生命值引用,Icon_Skill_ReserveShield.png,,,0
ba317deb-c0b3-41b9-8b04-35a071316d9c,Ancient Technology,远古科技,Your Relics are Tech,己方遗物视为科技,Medium / 中型,Diamond / 钻石,Diamond,Dooley / 杜利,Tech / 科技 | Relic / 神器,,Icon_Skill_DOO_AncientTechnology,,,0
bb534d6b-4e7e-4f77-950f-8a27e4eb038e,Cherished Keepsake,,Your leftmost item is a Relic,[未翻译],Medium / 中型,Diamond / 钻石,Diamond,Mak / 马克,Relic / 神器,,Icon_Skill_MAK_CherishedKeepsake,,,0
bd3d7760-478f-4bc0-893f-1398cc29490e,Hallucinations,幻觉,"When you Enrage, Enchant 1/2 non-enchanted item(s)",当你进入暴怒状态时，为1/2件未附魔物品附魔,Medium / 中型,Gold / 黄金,Gold/Diamond,Karnok,,RageReference,Icon_Skill_KAR_Friend,,,0
bead31da-27fe-4056-ab77-1adbb37bb973,Open for Business,开张营业,You have +2/3/4 income for each Property you have (including Stash),己方每拥有一件地产（包括储存箱），你的收入+2/3/4,Medium / 中型,Silver / 白银,Silver/Gold/Diamond,Pygmalien / 皮格马利翁,Property / 地产,Income / 收入,Icon_Skill_PYG_GrandOpening.png,,,0
bf0d7a30-b5e0-4d55-841d-76c113eae2b2,Feeding Frenzy,暴食狂潮,"When you use a Food, gain  Rage | When you Enrage, Haste your Food 1/2/3 seconds",使用食物时，获得怒火。 | 当你进入暴怒状态时，加速己方食物1/2/3秒。,Medium / 中型,Silver / 白银,Silver/Gold/Diamond,Common / 通用,Food / 食物,Haste / 加速 | Rage,Icon_Skills_MON_WildBoar.png,,,0
c08396cd-ffc6-4b3f-86f8-18c053bee76f,Swole,,You have +Max Health equal to 1/2 times the Damage of your Weapons [1/2],[未翻译],Medium / 中型,Gold / 黄金,Gold/Diamond,Pygmalien / 皮格马利翁 | Karnok,Weapon / 武器,Health / 生命值 | DamageRef / 伤害引用,Icon_Skill_Swole.png,,,0
c149f8da-b64e-46f4-bf80-f6f4cae88fbc,Housewarming Gifts,乔迁礼物,"When you sell a Property, get 1/2 Chocolate Bar and 1/2 Spare Change",出售一件地产时，获得1/2根巧克力棒和1/2枚零钱,Medium / 中型,Gold / 黄金,Gold/Diamond,Pygmalien / 皮格马利翁,Property / 地产,,Icon_Skill_Reclaimer.png,,,0
c1ffec09-0567-47fe-b80e-4f55f62ee7fd,Anything to Win,不择手段,"The first time you use a non-Burn or non-Poison item each fight, Charge your Burn and Poison items 1/2 second(s)",每场战斗中首次使用非灼烧或非剧毒物品时，充能己方灼烧和剧毒物品1/2秒,Medium / 中型,Gold / 黄金,Gold/Diamond,Common / 通用,,Charge / 充能 | BurnRef / 灼烧引用 | PoisonRef / 剧毒引用,Icon_Skill_MON_AnythingToWin_03.png,,,0
c2e26fae-a435-44ff-8613-8977247ee972,Intrusion Countermeasures,反侵入协议,"The first time you fall below half Health in a fight, use your Friends",每场战斗中首次生命值降至一半以下时，使用己方所有伙伴,Medium / 中型,Diamond / 钻石,Diamond,Dooley / 杜利,Friend / 伙伴,,Icon_Skill_DOO_IntrusionCountermeasures.png,,,0
c318939d-3ba2-41d8-ad5d-1b8267c0cf22,Augmented Defenses,增强防御,"Your items have +1. When you sell a Small item, this gains 1/2 bonus",己方物品+1。出售一件小型物品时，此物品的加成+1/2,Medium / 中型,Gold / 黄金,Gold/Diamond,Common / 通用,,ShieldRef / 护盾引用,Icon_SKILL_MON_AugmentedDefenses.png,,,0
c38468ba-2636-4818-a821-6fb7e73d7110,Noisy Cricket,吵闹蟋蟀,"If you have at least 7 items, your items have +20/30/40",如果己方拥有至少7件物品，己方物品+20/30/40,Medium / 中型,Silver / 白银,Silver/Gold/Diamond,Dooley / 杜利 | Vanessa / 凡妮莎 | Mak / 马克 | Pygmalien / 皮格马利翁 | Stelle / 斯黛拉 | Jules / 朱尔斯,Weapon / 武器,DamageRef / 伤害引用,Icon_Skill_NoisyCricket.png,,,0
c3f674a0-4025-45e1-b611-bf70fd6f279c,Lifting,举重,Your items have +1/2/3 for each Weapon you have bought this run,本次冒险中你每购买过一件武器，己方物品就+1/2/3,Medium / 中型,Silver / 白银,Silver/Gold/Diamond,Pygmalien / 皮格马利翁,Weapon / 武器,DamageRef / 伤害引用,Icon_Skill_Lifting.png,,,0
c442e2c4-0e93-4efb-b6d0-909cee428c95,Concentrated Venom,,Your highest Poison item has +2/4/6/8,[未翻译],Medium / 中型,Bronze / 青铜,Bronze/Silver/Gold/Diamond,Pygmalien / 皮格马利翁 | Vanessa / 凡妮莎 | Dooley / 杜利 | Jules / 朱尔斯 | Stelle / 斯黛拉 | Mak / 马克,,PoisonRef / 剧毒引用,Icon_Skill_ConcentratedVenom.png,,,0
c4c70f57-c51e-4bc4-848c-0f0e7fbddd28,Small Weaponry,,Your Small items have +3/9/18/30,[未翻译],Medium / 中型,Bronze / 青铜,Bronze/Silver/Gold/Diamond,Jules / 朱尔斯 | Stelle / 斯黛拉 | Mak / 马克 | Dooley / 杜利 | Vanessa / 凡妮莎 | Pygmalien / 皮格马利翁,Weapon / 武器,DamageRef / 伤害引用,Icon_Skill_SmallWeaponry.png,,,0
c50a4b17-233d-4da5-a8ff-4c4561b6057e,Rolling Boil,滚沸,Your Heated items have their cooldowns reduced by 5/10%,己方高温物品冷却时间缩短5/10%,Medium / 中型,Gold / 黄金,Gold/Diamond,Jules / 朱尔斯,,Cooldown / 冷却 | HeatedReference,Icon_Skill_JUL_RoilingBoil,,,0
c5936035-d32a-4d82-8dfc-44deb993b5ea,Pickpocket,扒手,"At the start of each fight, gain 1/2/3/4 Gold",每场战斗开始时，获得1/2/3/4金币,Medium / 中型,Bronze / 青铜,Bronze/Silver/Gold/Diamond,Common / 通用,,Gold / 金币,Icon_Skill_MON_Greed_02.png,,,0
c5bff6ad-5d13-4cf3-9941-98f3cf913949,Counterstrike,反击,"The first time an enemy uses a Weapon, Charge your items 1/2 second(s)",敌人首次使用武器时，充能己方物品1/2秒,Medium / 中型,Gold / 黄金,Gold/Diamond,Common / 通用,,Charge / 充能,Icon_Skill_MON_Counterattack.png,,,0
c5ce101a-3af2-49ce-bcc9-42481355c58e,Follow-Up Care,跟进疗护,Your rightmost Heal item has +20/40/80/160,己方最右侧的治疗物品+20/40/80/160,Medium / 中型,Bronze / 青铜,Bronze/Silver/Gold/Diamond,Pygmalien / 皮格马利翁 | Karnok,,HealRef / 治疗引用,Icon_Skill_FollowUpCare.png,,,0
c6619a2a-642e-4d2b-9008-2ad9ecb9c5cc,Virulent Toxins,,"The first 4/8/12 times you use a Relic each fight, Poison 5",每场战斗中前4/8/12次使用遗物时，造成5剧毒,Medium / 中型,Silver / 白银,Silver/Gold/Diamond,Mak / 马克,Relic / 神器,Poison / 剧毒,Icon_Skill_MAK_ToxicRegeneration,,,0
c6a57594-4358-44de-b888-64216df4aa05,Healthy Tip,生命力打赏,"When you gain Gold, permanently gain Max Health equal to 1/2/3 times the amount of Gold gained",获得金币时，永久获得最大生命值，数量等于1/2/3乘以获得的金币数量,Medium / 中型,Silver / 白银,Silver/Gold/Diamond,Pygmalien / 皮格马利翁,,Health / 生命值 | EconomyRef / 经济引用,Icon_Skill_PYG_GenerousTip.png,,,0
c7261fd4-ef40-4091-abb2-dcf5694ae2ac,Endurance,坚韧不拔,"When you use a Weapon, your items gain 3/6/9",当你使用武器时，己方物品获得3/6/9,Medium / 中型,Silver / 白银,Silver/Gold/Diamond,Pygmalien / 皮格马利翁 | Karnok,Weapon / 武器,HealRef / 治疗引用 | DamageRef / 伤害引用,Icon_Skill_Endurance.png,,,0
c751b1b8-7128-4e06-8974-de5abca47634,Castle Doctrine,城堡准则,"The first time any item is used each fight, for each Property you have, gain  Rage",每场战斗中首次有物品被使用时，你每拥有一件地产，获得怒火,Medium / 中型,Gold / 黄金,Gold/Diamond,Karnok,Property / 地产,Rage | RageReference,Icon_Skill_KAR_CastleDoctrine,,,0
c7fa34d4-3e26-4471-a7a4-7919fdc86aab,Adrenaline Rush,肾上腺素涌动,"When you Enrage, Charge your Weapons 1/2 second(s)",当你进入暴怒状态时，充能己方武器1/2秒,Medium / 中型,Gold / 黄金,Gold/Diamond,Karnok,Weapon / 武器,RageReference | Charge / 充能,Icon_Skill_KAR_AdrenalineRush,,,0
c9c884fd-849e-4541-b770-4658c2e6e609,Foreboding Winds,凶风,Your Weapons deal double Crit Damage,己方武器造成的暴击伤害翻倍,Medium / 中型,Diamond / 钻石,Diamond,Common / 通用,Weapon / 武器,CritRef / 暴击引用,Icon_Skill_MON_LordOfWastes_01.png,,,0
ca3da34f-a982-4ae4-bea0-8dddac873650,Stocked,库存充足,Your Potions have +1/2/3 Ammo,己方药水+1/2/3弹药,Medium / 中型,Silver / 白银,Silver/Gold/Diamond,Mak / 马克,Potion / 药水,PotionRef / 药水引用 | Ammo / 弹药,Icon_Skill_Mak_Stocked.png,,,0
cac848c8-dc77-4277-ba9f-df282b9f36ef,Herbal Supplements,草药补剂,Your items have +1/2/3/4,己方物品+1/2/3/4,Medium / 中型,Bronze / 青铜,Bronze/Silver/Gold/Diamond,Mak / 马克 | Jules / 朱尔斯,,RegenRef / 再生引用,Icon_Skill_NaniteHealing.png,,,0
cb4e5a04-ef5f-40e7-bc1c-bd90baf2f5d0,Healthy Friendship,健康友谊,"When you use a Friend, Regen 2/4",使用伙伴时，生命再生量提高2/4,Medium / 中型,Gold / 黄金,Gold/Diamond,Common / 通用,Friend / 伙伴,Regen / 再生,Icon_Skill_MON_RexSpex,,,0
cb8e9ed1-764e-4fa5-a2b8-61c2eddcbf7e,Grease Fire,油火焰,"The first 4/8/12 times you use a Tool each fight, Burn 5",每场战斗中前4/8/12次使用工具时，造成5灼烧,Medium / 中型,Silver / 白银,Silver/Gold/Diamond,Dooley / 杜利 | Jules / 朱尔斯 | Stelle / 斯黛拉 | Pygmalien / 皮格马利翁 | Karnok,Tool / 工具,Burn / 灼烧,Icon_Skill_GreaseFire.png,,,0
cbd2810c-4713-4503-a97d-30e73ccaebb7,Toxic Flame,毒焰,"When you Burn, your items gain 1/2/3",触发灼烧时，己方物品获得1/2/3,Medium / 中型,Silver / 白银,Silver/Gold/Diamond,Vanessa / 凡妮莎 | Mak / 马克 | Dooley / 杜利 | Karnok,,PoisonRef / 剧毒引用 | BurnRef / 灼烧引用,Icon_Skill_ToxicFlame.png,,,0
ccb56c81-a3fb-4cd4-bf53-67b19a82458d,Reserve Collection,备用收藏,"The first time you fall below half Health each fight, use your Relics",每场战斗中首次生命值降至一半以下时，使用己方遗物,Medium / 中型,Diamond / 钻石,Diamond,Mak / 马克,Relic / 神器,,Icon_Skill_MAK_ReserveCollection,,,0
cd6ac6ef-dafb-4001-a338-52e791bec4c3,Slow Burn,慢性灼烧,"The first 4/8 times you Slow each fight, Charge a Burn item 1 second(s)",每场战斗中前4/8次触发减速时，充能一件灼烧物品1秒,Medium / 中型,Gold / 黄金,Gold/Diamond,Vanessa / 凡妮莎 | Mak / 马克 | Jules / 朱尔斯 | Dooley / 杜利 | Karnok | Stelle / 斯黛拉,,Charge / 充能 | BurnRef / 灼烧引用 | SlowRef / 减速引用,Icon_Skill_SlowBurn.png,,,0
cda0b592-db91-4840-8ab1-ae5c261205e6,Truffleholic,松露迷,"When you sell a Property, get 1/2 Truffle(s)",出售地产时，获得1/2颗松露。,Medium / 中型,Gold / 黄金,Gold/Diamond,Pygmalien / 皮格马利翁,Property / 地产,Value / 价值 | EconomyRef / 经济引用,Icon_Skill_PYG_Truffleholic,,,0
cdf1d8f2-851b-43a8-bc8b-6d3ce2d4bca9,Tall Buildings,高楼大厦,"The first 5/10 times you use a Property each fight, Haste items adjacent to it 1 second(s)",每场战斗中前5/10次使用地产时，加速其相邻物品1秒,Medium / 中型,Gold / 黄金,Gold/Diamond,Pygmalien / 皮格马利翁,Property / 地产,Haste / 加速,Icon_Skill_PYG_TallBuildings.png,,,0
cf20ff77-7f51-42ca-8451-a3a1befe3d66,Above the Clouds,云朵之上,Your items have +5/10% Crit Chance for each Flying item you have [5/10],己方每拥有一件飞行物品，己方物品+5/10%暴击率 [5/10],Medium / 中型,Gold / 黄金,Gold/Diamond,Stelle / 斯黛拉,,Crit / 暴击 | FlyingRef / 飞行引用,Icon_Skill_STE_AboveTheClouds,,,0
cf56751a-0973-486f-aec4-c8b21227b648,Time Eater,吞时者,"At the start of each fight, the fastest enemy item has its cooldown increased by 1000/2000 second(s)",每场战斗开始时，最快的敌方物品冷却时间延长1000/2000秒,Medium / 中型,Gold / 黄金,Gold/Diamond,Vanessa / 凡妮莎,,Cooldown / 冷却,Icon_Skill_MiddleOfThePack.png,,,0
d071e4de-f87f-41b5-b02d-d622e35c0b4d,Juggler,杂耍,"When you use a Small item, Charge a Large item for 1 second(s)",当你使用小型物品时，充能一件大型物品1秒,Medium / 中型,Diamond / 钻石,Diamond,Common / 通用,,Charge / 充能,Icon_Skill_MON_TrashTitan_02.png,,,0
d08258b5-be49-410e-a650-4dfa01b35662,Invigorating Cold,提神寒气,"The first time you Freeze each fight, Haste  item(s) for 2 second(s)",每场战斗中首次触发冻结时，加速件物品2秒,Medium / 中型,Silver / 白银,Silver/Gold/Diamond,Dooley / 杜利 | Jules / 朱尔斯 | Stelle / 斯黛拉 | Pygmalien / 皮格马利翁 | Vanessa / 凡妮莎 | Mak / 马克 | Karnok,,Haste / 加速 | FreezeRef / 冻结引用,Icon_Skill_InvigoratingCold.png,,,0
d08bdeb9-ef08-48be-9df7-0edd9fcff6cf,Stout Fire,,"When you gain Burn, Regen 3/6/9 and your Weapons gain 3/6/9",[未翻译],Medium / 中型,Silver / 白银,Silver/Gold/Diamond,Pygmalien / 皮格马利翁 | Vanessa / 凡妮莎 | Dooley / 杜利 | Jules / 朱尔斯 | Stelle / 斯黛拉 | Mak / 马克,,Regen / 再生 | DamageRef / 伤害引用 | BurnRef / 灼烧引用,Icon_Skill_StoutFire.png,,,0
d09d1ff8-a49b-485b-b1e3-ea50c4af5781,Immolating Spark,灼焰火花,Your leftmost Burn item has +2/4/6/8,己方最左侧的灼烧物品+2/4/6/8,Medium / 中型,Bronze / 青铜,Bronze/Silver/Gold/Diamond,Vanessa / 凡妮莎 | Dooley / 杜利 | Jules / 朱尔斯 | Stelle / 斯黛拉 | Mak / 马克 | Pygmalien / 皮格马利翁 | Karnok,,BurnRef / 灼烧引用,Icon_Skill_FireStarter.png,,,0
d1505b87-551f-4786-818c-3c441f920d7b,Re-Tooled,工具重铸,Your leftmost Tool has +1 Multicast,己方最左侧的工具+1多重释放,Medium / 中型,Diamond / 钻石,Diamond,Pygmalien / 皮格马利翁 | Jules / 朱尔斯 | Mak / 马克 | Vanessa / 凡妮莎 | Dooley / 杜利 | Stelle / 斯黛拉 | Karnok,Tool / 工具,,Icon_Skill_Re-Tooled.png,,,0
d179345d-953d-4c59-a324-5c2504951644,Emergency Draught,应急治疗,"The first time you fall below half Health each fight, gain 1/2 times your Regen. [0]",每场战斗中首次生命值降至一半以下时，获得1/2倍的生命再生量。[0],Medium / 中型,Gold / 黄金,Gold/Diamond,Mak / 马克 | Jules / 朱尔斯,,Regen / 再生,Icon_Skill_EmergencyDraught.png,,,0
d1e825ba-653c-4993-8002-50c3933c5827,Machine Learning,机器学习,"When you buy or upgrade this, upgrade your Cores",购买或升级此物品时，升级己方核心,Medium / 中型,Silver / 白银,Silver/Gold/Diamond,Dooley / 杜利,Core / 核心,,Icon_Skill_DOO_MachineLearning.png,,,0
d26ef556-5508-4c10-b94b-c61e005d2378,Green Light,绿灯,"The first time you use an item each fight, Haste your Drones and Vehicles for 1/2 second(s)",每场战斗中首次使用物品时，加速己方无人机和载具1/2秒,Medium / 中型,Gold / 黄金,Gold/Diamond,Stelle / 斯黛拉,Vehicle / 载具 | Drone,Haste / 加速,Icon_Skill_STE_GreenLight,,,0
d2a0ff45-b7bc-4a3a-9deb-8a7f9ef802f9,Pure Imagination,纯粹想象,Your leftmost item is a Toy and has its cooldown reduced by 3/6%,你最左侧的物品视为玩具且冷却时间缩短3/6%,Medium / 中型,Gold / 黄金,Gold/Diamond,Pygmalien / 皮格马利翁,Toy / 玩具,,Icon_Skill_PYG_PureImagination,,,0
d2f910bc-3490-456f-8ab0-aedda752bc5c,Crashing Waves,浪涛激荡,"The first 5/10 times you use an Aquatic item each fight, Haste a Weapon for 1 second(s)",每场战斗中首次使用水系物品的5/10次内，加速一件武器1秒,Medium / 中型,Gold / 黄金,Gold/Diamond,Vanessa / 凡妮莎,Weapon / 武器 | Aquatic / 水生,Haste / 加速 | DamageRef / 伤害引用,Icon_Skill_VAN_CrashingWaves,,,0
d31c4499-c05a-4d7b-8571-a19e102c3169,Improved Toxins,毒素增效,Your items have +1/2/3/4,己方物品+1/2/3/4,Medium / 中型,Bronze / 青铜,Bronze/Silver/Gold/Diamond,Vanessa / 凡妮莎 | Dooley / 杜利 | Mak / 马克 | Karnok,,PoisonRef / 剧毒引用,Icon_Skill_ImprovedToxins.png,,,0
d4471fb1-a60b-4f64-9c60-ae0e8c930306,Pacifist,和平主义者,"If you have no Weapons, your items' Cooldowns are reduced by 5/10%",如果己方没有武器，己方物品冷却时间缩短5/10%,Medium / 中型,Gold / 黄金,Gold/Diamond,Pygmalien / 皮格马利翁 | Mak / 马克,,Cooldown / 冷却,Icon_Skill_Minimalist.png,,,0
d48611f7-c777-4825-bf38-cefd468775b5,Teachable Moment,教学时刻,You have +25/50 Max Health for each Skill you have [25/50],己方每拥有一个技能，+25/50最大生命值[25/50],Medium / 中型,Gold / 黄金,Gold/Diamond,Common / 通用,,Health / 生命值,Icon_Skills_MON_TeachableMoment,,,0
d52f6759-3ab5-46f4-87d1-bc719634c0d8,Ice Bullets,寒冰子弹,"The first 3/6 times you use an Ammo item each fight, Freeze an item for 1 second",每场战斗中前3/6次使用弹药物品时，冻结一件物品1秒,Medium / 中型,Gold / 黄金,Gold/Diamond,Vanessa / 凡妮莎,,FreezeRef / 冻结引用 | Ammo / 弹药 | DamageRef / 伤害引用,Icon_Skill_BulletTime.png,,,0
d53d5ba0-b087-42a2-9523-2a44d9001e07,Inexorable,势不可挡,"Your items have +2% Crit Chance. When you start a fight, this gains +2/3/4% Crit Chance bonus",己方物品+2%暴击率。当你开始战斗时，此物品的暴击率加成+2/3/4%,Medium / 中型,Silver / 白银,Silver/Gold/Diamond,Vanessa / 凡妮莎,,Crit / 暴击,Icon_Skill_Tinkerer.png,,,0
d56a6e90-f664-4791-8b78-5c8bd3f45f80,Sick Burn,毒性灼烧,"The first 4/8 times you Poison each fight, Charge a Burn item 1 second(s)",每场战斗中，你前4/8次触发剧毒时，为一件灼烧物品充能1秒,Medium / 中型,Gold / 黄金,Gold/Diamond,Vanessa / 凡妮莎 | Mak / 马克 | Dooley / 杜利,,Charge / 充能 | PoisonRef / 剧毒引用 | BurnRef / 灼烧引用,Icon_Skill_SickBurn.png,,,0
d5b180a2-9dfa-43e3-bfb9-3e15dac0398e,Rush,疾速,"The first time you use an item, Haste a Weapon 3/4/5/6 seconds",首次使用物品时，加速一件武器3/4/5/6秒,Medium / 中型,Bronze / 青铜,Bronze/Silver/Gold/Diamond,Common / 通用,Weapon / 武器,Haste / 加速 | DamageRef / 伤害引用,Icon_Skill_MON_Drain_01,,,0
d6251362-7c11-4a7e-9d6d-97f445f2f828,Burn Containment,灼烧遏制,"The first 4/8 times you Burn each fight, Charge a Shield item 1 second(s)",每场战斗中首4/8次触发灼烧时，充能一件护盾物品1秒,Medium / 中型,Gold / 黄金,Gold/Diamond,Dooley / 杜利 | Pygmalien / 皮格马利翁 | Karnok,,Charge / 充能 | BurnRef / 灼烧引用 | ShieldRef / 护盾引用,Icon_Skill_Incinerate.png,,,0
d675442d-7d59-4f13-9209-6e1a4ae7a1fc,Burning Rage,灼烧狂怒,"When you Burn, your items gain 10/15/20",触发灼烧时，己方物品获得10/15/20,Medium / 中型,Silver / 白银,Silver/Gold/Diamond,Common / 通用,Weapon / 武器,BurnRef / 灼烧引用 | DamageRef / 伤害引用,Icon_Skill_MON_DisdainForLife_01,,,0
d8bb20e5-4c72-409b-893a-686a8fc43006,Aggressive Mutations,,,,Medium / 中型,Bronze / 青铜,Bronze/Silver/Gold/Diamond,Common / 通用,,Damage / 伤害,Icon_Skill_Placeholder.png,,,0
d8e7fa0a-9127-4a11-a84e-d479a011a92d,Improvised Poison,临时毒物,"When you Crit, your items gain 2/4",当你暴击时，己方物品获得2/4,Medium / 中型,Gold / 黄金,Gold/Diamond,Vanessa / 凡妮莎 | Mak / 马克,,PoisonRef / 剧毒引用 | CritRef / 暴击引用,Icon_Skill_ImprovisedPoison.png,,,0
d92e6936-ec9e-4b5a-b5f7-d63d0d969503,Initial Rage,初始怒火,"While you are Enraged, your leftmost item has its cooldown reduced by 1 second(s)",暴怒期间，你最左侧物品的冷却时间缩短1秒,Medium / 中型,Diamond / 钻石,Diamond,Karnok,,RageReference | Cooldown / 冷却,Icon_Skill_KAR_FinalRage,,,0
d9bcaba0-0e56-4b62-aec4-d423f33a76cf,Seafaring,海上航行,Your small items are Aquatic,己方小型物品视为水系,Medium / 中型,Diamond / 钻石,Diamond,Common / 通用,Aquatic / 水生,,Icon_Skills_MON_Seafaring,,,0
dab89eb6-be1a-4651-a4d8-44c2d2716569,Vengeful Strike,,Your Weapons' Cooldowns are reduced by 2%,[未翻译],Medium / 中型,Silver / 白银,Silver/Gold/Diamond,Pygmalien / 皮格马利翁 | Vanessa / 凡妮莎 | Dooley / 杜利 | Jules / 朱尔斯 | Stelle / 斯黛拉 | Mak / 马克,Weapon / 武器,Cooldown / 冷却 | DamageRef / 伤害引用,Icon_Skill_VengefulStrike.png,,,0
daec4b27-bd32-434e-85ef-4bd4629e7d11,Bold Under Pressure,逆境无惧,"The first time you fall below half Health each fight, Haste  items for 2 second(s)",每场战斗中首次生命值降至一半以下时，加速件物品2秒,Medium / 中型,Silver / 白银,Silver/Gold/Diamond,Vanessa / 凡妮莎 | Pygmalien / 皮格马利翁 | Jules / 朱尔斯 | Mak / 马克 | Karnok,,Haste / 加速,Icon_Skill_BoldUnderPressure.png,,,0
db94a1da-532e-42e1-af25-5033b0fc8bcb,Essence Overflow,精华溢出,Your items have + Damage equal to your Regen [3],己方物品+伤害，等量于你的生命再生量 [3],Medium / 中型,Diamond / 钻石,Diamond,Mak / 马克,Weapon / 武器,DamageRef / 伤害引用 | RegenRef / 再生引用,Icon_Skill_Mak_Essenceoverflow.png,,,0
dbd50f7c-4261-4afd-93da-2f4d9e33509e,Explosive Potions,爆燃药水,"The first 4/8 times you use a Potion each fight, Charge a Weapon or Burn item 1 second(s)",每场战斗中前4/8次使用药水时，充能一件武器或灼烧物品1秒,Medium / 中型,Gold / 黄金,Gold/Diamond,Mak / 马克,Weapon / 武器 | Potion / 药水,PotionRef / 药水引用 | Charge / 充能 | BurnRef / 灼烧引用 | DamageRef / 伤害引用,Icon_Skill_Mak_ExplosivePotions.png,,,0
dd9d1ad7-8c28-46da-9f98-aaa2cc55cd00,Equivalent Exchange,等价交换,"When you Heal Regen, Charge a Poison item 1 second(s)",当你触发生命再生时，充能一件剧毒物品1秒,Medium / 中型,Diamond / 钻石,Diamond,Common / 通用,,PoisonRef / 剧毒引用 | HealRef / 治疗引用 | RegenRef / 再生引用 | Charge / 充能,Icon_Skill_MON_SpreadingInfection_02.png,,,0
de35c728-b2e6-4cf8-82a2-2a1a41d782fe,Scramble Fighters,紧急起飞,"The first time you use an item each fight,  item(s) start Flying | Your Flying items have +20/30/40",每场战斗中首次使用物品时，件物品开始飞行 | 己方飞行物品+20/30/40,Medium / 中型,Silver / 白银,Silver/Gold/Diamond,Common / 通用,Weapon / 武器,Flying / 飞行 | DamageRef / 伤害引用,Icon_Skill_ScrambleFighters,,,0
dec273b3-155e-4fbd-9629-5dbd2900e032,Coolant Leak,冷却剂泄露,"The first 4/8 times you use your rightmost item each fight, Charge a Freeze item 1 second(s)",每场战斗中你前4/8次使用己方最右侧物品时，充能一件冻结物品1秒,Medium / 中型,Gold / 黄金,Gold/Diamond,Pygmalien / 皮格马利翁 | Dooley / 杜利 | Jules / 朱尔斯 | Mak / 马克,,FreezeRef / 冻结引用 | Charge / 充能,Icon_Skill_CoolantLeak.png,,,0
dfe40f90-61de-46dc-b807-0da587140e9d,Ambush,伏击,"At the start of each fight, deal Damage equal to 10/20/30% of an enemy's Max Health",每场战斗开始时，造成伤害，等量于敌人最大生命值的10/20/30%,Medium / 中型,Silver / 白银,Silver/Gold/Diamond,Common / 通用,,Damage / 伤害,Icon_Skill_MON_Ambush.png,,,0
dfeaa982-9ed6-4aee-840e-628fa8b508bd,Insect Bite,虫咬,"At the start of each fight, Poison yourself 2",每场战斗开始时，使自己中毒2,Medium / 中型,Diamond / 钻石,Diamond,Common / 通用,,Poison / 剧毒,Icon_Skill_QuickExposure.png,,,0
dff033fb-0fd4-4ae9-a9c2-ed8a81657d08,Cash Deposits,现金存储,Your items have +Damage equal to your Gold,己方物品+伤害，等量于你的金币,Medium / 中型,Diamond / 钻石,Diamond,Pygmalien / 皮格马利翁,Weapon / 武器,DamageRef / 伤害引用 | Gold / 金币,Icon_Skill_CashDeposits.png,,,0
e10188fc-6b44-49b8-afbb-6c9d41b9b85f,Surrounded by Joy,,"The first time you use a Large item each fight, adjacent items gain 15 Joy",[未翻译],Medium / 中型,Silver / 白银,Silver/Gold/Diamond,Jules / 朱尔斯,,JoyRef / 快乐引用,Icon_Skill_Placeholder.png,,,0
e21930e9-942f-435a-9384-a17042a87e18,Delayed Burn,,Your Slowest Burn item has +5,[未翻译],Medium / 中型,Bronze / 青铜,Bronze/Silver/Gold/Diamond,Vanessa / 凡妮莎 | Dooley / 杜利 | Jules / 朱尔斯 | Stelle / 斯黛拉 | Mak / 马克,,BurnRef / 灼烧引用,Icon_Skill_Placeholder.png,,,0
e2b02661-62c8-42da-be35-3b15eebdb31d,Cryomastery,霜寒专精,"The first 2/4/6 times you Shield each fight, Freeze an item for 1 second",每场战斗中，你前2/4/6次获得护盾时，冻结一件物品1秒,Medium / 中型,Silver / 白银,Silver/Gold/Diamond,Common / 通用,,Freeze / 冻结 | ShieldRef / 护盾引用,Icon_Skill_MON_VolkasEnforcer_03.png,,,0
e2bed270-5a6c-46ae-ab7e-a0d34f6da903,Commercial Zoning,商业区划,"When you use a Property, deal Damage equal to 1/2 times your Gold",当你使用地产时，造成伤害，等量于你金币的1/2倍,Medium / 中型,Gold / 黄金,Gold/Diamond,Pygmalien / 皮格马利翁,Property / 地产,Damage / 伤害 | EconomyRef / 经济引用,Icon_Skill_CommercialZoning.png,,,0
e33eeb99-4414-4187-80bc-5b62f81a3e2d,Peak Rage,怒火巅峰,"While you are Enraged, your items have +20/30/40/50% Crit Chance",暴怒期间，己方物品+20/30/40/50%暴击率,Medium / 中型,Bronze / 青铜,Bronze/Silver/Gold/Diamond,Karnok,,RageReference | Crit / 暴击,Icon_Skill_KAR_PeakRage,,,0
e41f6a66-9257-45c3-b249-9f9ef0f93f3e,Venomous Blade,毒刃,"The first 4/8 times you use a Weapon each fight, Charge a Poison item 1 second(s)",每场战斗中，你前4/8次使用武器时，为一件剧毒物品充能1秒,Medium / 中型,Gold / 黄金,Gold/Diamond,Vanessa / 凡妮莎 | Mak / 马克 | Dooley / 杜利,Weapon / 武器,Charge / 充能 | PoisonRef / 剧毒引用 | DamageRef / 伤害引用,Icon_Skill_VenomousBlade.png,,,0
e43da7b1-1190-469a-b6c6-43d8e3ca0ad6,Steelstorm,钢铁风暴,Your items have +4/6/8 for each Weapon you have [4/6/8],己方每拥有一件武器，己方物品+4/6/8 [4/6/8],Medium / 中型,Silver / 白银,Silver/Gold/Diamond,Vanessa / 凡妮莎,Weapon / 武器,DamageRef / 伤害引用,Icon_Skill_StandardOrdinance.png,,,0
e5602f0a-0f7f-4832-97cc-59bc7b605804,Frozen Synapse,冻结突触,"The first 5/10 times you Freeze each fight, Haste Your Core for 2 second(s)",每场战斗中前5/10次触发冻结时，加速己方核心2秒。,Medium / 中型,Gold / 黄金,Gold/Diamond,Dooley / 杜利,Core / 核心,Haste / 加速 | FreezeRef / 冻结引用,Icon_Skill_DOO_FrozenSynapse.png,,,0
e634860d-fec5-43c1-a6ca-a349450ae9c8,Heavy Firepower,重火力,"If you have 5 or fewer items, your items have +25/50/75",如果己方物品数量不超过5件，己方物品+25/50/75,Medium / 中型,Silver / 白银,Silver/Gold/Diamond,Dooley / 杜利 | Vanessa / 凡妮莎 | Mak / 马克 | Pygmalien / 皮格马利翁 | Stelle / 斯黛拉 | Jules / 朱尔斯 | Karnok,Weapon / 武器,DamageRef / 伤害引用,Icon_Skill_HeavyWeaponry.png,,,0
e6f8f206-b1c5-4b3b-b05f-5003cab5cced,Debilitating Secrets,蛛缠之秘,"The first 5/10 times you use a Relic each fight, Slow an item for 1 second",每场战斗中前5/10次使用遗物时，减速一件物品1秒,Medium / 中型,Gold / 黄金,Gold/Diamond,Mak / 马克,Relic / 神器,Slow / 减速,Icon_Skill_MAK_DebilitatingSecrets,,,0
e7488436-6835-4e5e-971c-ba0a60f58529,Bullet Time,时间凝滞,"The first 4/8 times you use an Ammo item each fight, Slow an item for 1 second(s)",每场战斗中首4/8次使用弹药物品时，减速一件物品1秒,Medium / 中型,Gold / 黄金,Gold/Diamond,Vanessa / 凡妮莎,,Slow / 减速 | AmmoRef / 弹药引用,Icon_Skill_SlowMotion.png,,,0
e781d7bd-a660-4d5a-a9bf-a7f015a14661,Friendzone,伙伴卡,Your Friends' Cooldowns are reduced by 5/10%,己方伙伴冷却时间缩短5/10%,Medium / 中型,Gold / 黄金,Gold/Diamond,Common / 通用,Friend / 伙伴,Cooldown / 冷却,Icon_Skill_MON_Tortuga,,,0
e78b1599-ca80-47b0-b386-04ae403994d5,Virulent Research,,Your items have +1 Poison,[未翻译],Medium / 中型,Silver / 白银,Silver/Gold/Diamond,Mak / 马克,,Poison / 剧毒,,,,0
e7cc942b-96c5-4b90-a916-b3db0ee4bfe7,Snowstorm,雪暴,"When you Freeze, a Weapon gains 10/20/30/40",触发冻结时，一件武器获得10/20/30/40,Medium / 中型,Bronze / 青铜,Bronze/Silver/Gold/Diamond,Common / 通用,Weapon / 武器,FreezeRef / 冻结引用 | DamageRef / 伤害引用,Icon_Skill_MON_TheColdShoulder_01.png,,,0
e8770458-220a-45bd-bfef-d6045b152d29,Bonk,迎头痛击,Enemy Cooldowns are increased by 1000 second(s),敌方物品的冷却时间延长1000秒,Medium / 中型,Diamond / 钻石,Diamond,Common / 通用,,Cooldown / 冷却,Icon_Skill_MON_TurnOutYourPockets_03.png,,,0
e8d23247-5164-4096-a4cc-db5bb2a5277d,I Would Eat That,到碗里来,Your leftmost item is a Food and has its cooldown reduced by 3/6%,你最左侧的物品视为食物，且冷却时间缩短3/6%,Medium / 中型,Gold / 黄金,Gold/Diamond,Jules / 朱尔斯,Food / 食物,Cooldown / 冷却,Icon_Skill_JUL_IWouldEatIt,,,0
e9218caf-28ed-4e9a-a24b-358d4852d88b,Frostfire,寒霜烈焰,"The first time you Burn each fight, Freeze an item for 2/3/4 second(s)",每场战斗中首次触发灼烧时，冻结一件物品2/3/4秒,Medium / 中型,Silver / 白银,Silver/Gold/Diamond,Dooley / 杜利 | Vanessa / 凡妮莎 | Mak / 马克 | Jules / 朱尔斯 | Stelle / 斯黛拉 | Pygmalien / 皮格马利翁 | Karnok,,BurnRef / 灼烧引用 | Freeze / 冻结,Icon_Skill_Frostfire.png,,,0
ec327a59-8fde-444f-b29b-73b22c248c4e,Renovation,翻新工程,"When you buy this or level up, upgrade a Property",获得此技能或升级时，升级一件地产,Medium / 中型,Diamond / 钻石,Diamond,Pygmalien / 皮格马利翁,Property / 地产,Level,Icon_Skill_PYG_Renovation.png,,,0
ed63ead8-5ba3-4972-b547-b1791484fccf,Farm to Table,农田直供,You have +50/100/150 Max Health for each Tool you have [50/100/150],每拥有一件工具物品，+50/100/150最大生命值 [50/100/150],Medium / 中型,Silver / 白银,Silver/Gold/Diamond,Jules / 朱尔斯,Tool / 工具,Health / 生命值,Icon_Skill_JUL_FarmToTable,,,0
ed7379d4-38ee-48b0-9ef0-61ed3c57ec22,Extreme Comfort,极度舒适,"When you Heal Regen, your items gain 3/6/9",触发生命再生时，己方物品获得3/6/9,Medium / 中型,Silver / 白银,Silver/Gold/Diamond,Common / 通用,,HealRef / 治疗引用 | ShieldRef / 护盾引用 | RegenRef / 再生引用,Icon_SKILL_MON_ExtremeComfort.png,,,0
edb9b01b-b4ce-4a77-848e-0a49b8a23c16,Potent Potables,强效药液,Your items have +1/2/3 and +1/2/3 for each Potion you have [1/2/3/],己方拥有的每件药水使己方物品+1/2/3和+1/2/3 [1/2/3/],Medium / 中型,Silver / 白银,Silver/Gold/Diamond,Mak / 马克,Potion / 药水,PotionRef / 药水引用 | PoisonRef / 剧毒引用 | BurnRef / 灼烧引用,Icon_Skill_Mak_PotentPotables.png,,,0
ee178ba8-666d-426f-8499-1bd611a91802,Burst of Flame,烈焰爆发,"The first time an enemy falls below half Health each fight, Burn 10/15/20/25",每场战斗中首次有敌人生命值降至一半以下时，造成10/15/20/25灼烧,Medium / 中型,Bronze / 青铜,Bronze/Silver/Gold/Diamond,Common / 通用,,Burn / 灼烧,Icon_Skill_MON_LivingFlame_01,,,0
ee6059b6-f960-4ede-a65d-ad97cf4393b7,Scavenger,拾荒者,"When you Level Up, get a small item from another Hero",等级提升时，获得一件来自任意英雄的小型物品,Medium / 中型,Silver / 白银,Silver/Gold/Diamond,Common / 通用,,,Icon_Skill_SmallSpecialist.png,,,0
ee9a5e52-4fe9-4999-9329-6aafe24a129e,Death from Above,死从天降,"When you Enrage,  of your items start Flying, then Charge your Flying items 1 second",当你进入暴怒状态时，己方件物品开始飞行，然后充能己方飞行物品1秒,Medium / 中型,Silver / 白银,Silver/Gold/Diamond,Karnok,,Flying / 飞行 | FlyingRef / 飞行引用 | RageReference | Charge / 充能,Icon_Skill_KAR_DeathfromAbove,,,0
eea71cd9-2688-4c4d-99e7-6eee44cf47a2,Panic,恐慌,"The first time you fall below 50% Health each fight, Reload  item(s) and Charge  Ammo items 1 second",每场战斗中首次生命值降至50%以下时，装填件物品并充能件弹药物品1秒,Medium / 中型,Bronze / 青铜,Bronze/Silver/Gold/Diamond,Common / 通用,,Ammo / 弹药 | Charge / 充能,Icon_Skill_MON_DabblingApprentice_01.png,,,0
ef12c160-99ce-4171-a7ba-7fccaaafa239,First Strike,,"Your items have +75/100% Crit Chance | When you use an item, all your items lose 10% Crit Chance",己方物品+75/100%暴击率 | [未翻译],Medium / 中型,Gold / 黄金,Gold/Diamond,Pygmalien / 皮格马利翁 | Vanessa / 凡妮莎 | Dooley / 杜利 | Jules / 朱尔斯 | Stelle / 斯黛拉 | Mak / 马克,,Crit / 暴击,Icon_Skill_FirstStrike.png,,,0
ef4e5045-91c6-4973-8aed-1f29300e1db4,Everlasting Life,永生,"The first 4/8/12 times you use a Heal or Regen item each fight, gain 50 Max Health",每场战斗中首4/8/12次使用治疗或生命再生物品时，获得50最大生命值,Medium / 中型,Silver / 白银,Silver/Gold/Diamond,Pygmalien / 皮格马利翁 | Mak / 马克 | Jules / 朱尔斯 | Karnok,,HealRef / 治疗引用 | RegenRef / 再生引用 | Health / 生命值,Icon_Skill_ConcentratedHealing.png,,,0
ef9cbc3d-bac9-4690-9881-fad35b934717,Ancient Flamekeeper,远古护火者,"The first 4/8/12 times you use a Relic each fight, Burn 5",每场战斗中前4/8/12次使用遗物时，造成5灼烧,Medium / 中型,Silver / 白银,Silver/Gold/Diamond,Mak / 马克,Relic / 神器,Burn / 灼烧,Icon_Skill_MAK_AncientFlamekeeper,,,0
f08ab88b-c40e-4f4e-9419-e7501f9224ec,Paralytic Poison,麻痹剧毒,"The first time you Poison each fight, Freeze an item for 2/3/4 second(s)",每场战斗中首次触发剧毒时，冻结一件物品2/3/4秒,Medium / 中型,Silver / 白银,Silver/Gold/Diamond,Dooley / 杜利 | Vanessa / 凡妮莎 | Mak / 马克,,PoisonRef / 剧毒引用 | Freeze / 冻结,Icon_Skill_ParalyticPoison.png,,,0
f0955884-1ea7-4cac-ad73-c30798d3642c,Sharp Corners,锐利棱角,"When you Shield, your items gain 2/4/6",获得护盾时，己方物品获得2/4/6,Medium / 中型,Silver / 白银,Silver/Gold/Diamond,Pygmalien / 皮格马利翁 | Dooley / 杜利 | Stelle / 斯黛拉 | Jules / 朱尔斯 | Karnok,Weapon / 武器,ShieldRef / 护盾引用 | DamageRef / 伤害引用,Icon_Skill_SharpCorners.png,,,0
f1078e92-7092-4674-a279-b8d9962e7752,Speed,,Your items' Cooldowns are reduced by 2/3/4/5%,[未翻译],Medium / 中型,Bronze / 青铜,Bronze/Silver/Gold/Diamond,Jules / 朱尔斯 | Stelle / 斯黛拉 | Mak / 马克 | Dooley / 杜利 | Vanessa / 凡妮莎 | Pygmalien / 皮格马利翁,,Cooldown / 冷却,Icon_Skill_Speed.png,,,0
f1633971-bfe8-470e-bb29-111495163cf2,Frontier Living,边境生活,"At the start of each day, get a Rage item",每天开始时，获得一件怒火物品,Medium / 中型,Bronze / 青铜,Bronze/Silver/Gold/Diamond,Common / 通用,,,Icon_Skills_MON_FrontierLiving,,,0
f1c3b934-254a-459f-9078-023edbcfcb03,Healthy Hoarder,养生囤积狂,You have +50/100/150 Max Health for each Non-Weapon item you have [50/100/150],每拥有一件非武器物品，+50/100/150最大生命值 [50/100/150],Medium / 中型,Silver / 白银,Silver/Gold/Diamond,Pygmalien / 皮格马利翁,,Health / 生命值,Icon_Skill_HealthyCollector.png,,,0
f1e354bd-d94c-48fa-b63e-5012f68129a9,Letting off Steam,蒸汽宣泄,"The first 5/10 times you Burn each fight, Haste your Cores for 2 second(s)",每场战斗中首5/10次触发灼烧时，加速己方核心2秒,Medium / 中型,Gold / 黄金,Gold/Diamond,Dooley / 杜利,Core / 核心,Haste / 加速 | BurnRef / 灼烧引用,Icon_Skill_DOO_LettingOffSteam.png,,,0
f219c4c6-bb56-499a-894d-5dc689e22cb4,Bloodthirst,嗜血,Your Lifesteal items have +20/30/40/50,己方吸血物品+20/30/40/50,Medium / 中型,Bronze / 青铜,Bronze/Silver/Gold/Diamond,Mak / 马克,Weapon / 武器,DamageRef / 伤害引用,Icon_Skill_MAK_Bloodthirst,,,0
f2782115-1920-4bf2-9306-32697bcfee15,Critical Captain,,"The first time you use a Large item each fight, your items gain 4/8/12/16% Crit Chance",[未翻译],Medium / 中型,Bronze / 青铜,Bronze/Silver/Gold/Diamond,Vanessa / 凡妮莎 | Dooley / 杜利 | Stelle / 斯黛拉,,Crit / 暴击,Icon_Skill_CriticalCaptain.png,,,0
f380f03c-3c71-4cae-b423-43fa31a5c3a3,Big Guns,巨炮,Your Large items have double damage,己方大型物品伤害翻倍,Medium / 中型,Diamond / 钻石,Diamond,Dooley / 杜利 | Jules / 朱尔斯 | Vanessa / 凡妮莎 | Mak / 马克 | Pygmalien / 皮格马利翁 | Stelle / 斯黛拉 | Karnok,Weapon / 武器,DamageRef / 伤害引用,Icon_Skill_BigGuns.png,,,0
f38a0fb0-b94a-4701-9330-d14a943ac5c4,Right Eye,右眼,Your rightmost item has +8/16/24/32% Crit Chance,己方最右侧物品+8/16/24/32%暴击率,Medium / 中型,Bronze / 青铜,Bronze/Silver/Gold/Diamond,Pygmalien / 皮格马利翁 | Vanessa / 凡妮莎 | Dooley / 杜利 | Jules / 朱尔斯 | Stelle / 斯黛拉 | Mak / 马克 | Karnok,,Crit / 暴击,Icon_Skill_RightEyeDominant.png,,,0
f39c1881-f42f-4338-961f-8de0c725fadf,Buckle Up!,,Your Vehicles' Cooldowns are reduced by 5/10%,[未翻译],Medium / 中型,Gold / 黄金,Gold/Diamond,Stelle / 斯黛拉,Vehicle / 载具,Cooldown / 冷却,Icon_Skill_STE_BuckleUp,,,0
f3abf6be-b28d-42f5-a239-7208c2dcde25,Outmaneuver,战术超越,"The first 5/10 times you Slow each fight, Haste a Vehicle for 2 second(s)",每场战斗中你前5/10次触发减速时，加速一件载具2秒,Medium / 中型,Gold / 黄金,Gold/Diamond,Vanessa / 凡妮莎 | Stelle / 斯黛拉 | Dooley / 杜利,Vehicle / 载具,Haste / 加速 | SlowRef / 减速引用,Icon_Skill_Outmaneuver.png,,,0
f3f43bb9-1177-458f-8244-aaf409a050dd,Balanced Friendship,平衡友谊,"When you use a Friend, your items gain 2/4/6 and 2/4/6",当你使用伙伴时，己方物品获得2/4/6和2/4/6,Medium / 中型,Silver / 白银,Silver/Gold/Diamond,Vanessa / 凡妮莎 | Dooley / 杜利 | Karnok,Friend / 伙伴,ShieldRef / 护盾引用 | DamageRef / 伤害引用,Icon_Skill_BalancedFriendship.png,,,0
f422485c-b23a-4c3f-9ad4-9d22718dc204,Artillery Spotter,炮击观察员,"If you have 5 or fewer items, your items have +10/20/30/40% Crit Chance",如果己方物品不超过5件，己方物品+10/20/30/40%暴击率,Medium / 中型,Bronze / 青铜,Bronze/Silver/Gold/Diamond,Pygmalien / 皮格马利翁 | Vanessa / 凡妮莎 | Dooley / 杜利 | Jules / 朱尔斯 | Stelle / 斯黛拉 | Mak / 马克 | Karnok,,Crit / 暴击,Icon_Skill_ArtillerySpotter.png,,,0
f45baa82-ff32-4337-88b9-71f7a8f2336f,Biohazard,生物危害,"The first time you fall below half Health each fight, double an enemy's Poison",每场战斗中首次生命值降至一半以下时，使敌人的剧毒翻倍,Medium / 中型,Diamond / 钻石,Diamond,Mak / 马克,,Poison / 剧毒,Icon_Skill_Mak_Biohazard.png,,,0
f568cc30-31d8-48b3-8d26-a0f2032ebc6f,Diamond Heart,钻石心脏,You have +300/500 Max Health for each Diamond-tier item you have [300/500],己方每拥有一件钻石级物品，+300/500最大生命值 [300/500],Medium / 中型,Gold / 黄金,Gold/Diamond,Pygmalien / 皮格马利翁,,Health / 生命值,Icon_Skill_PlatinumHeart.png,,,0
f67ea56d-22cf-4048-a321-d42688642875,Barrel Roll,桶滚,"When you use a Flying item, adjacent items start Flying",当你使用飞行物品时，相邻物品开始飞行,Medium / 中型,Diamond / 钻石,Diamond,Stelle / 斯黛拉,,Flying / 飞行 | FlyingRef / 飞行引用,Icon_Skill_STE_DisplacementRoll,,,0
f6883b13-0dd2-475f-92e9-760102341bda,Conflagration,烈焰燃烧,"When you use an item with Burn, that item gains 1/2/3",当你使用灼烧物品时，该物品+1/2/3,Medium / 中型,Silver / 白银,Silver/Gold/Diamond,Vanessa / 凡妮莎 | Pygmalien / 皮格马利翁 | Dooley / 杜利 | Mak / 马克 | Jules / 朱尔斯 | Stelle / 斯黛拉 | Karnok,,BurnRef / 灼烧引用,Icon_Skill_Conflagration.png,,,0
f6a49c4a-7ee7-4aa7-8162-392eee2d3835,First Flames,初焰,"The first time you use a Large item each fight, Burn 20/40/60",每场战斗中首次使用大型物品时，造成20/40/60灼烧,Medium / 中型,Silver / 白银,Silver/Gold/Diamond,Vanessa / 凡妮莎 | Dooley / 杜利 | Jules / 朱尔斯 | Stelle / 斯黛拉 | Mak / 马克 | Pygmalien / 皮格马利翁 | Karnok,,Burn / 灼烧,Icon_Skill_FirstFlames.png,,,0
f6aa6347-024c-4e97-a93d-cf3a7fe8f53e,Refreshing Treat,爽口点心,"The first 5/10 times you use a Chilled item each fight, Regen 10",每场战斗中首次5/10次使用霜冻物品时，生命再生量提高10,Medium / 中型,Gold / 黄金,Gold/Diamond,Jules / 朱尔斯,,Regen / 再生 | ChilledReference,Icon_Skill_VAN_RefreshingTreats,,,0
f74f460e-6b49-43a9-9b9f-9b6fe36d28e9,Void Energy,虚空能量,"When you Burn, Charge a Shield item 1 second(s)",触发灼烧时，充能一件护盾物品1秒,Medium / 中型,Diamond / 钻石,Diamond,Common / 通用,,Charge / 充能 | BurnRef / 灼烧引用 | ShieldRef / 护盾引用,Icon_Skill_MON_VoidEnergy01.png,,,0
f75b8938-1dbb-45c4-8bca-f3f06e7568cc,Inspirational Cooking,灵感料理,Your Food have +10/15/20% Crit Chance,己方食物+10/15/20%暴击率,Medium / 中型,Silver / 白银,Silver/Gold/Diamond,Jules / 朱尔斯,Food / 食物,Crit / 暴击,Icon_Skill_JUL_InspirationalCooking,,,0
f790df42-e8e6-4329-aaeb-8a757c02c326,Vital Renewal,生命复苏,"When you Slow, Freeze, Poison or Burn with an item, a Regen item gains 1/2",当你通过物品触发减速、冻结、剧毒或灼烧时，一件生命再生物品获得1/2。,Medium / 中型,Gold / 黄金,Gold/Diamond,Mak / 马克,,RegenRef / 再生引用 | SlowRef / 减速引用 | FreezeRef / 冻结引用 | PoisonRef / 剧毒引用 | BurnRef / 灼烧引用,Icon_Skill_Mak_VitalRenewal.png,,,0
f7ae1ab0-16dc-46af-9a77-b23b7f33104f,Backup Defenses,,"The first time you fall below half Health each fight, Shield equal to 20/30% of your Max Health [0]",每场战斗中首次生命值降至一半以下时，获得护盾，等量于你最大生命值的20/30%[0],Medium / 中型,Gold / 黄金,Gold/Diamond,Pygmalien / 皮格马利翁 | Dooley / 杜利 | Stelle / 斯黛拉,,Shield / 护盾 | HealthRef / 生命值引用,Icon_Skill_BackupDefenses.png,,,0
f9170d20-9caa-41ca-82dd-9536f2f75dd6,Neophiliac,新奇狂人,"The first time you Freeze, Burn, Slow, Poison, and Haste each fight, Charge an item 1/2 second(s)",每场战斗中你首次触发冻结、灼烧、减速、剧毒和加速时，充能一件物品1/2秒,Medium / 中型,Gold / 黄金,Gold/Diamond,Common / 通用,,FreezeRef / 冻结引用 | SlowRef / 减速引用 | PoisonRef / 剧毒引用 | BurnRef / 灼烧引用 | HasteRef / 加速引用 | Charge / 充能,Icon_Skill_MON_Neophiliac.png,,,0
f9628cc5-fdf8-49cf-8807-d7b85f457aa8,"One Shot, One Kill",一发入魂,"If you only have one Weapon, it has triple Damage and its Cooldown is increased by 50%",如果己方只有一件武器，该武器造成三倍伤害，冷却时间延长50%,Medium / 中型,Diamond / 钻石,Diamond,Common / 通用,Weapon / 武器,DamageRef / 伤害引用,Icon_Skill_MON_RedundantSystems.png,,,0
f9b262a7-73fc-43b0-ad69-da351e927829,Flashpoint Fuse,闪点引信,"When you use an Ammo item, your items gain 1/2/3",当你使用弹药物品时，己方物品获得1/2/3,Medium / 中型,Silver / 白银,Silver/Gold/Diamond,Vanessa / 凡妮莎,,Ammo / 弹药 | BurnRef / 灼烧引用,Icon_Skill_FirstDegreeBurn.png,,,0
fa2dfc79-67be-4307-95d9-b4279ab58900,Buddy System,伙伴系统,"If you have exactly one Friend, its Cooldown and Your Core's Cooldown are reduced by 5/10/15%",如果只拥有一个伙伴，就使其冷却时间以及你核心的冷却时间各缩短5/10/15%,Medium / 中型,Silver / 白银,Silver/Gold/Diamond,Dooley / 杜利,Core / 核心 | Tech / 科技 | Friend / 伙伴,Cooldown / 冷却,Icon_Skill_BuddySystem.png,,,0
fb409226-bf38-4275-b775-7fab879a1d6f,Retool,上膛工具,"When you use a Tool, Reload an adjacent item",当你使用工具时，装填一件相邻物品,Medium / 中型,Diamond / 钻石,Diamond,Common / 通用,Tool / 工具,AmmoRef / 弹药引用,Icon_Skill_MON_EmergencyReload.png,,,0
fb4a4bf9-581c-4e36-aed7-b77ec7e515bb,Wild Strength,,You have +5% Crit Chance,[未翻译],Medium / 中型,Bronze / 青铜,Bronze/Silver/Gold/Diamond,Common / 通用,,Crit / 暴击,Icon_Skill_MON_PackLoyalty_02,,,0
fb502edf-88fa-48a4-bd99-5e368a38c9ab,Favorite Toy,最爱玩具,"Your leftmost Toy has +20/30/40 Damage, Shield and Heal",己方最左侧的玩具+20/30/40伤害、护盾和治疗,Medium / 中型,Silver / 白银,Silver/Gold/Diamond,Pygmalien / 皮格马利翁,Toy / 玩具,Damage / 伤害 | Shield / 护盾 | Heal / 治疗,Icon_Skill_PYG_FavoriteToy,,,0
fb89bd6d-2677-435a-a73a-e0350cdab29e,Overclocked,超频,Your Cores' Cooldown is reduced by 10/15%,己方核心的冷却时间缩短10/15%,Medium / 中型,Gold / 黄金,Gold/Diamond,Dooley / 杜利,Core / 核心,Cooldown / 冷却,Icon_Skill_DOO_Overclocked.png,,,0
fbbfbef7-8fe4-4ac0-81fa-09afb59e0fcc,Strength,力量,Your items have +5/10/20/40,己方物品+5/10/20/40,Medium / 中型,Bronze / 青铜,Bronze/Silver/Gold/Diamond,Jules / 朱尔斯 | Stelle / 斯黛拉 | Mak / 马克 | Dooley / 杜利 | Vanessa / 凡妮莎 | Pygmalien / 皮格马利翁 | Karnok,Weapon / 武器,DamageRef / 伤害引用,Icon_Skill_Strenght.png,,,0
fc46bfd9-e946-44e5-b097-f740b58f1808,Workout Routine,健身日常,"When you use a Tool, gain 20/40/60 Max Health",当你使用工具时，获得20/40/60最大生命值,Medium / 中型,Silver / 白银,Silver/Gold/Diamond,Common / 通用,Tool / 工具,Health / 生命值,Icon_Skills_MON_WorkOutRoutine,,,0
fcb51ffd-6d25-4e74-871a-7dc0de2bae91,Sparring Partner,格斗训练搭档,"When you would be defeated, Cleanse all Burn and Poison, double your Max Health and Heal to full. In addition, an enemy gains 1 Gold",当你即将战败时，清除所有灼烧和剧毒，使你的最大生命值翻倍并治疗至满。此外，一位敌人获得1金币,Medium / 中型,Legendary / 传奇,Diamond/Legendary,Common / 通用,,Heal / 治疗,Icon_Skill_MON_MoneyMachine.png,,,0
fd3f0e7b-27ac-4bde-87f8-5ec61b19c4f7,Sabotage,破坏行动,"The first 5/10 times you use a Tool each fight, Slow an item for 1 second(s)",每场战斗中前5/10次使用工具时，减速一件物品1秒,Medium / 中型,Gold / 黄金,Gold/Diamond,Vanessa / 凡妮莎 | Dooley / 杜利 | Stelle / 斯黛拉 | Jules / 朱尔斯 | Karnok,Tool / 工具,Slow / 减速,Icon_Skill_Sabotage.png,,,0
fd927bfc-ff5a-4d9c-87ce-b9510a22e444,Improvised Protection,临时防护,"When you Crit, your items gain 5/10/15",当你暴击时，己方物品获得5/10/15,Medium / 中型,Silver / 白银,Silver/Gold/Diamond,Vanessa / 凡妮莎 | Dooley / 杜利 | Jules / 朱尔斯 | Stelle / 斯黛拉 | Karnok,,ShieldRef / 护盾引用 | CritRef / 暴击引用,Icon_Skill_ImprovisedProtection.png,,,0
fdeee7b2-7c1f-48e0-8fe1-e5a43e7a6726,Dirty Dishes,脏盘子,"The first 5/10 times you use a Food each fight, Slow an item for 1 second(s)",每场战斗中首5/10次使用食物时，减速一件物品1秒,Medium / 中型,Gold / 黄金,Gold/Diamond,Jules / 朱尔斯,Food / 食物,Slow / 减速,Icon_Skill_JUL_DirtyDishes,,,0
fe8e65e6-69c7-4e1e-b92f-b23af65cb819,Quick Protection,,Your fastest Shield item has +4/12/24/40,[未翻译],Medium / 中型,Bronze / 青铜,Bronze/Silver/Gold/Diamond,Pygmalien / 皮格马利翁 | Vanessa / 凡妮莎 | Dooley / 杜利 | Jules / 朱尔斯 | Stelle / 斯黛拉,,ShieldRef / 护盾引用,Icon_Skill_RapidProtection.png,,,0
feac268f-c3aa-442b-8b14-ba9026156133,Feral Alliance,野性联盟,"When you Enrage, Charge your Friends 1/2 second(s)",当你进入暴怒状态时，充能己方伙伴1/2秒,Medium / 中型,Gold / 黄金,Gold/Diamond,Karnok,Friend / 伙伴,RageReference | Charge / 充能,Icon_Skill_KAR_FeralAlliance,,,0
ff37ca26-2e4a-49bc-982d-49ff434e7295,Flashy Reload,炫技装弹,"The first 3/6 times you Crit each fight, Reload another item",每场战斗中前3/6次暴击时，装填另一件物品,Medium / 中型,Gold / 黄金,Gold/Diamond,Vanessa / 凡妮莎 | Mak / 马克 | Karnok,,Ammo / 弹药 | CritRef / 暴击引用,Icon_Skill_FlashyReload.png,,,0
ffceb0c7-7913-4339-8013-f1bcc67cca9c,Firestarter,引火者,"At the start of each fight, Burn 15/25/35",每场战斗开始时，造成15/25/35灼烧,Medium / 中型,Silver / 白银,Silver/Gold/Diamond,Common / 通用,,Burn / 灼烧,Icon_Skill_MON_Pyromania_01.png,,,0
